Notes,States,States Code,Year,Year Code,Leading Cancer Sites,Leading Cancer Sites Code,Age Groups,Age Groups Code,Race,Race Code,Count,Population,Crude Rate,Crude Rate Lower 95% Confidence Interval,Crude Rate Upper 95% Confidence Interval,Crude Rate Standard Error
,Alabama,1,2019,2019,Brain and Other Nervous System,31010-31040,50-54 years,50-54,White,2106-3,19,227782,8.3,5,13,1.9
,Alabama,1,2019,2019,Brain and Other Nervous System,31010-31040,55-59 years,55-59,White,2106-3,24,250892,9.6,6.1,14.2,2
,Alabama,1,2019,2019,Brain and Other Nervous System,31010-31040,60-64 years ,60-64,White,2106-3,39,238791,16.3,11.6,22.3,2.6
,Alabama,1,2019,2019,Brain and Other Nervous System,31010-31040,65-69 years,65-69,White,2106-3,44,208963,21.1,15.3,28.3,3.2
,Alabama,1,2019,2019,Brain and Other Nervous System,31010-31040,70-74 years,70-74,White,2106-3,32,178502,17.9,12.3,25.3,3.2
,Alabama,1,2019,2019,Brain and Other Nervous System,31010-31040,75-79 years,75-79,White,2106-3,35,124010,28.2,19.7,39.3,4.8
,Alabama,1,2019,2019,Brain and Other Nervous System,31010-31040,80-84 years,80-84,White,2106-3,23,79471,28.9,18.3,43.4,6
,Alabama,1,2019,2019,Colon and Rectum,21041-21052,35-39 years,35-39,Black or African American,2054-5,17,89815,18.9,11,30.3,4.6
,Alabama,1,2019,2019,Colon and Rectum,21041-21052,35-39 years,35-39,White,2106-3,21,214098,9.8,6.1,15,2.1
,Alabama,1,2019,2019,Colon and Rectum,21041-21052,40-44 years,40-44,White,2106-3,67,205909,32.5,25.2,41.3,4
,Alabama,1,2019,2019,Colon and Rectum,21041-21052,45-49 years,45-49,Black or African American,2054-5,38,82393,46.1,32.6,63.3,7.5
,Alabama,1,2019,2019,Colon and Rectum,21041-21052,45-49 years,45-49,White,2106-3,89,226080,39.4,31.6,48.4,4.2
,Alabama,1,2019,2019,Colon and Rectum,21041-21052,50-54 years,50-54,Black or African American,2054-5,59,80335,73.4,55.9,94.7,9.6
,Alabama,1,2019,2019,Colon and Rectum,21041-21052,50-54 years,50-54,White,2106-3,160,227782,70.2,59.8,82,5.6
,Alabama,1,2019,2019,Colon and Rectum,21041-21052,55-59 years,55-59,Black or African American,2054-5,84,86998,96.6,77,119.5,10.5
,Alabama,1,2019,2019,Colon and Rectum,21041-21052,55-59 years,55-59,White,2106-3,179,250892,71.3,61.3,82.6,5.3
,Alabama,1,2019,2019,Colon and Rectum,21041-21052,60-64 years ,60-64,Black or African American,2054-5,85,82103,103.5,82.7,128,11.2
,Alabama,1,2019,2019,Colon and Rectum,21041-21052,60-64 years ,60-64,White,2106-3,247,238791,103.4,90.9,117.2,6.6
,Alabama,1,2019,2019,Colon and Rectum,21041-21052,65-69 years,65-69,Black or African American,2054-5,103,65948,156.2,127.5,189.4,15.4
,Alabama,1,2019,2019,Colon and Rectum,21041-21052,65-69 years,65-69,White,2106-3,277,208963,132.6,117.4,149.1,8
,Alabama,1,2019,2019,Colon and Rectum,21041-21052,70-74 years,70-74,Black or African American,2054-5,82,44233,185.4,147.4,230.1,20.5
,Alabama,1,2019,2019,Colon and Rectum,21041-21052,70-74 years,70-74,White,2106-3,256,178502,143.4,126.4,162.1,9
,Alabama,1,2019,2019,Colon and Rectum,21041-21052,75-79 years,75-79,Black or African American,2054-5,62,26615,233,178.6,298.6,29.6
,Alabama,1,2019,2019,Colon and Rectum,21041-21052,75-79 years,75-79,White,2106-3,218,124010,175.8,153.2,200.7,11.9
,Alabama,1,2019,2019,Colon and Rectum,21041-21052,80-84 years,80-84,Black or African American,2054-5,42,17018,246.8,177.9,333.6,38.1
,Alabama,1,2019,2019,Colon and Rectum,21041-21052,80-84 years,80-84,White,2106-3,171,79471,215.2,184.1,250,16.5
,Alabama,1,2019,2019,Colon and Rectum,21041-21052,85+ years,85+,Black or African American,2054-5,41,15284,268.3,192.5,363.9,41.9
,Alabama,1,2019,2019,Colon and Rectum,21041-21052,85+ years,85+,White,2106-3,164,69230,236.9,202,276.1,18.5
,Alabama,1,2019,2019,Leukemias,35011-35043,45-49 years,45-49,White,2106-3,19,226080,8.4,5.1,13.1,1.9
,Alabama,1,2019,2019,Leukemias,35011-35043,50-54 years,50-54,White,2106-3,17,227782,7.5,4.3,11.9,1.8
,Alabama,1,2019,2019,Leukemias,35011-35043,55-59 years,55-59,White,2106-3,49,250892,19.5,14.4,25.8,2.8
,Alabama,1,2019,2019,Leukemias,35011-35043,60-64 years ,60-64,White,2106-3,43,238791,18,13,24.3,2.7
,Alabama,1,2019,2019,Leukemias,35011-35043,65-69 years,65-69,Black or African American,2054-5,25,65948,37.9,24.5,56,7.6
,Alabama,1,2019,2019,Leukemias,35011-35043,65-69 years,65-69,White,2106-3,63,208963,30.1,23.2,38.6,3.8
,Alabama,1,2019,2019,Leukemias,35011-35043,70-74 years,70-74,Black or African American,2054-5,18,44233,40.7,24.1,64.3,9.6
,Alabama,1,2019,2019,Leukemias,35011-35043,70-74 years,70-74,White,2106-3,94,178502,52.7,42.6,64.4,5.4
,Alabama,1,2019,2019,Leukemias,35011-35043,75-79 years,75-79,White,2106-3,75,124010,60.5,47.6,75.8,7
,Alabama,1,2019,2019,Leukemias,35011-35043,80-84 years,80-84,White,2106-3,55,79471,69.2,52.1,90.1,9.3
,Alabama,1,2019,2019,Leukemias,35011-35043,85+ years,85+,White,2106-3,55,69230,79.4,59.8,103.4,10.7
,Alabama,1,2019,2019,Myeloma,34000,55-59 years,55-59,Black or African American,2054-5,26,86998,29.9,19.5,43.8,5.9
,Alabama,1,2019,2019,Myeloma,34000,55-59 years,55-59,White,2106-3,23,250892,9.2,5.8,13.8,1.9
,Alabama,1,2019,2019,Myeloma,34000,60-64 years ,60-64,Black or African American,2054-5,25,82103,30.4,19.7,44.9,6.1
,Alabama,1,2019,2019,Myeloma,34000,60-64 years ,60-64,White,2106-3,37,238791,15.5,10.9,21.4,2.5
,Alabama,1,2019,2019,Myeloma,34000,65-69 years,65-69,Black or African American,2054-5,44,65948,66.7,48.5,89.6,10.1
,Alabama,1,2019,2019,Myeloma,34000,65-69 years,65-69,White,2106-3,38,208963,18.2,12.9,25,3
,Alabama,1,2019,2019,Myeloma,34000,70-74 years,70-74,Black or African American,2054-5,26,44233,58.8,38.4,86.1,11.5
,Alabama,1,2019,2019,Myeloma,34000,70-74 years,70-74,White,2106-3,47,178502,26.3,19.3,35,3.8
,Alabama,1,2019,2019,Myeloma,34000,75-79 years,75-79,Black or African American,2054-5,22,26615,82.7,51.8,125.1,17.6
,Alabama,1,2019,2019,Myeloma,34000,75-79 years,75-79,White,2106-3,51,124010,41.1,30.6,54.1,5.8
,Alabama,1,2019,2019,Myeloma,34000,80-84 years,80-84,Black or African American,2054-5,20,17018,117.5,71.8,181.5,26.3
,Alabama,1,2019,2019,Myeloma,34000,80-84 years,80-84,White,2106-3,25,79471,31.5,20.4,46.4,6.3
,Alabama,1,2019,2019,Myeloma,34000,85+ years,85+,White,2106-3,22,69230,31.8,19.9,48.1,6.8
,Alabama,1,2019,2019,Stomach,21020,55-59 years,55-59,Black or African American,2054-5,18,86998,20.7,12.3,32.7,4.9
,Alabama,1,2019,2019,Stomach,21020,55-59 years,55-59,White,2106-3,18,250892,7.2,4.3,11.3,1.7
,Alabama,1,2019,2019,Stomach,21020,60-64 years ,60-64,Black or African American,2054-5,22,82103,26.8,16.8,40.6,5.7
,Alabama,1,2019,2019,Stomach,21020,60-64 years ,60-64,White,2106-3,27,238791,11.3,7.5,16.5,2.2
,Alabama,1,2019,2019,Stomach,21020,65-69 years,65-69,Black or African American,2054-5,23,65948,34.9,22.1,52.3,7.3
,Alabama,1,2019,2019,Stomach,21020,65-69 years,65-69,White,2106-3,36,208963,17.2,12.1,23.9,2.9
,Alabama,1,2019,2019,Stomach,21020,70-74 years,70-74,Black or African American,2054-5,16,44233,36.2,20.7,58.7,9
,Alabama,1,2019,2019,Stomach,21020,70-74 years,70-74,White,2106-3,59,178502,33.1,25.2,42.6,4.3
,Alabama,1,2019,2019,Stomach,21020,75-79 years,75-79,White,2106-3,41,124010,33.1,23.7,44.9,5.2
,Alabama,1,2019,2019,Stomach,21020,80-84 years,80-84,White,2106-3,29,79471,36.5,24.4,52.4,6.8
,Alabama,1,2019,2019,Stomach,21020,85+ years,85+,White,2106-3,17,69230,24.6,14.3,39.3,6
,Alabama,1,2019,2019,Thyroid,32010,25-29 years,25-29,White,2106-3,24,219914,10.9,7,16.2,2.2
,Alabama,1,2019,2019,Thyroid,32010,30-34 years,30-34,White,2106-3,24,212282,11.3,7.2,16.8,2.3
,Alabama,1,2019,2019,Thyroid,32010,35-39 years,35-39,White,2106-3,26,214098,12.1,7.9,17.8,2.4
,Alabama,1,2019,2019,Thyroid,32010,40-44 years,40-44,White,2106-3,36,205909,17.5,12.2,24.2,2.9
,Alabama,1,2019,2019,Thyroid,32010,45-49 years,45-49,White,2106-3,43,226080,19,13.8,25.6,2.9
,Alabama,1,2019,2019,Thyroid,32010,50-54 years,50-54,White,2106-3,28,227782,12.3,8.2,17.8,2.3
,Alabama,1,2019,2019,Thyroid,32010,55-59 years,55-59,Black or African American,2054-5,16,86998,18.4,10.5,29.9,4.6
,Alabama,1,2019,2019,Thyroid,32010,55-59 years,55-59,White,2106-3,34,250892,13.6,9.4,18.9,2.3
,Alabama,1,2019,2019,Thyroid,32010,60-64 years ,60-64,White,2106-3,34,238791,14.2,9.9,19.9,2.4
,Alabama,1,2019,2019,Thyroid,32010,65-69 years,65-69,White,2106-3,36,208963,17.2,12.1,23.9,2.9
,Alabama,1,2019,2019,Thyroid,32010,70-74 years,70-74,White,2106-3,34,178502,19,13.2,26.6,3.3
,Alabama,1,2019,2019,Thyroid,32010,75-79 years,75-79,White,2106-3,27,124010,21.8,14.3,31.7,4.2
,Alaska,2,2019,2019,Colon and Rectum,21041-21052,50-54 years,50-54,White,2106-3,17,31435,54.1,31.5,86.6,13.1
,Alaska,2,2019,2019,Colon and Rectum,21041-21052,55-59 years,55-59,White,2106-3,23,36553,62.9,39.9,94.4,13.1
,Alaska,2,2019,2019,Colon and Rectum,21041-21052,60-64 years ,60-64,White,2106-3,29,34972,82.9,55.5,119.1,15.4
,Alaska,2,2019,2019,Colon and Rectum,21041-21052,65-69 years,65-69,White,2106-3,22,28374,77.5,48.6,117.4,16.5
,Alaska,2,2019,2019,Colon and Rectum,21041-21052,70-74 years,70-74,American Indian or Alaska Native,1002-5,17,3011,564.6,328.9,904,136.9
,Alaska,2,2019,2019,Colon and Rectum,21041-21052,70-74 years,70-74,White,2106-3,24,19453,123.4,79,183.6,25.2
,Alaska,2,2019,2019,Colon and Rectum,21041-21052,75-79 years,75-79,White,2106-3,20,11479,174.2,106.4,269.1,39
,Arizona,4,2019,2019,Brain and Other Nervous System,31010-31040,30-34 years,30-34,White,2106-3,23,374547,6.1,3.9,9.2,1.3
,Arizona,4,2019,2019,Brain and Other Nervous System,31010-31040,40-44 years,40-44,White,2106-3,20,344989,5.8,3.5,9,1.3
,Arizona,4,2019,2019,Brain and Other Nervous System,31010-31040,45-49 years,45-49,White,2106-3,21,355465,5.9,3.7,9,1.3
,Arizona,4,2019,2019,Brain and Other Nervous System,31010-31040,50-54 years,50-54,White,2106-3,25,351314,7.1,4.6,10.5,1.4
,Arizona,4,2019,2019,Brain and Other Nervous System,31010-31040,55-59 years,55-59,White,2106-3,38,383628,9.9,7,13.6,1.6
,Arizona,4,2019,2019,Brain and Other Nervous System,31010-31040,60-64 years ,60-64,White,2106-3,52,376842,13.8,10.3,18.1,1.9
,Arizona,4,2019,2019,Brain and Other Nervous System,31010-31040,65-69 years,65-69,White,2106-3,65,353171,18.4,14.2,23.5,2.3
,Arizona,4,2019,2019,Brain and Other Nervous System,31010-31040,70-74 years,70-74,White,2106-3,60,316647,18.9,14.5,24.4,2.4
,Arizona,4,2019,2019,Brain and Other Nervous System,31010-31040,75-79 years,75-79,White,2106-3,56,224116,25,18.9,32.4,3.3
,Arizona,4,2019,2019,Brain and Other Nervous System,31010-31040,80-84 years,80-84,White,2106-3,34,139006,24.5,16.9,34.2,4.2
,Arizona,4,2019,2019,Brain and Other Nervous System,31010-31040,85+ years,85+,White,2106-3,24,125332,19.1,12.3,28.5,3.9
,Arizona,4,2019,2019,Colon and Rectum,21041-21052,30-34 years,30-34,White,2106-3,22,374547,5.9,3.7,8.9,1.3
,Arizona,4,2019,2019,Colon and Rectum,21041-21052,35-39 years,35-39,White,2106-3,38,373016,10.2,7.2,14,1.7
,Arizona,4,2019,2019,Colon and Rectum,21041-21052,40-44 years,40-44,White,2106-3,68,344989,19.7,15.3,25,2.4
,Arizona,4,2019,2019,Colon and Rectum,21041-21052,45-49 years,45-49,White,2106-3,108,355465,30.4,24.9,36.7,2.9
,Arizona,4,2019,2019,Colon and Rectum,21041-21052,50-54 years,50-54,American Indian or Alaska Native,1002-5,16,20311,78.8,45,127.9,19.7
,Arizona,4,2019,2019,Colon and Rectum,21041-21052,50-54 years,50-54,White,2106-3,166,351314,47.3,40.3,55,3.7
,Arizona,4,2019,2019,Colon and Rectum,21041-21052,55-59 years,55-59,White,2106-3,238,383628,62,54.4,70.4,4
,Arizona,4,2019,2019,Colon and Rectum,21041-21052,60-64 years ,60-64,American Indian or Alaska Native,1002-5,19,17159,110.7,66.7,172.9,25.4
,Arizona,4,2019,2019,Colon and Rectum,21041-21052,60-64 years ,60-64,Black or African American,2054-5,22,18042,121.9,76.4,184.6,26
,Arizona,4,2019,2019,Colon and Rectum,21041-21052,60-64 years ,60-64,White,2106-3,299,376842,79.3,70.6,88.9,4.6
,Arizona,4,2019,2019,Colon and Rectum,21041-21052,65-69 years,65-69,White,2106-3,371,353171,105,94.6,116.3,5.5
,Arizona,4,2019,2019,Colon and Rectum,21041-21052,70-74 years,70-74,White,2106-3,365,316647,115.3,103.7,127.7,6
,Arizona,4,2019,2019,Colon and Rectum,21041-21052,75-79 years,75-79,White,2106-3,321,224116,143.2,128,159.8,8
,Arizona,4,2019,2019,Colon and Rectum,21041-21052,80-84 years,80-84,White,2106-3,268,139006,192.8,170.4,217.3,11.8
,Arizona,4,2019,2019,Colon and Rectum,21041-21052,85+ years,85+,White,2106-3,301,125332,240.2,213.8,268.9,13.8
,Arizona,4,2019,2019,Leukemias,35011-35043,1-4 years,01-Apr,White,2106-3,35,261116,13.4,9.3,18.6,2.3
,Arizona,4,2019,2019,Leukemias,35011-35043,5-9 years,05-Sep,White,2106-3,16,344176,4.6,2.7,7.5,1.2
,Arizona,4,2019,2019,Leukemias,35011-35043,10-14 years,Oct-14,White,2106-3,17,383442,4.4,2.6,7.1,1.1
,Arizona,4,2019,2019,Leukemias,35011-35043,15-19 years,15-19,White,2106-3,16,382098,4.2,2.4,6.8,1
,Arizona,4,2019,2019,Leukemias,35011-35043,40-44 years,40-44,White,2106-3,19,344989,5.5,3.3,8.6,1.3
,Arizona,4,2019,2019,Leukemias,35011-35043,45-49 years,45-49,White,2106-3,32,355465,9,6.2,12.7,1.6
,Arizona,4,2019,2019,Leukemias,35011-35043,50-54 years,50-54,White,2106-3,46,351314,13.1,9.6,17.5,1.9
,Arizona,4,2019,2019,Leukemias,35011-35043,55-59 years,55-59,White,2106-3,63,383628,16.4,12.6,21,2.1
,Arizona,4,2019,2019,Leukemias,35011-35043,60-64 years ,60-64,White,2106-3,82,376842,21.8,17.3,27,2.4
,Arizona,4,2019,2019,Leukemias,35011-35043,65-69 years,65-69,White,2106-3,111,353171,31.4,25.9,37.8,3
,Arizona,4,2019,2019,Leukemias,35011-35043,70-74 years,70-74,White,2106-3,134,316647,42.3,35.5,50.1,3.7
,Arizona,4,2019,2019,Leukemias,35011-35043,75-79 years,75-79,White,2106-3,126,224116,56.2,46.8,66.9,5
,Arizona,4,2019,2019,Leukemias,35011-35043,80-84 years,80-84,White,2106-3,92,139006,66.2,53.4,81.2,6.9
,Arizona,4,2019,2019,Leukemias,35011-35043,85+ years,85+,White,2106-3,110,125332,87.8,72.1,105.8,8.4
,Arizona,4,2019,2019,Myeloma,34000,50-54 years,50-54,White,2106-3,24,351314,6.8,4.4,10.2,1.4
,Arizona,4,2019,2019,Myeloma,34000,55-59 years,55-59,White,2106-3,33,383628,8.6,5.9,12.1,1.5
,Arizona,4,2019,2019,Myeloma,34000,60-64 years ,60-64,White,2106-3,58,376842,15.4,11.7,19.9,2
,Arizona,4,2019,2019,Myeloma,34000,65-69 years,65-69,White,2106-3,93,353171,26.3,21.3,32.3,2.7
,Arizona,4,2019,2019,Myeloma,34000,70-74 years,70-74,White,2106-3,96,316647,30.3,24.6,37,3.1
,Arizona,4,2019,2019,Myeloma,34000,75-79 years,75-79,White,2106-3,79,224116,35.2,27.9,43.9,4
,Arizona,4,2019,2019,Myeloma,34000,80-84 years,80-84,White,2106-3,57,139006,41,31.1,53.1,5.4
,Arizona,4,2019,2019,Myeloma,34000,85+ years,85+,White,2106-3,40,125332,31.9,22.8,43.5,5
,Arizona,4,2019,2019,Stomach,21020,50-54 years,50-54,White,2106-3,26,351314,7.4,4.8,10.8,1.5
,Arizona,4,2019,2019,Stomach,21020,55-59 years,55-59,White,2106-3,40,383628,10.4,7.4,14.2,1.6
,Arizona,4,2019,2019,Stomach,21020,60-64 years ,60-64,White,2106-3,46,376842,12.2,8.9,16.3,1.8
,Arizona,4,2019,2019,Stomach,21020,65-69 years,65-69,White,2106-3,74,353171,21,16.5,26.3,2.4
,Arizona,4,2019,2019,Stomach,21020,70-74 years,70-74,White,2106-3,74,316647,23.4,18.4,29.3,2.7
,Arizona,4,2019,2019,Stomach,21020,75-79 years,75-79,White,2106-3,60,224116,26.8,20.4,34.5,3.5
,Arizona,4,2019,2019,Stomach,21020,80-84 years,80-84,White,2106-3,39,139006,28.1,20,38.4,4.5
,Arizona,4,2019,2019,Stomach,21020,85+ years,85+,White,2106-3,24,125332,19.1,12.3,28.5,3.9
,Arizona,4,2019,2019,Thyroid,32010,20-24 years,20-24,White,2106-3,25,383370,6.5,4.2,9.6,1.3
,Arizona,4,2019,2019,Thyroid,32010,25-29 years,25-29,White,2106-3,36,399823,9,6.3,12.5,1.5
,Arizona,4,2019,2019,Thyroid,32010,30-34 years,30-34,White,2106-3,57,374547,15.2,11.5,19.7,2
,Arizona,4,2019,2019,Thyroid,32010,35-39 years,35-39,White,2106-3,76,373016,20.4,16.1,25.5,2.3
,Arizona,4,2019,2019,Thyroid,32010,40-44 years,40-44,White,2106-3,70,344989,20.3,15.8,25.6,2.4
,Arizona,4,2019,2019,Thyroid,32010,45-49 years,45-49,White,2106-3,77,355465,21.7,17.1,27.1,2.5
,Arizona,4,2019,2019,Thyroid,32010,50-54 years,50-54,White,2106-3,71,351314,20.2,15.8,25.5,2.4
,Arizona,4,2019,2019,Thyroid,32010,55-59 years,55-59,White,2106-3,113,383628,29.5,24.3,35.4,2.8
,Arizona,4,2019,2019,Thyroid,32010,60-64 years ,60-64,White,2106-3,81,376842,21.5,17.1,26.7,2.4
,Arizona,4,2019,2019,Thyroid,32010,65-69 years,65-69,White,2106-3,87,353171,24.6,19.7,30.4,2.6
,Arizona,4,2019,2019,Thyroid,32010,70-74 years,70-74,White,2106-3,69,316647,21.8,17,27.6,2.6
,Arizona,4,2019,2019,Thyroid,32010,75-79 years,75-79,White,2106-3,30,224116,13.4,9,19.1,2.4
,Arizona,4,2019,2019,Thyroid,32010,80-84 years,80-84,White,2106-3,22,139006,15.8,9.9,24,3.4
,Arkansas,5,2019,2019,Brain and Other Nervous System,31010-31040,55-59 years,55-59,White,2106-3,22,164892,13.3,8.4,20.2,2.8
,Arkansas,5,2019,2019,Brain and Other Nervous System,31010-31040,60-64 years ,60-64,White,2106-3,24,155330,15.5,9.9,23,3.2
,Arkansas,5,2019,2019,Brain and Other Nervous System,31010-31040,65-69 years,65-69,White,2106-3,22,138145,15.9,10,24.1,3.4
,Arkansas,5,2019,2019,Brain and Other Nervous System,31010-31040,70-74 years,70-74,White,2106-3,33,118571,27.8,19.2,39.1,4.8
,Arkansas,5,2019,2019,Brain and Other Nervous System,31010-31040,75-79 years,75-79,White,2106-3,22,83998,26.2,16.4,39.7,5.6
,Arkansas,5,2019,2019,Colon and Rectum,21041-21052,35-39 years,35-39,White,2106-3,19,152897,12.4,7.5,19.4,2.9
,Arkansas,5,2019,2019,Colon and Rectum,21041-21052,40-44 years,40-44,White,2106-3,31,143163,21.7,14.7,30.7,3.9
,Arkansas,5,2019,2019,Colon and Rectum,21041-21052,45-49 years,45-49,Black or African American,2054-5,16,27106,59,33.7,95.9,14.8
,Arkansas,5,2019,2019,Colon and Rectum,21041-21052,45-49 years,45-49,White,2106-3,70,150088,46.6,36.4,58.9,5.6
,Arkansas,5,2019,2019,Colon and Rectum,21041-21052,50-54 years,50-54,Black or African American,2054-5,21,26699,78.7,48.7,120.2,17.2
,Arkansas,5,2019,2019,Colon and Rectum,21041-21052,50-54 years,50-54,White,2106-3,107,148025,72.3,59.2,87.3,7
,Arkansas,5,2019,2019,Colon and Rectum,21041-21052,55-59 years,55-59,Black or African American,2054-5,29,28958,100.1,67.1,143.8,18.6
,Arkansas,5,2019,2019,Colon and Rectum,21041-21052,55-59 years,55-59,White,2106-3,130,164892,78.8,65.9,93.6,6.9
,Arkansas,5,2019,2019,Colon and Rectum,21041-21052,60-64 years ,60-64,Black or African American,2054-5,49,27280,179.6,132.9,237.5,25.7
,Arkansas,5,2019,2019,Colon and Rectum,21041-21052,60-64 years ,60-64,White,2106-3,153,155330,98.5,83.5,115.4,8
,Arkansas,5,2019,2019,Colon and Rectum,21041-21052,65-69 years,65-69,Black or African American,2054-5,43,21895,196.4,142.1,264.5,29.9
,Arkansas,5,2019,2019,Colon and Rectum,21041-21052,65-69 years,65-69,White,2106-3,206,138145,149.1,129.4,170.9,10.4
,Arkansas,5,2019,2019,Colon and Rectum,21041-21052,70-74 years,70-74,Black or African American,2054-5,38,13847,274.4,194.2,376.7,44.5
,Arkansas,5,2019,2019,Colon and Rectum,21041-21052,70-74 years,70-74,White,2106-3,233,118571,196.5,172.1,223.4,12.9
,Arkansas,5,2019,2019,Colon and Rectum,21041-21052,75-79 years,75-79,Black or African American,2054-5,27,8121,332.5,219.1,483.7,64
,Arkansas,5,2019,2019,Colon and Rectum,21041-21052,75-79 years,75-79,White,2106-3,171,83998,203.6,174.2,236.5,15.6
,Arkansas,5,2019,2019,Colon and Rectum,21041-21052,80-84 years,80-84,Black or African American,2054-5,29,5014,578.4,387.3,830.6,107.4
,Arkansas,5,2019,2019,Colon and Rectum,21041-21052,80-84 years,80-84,White,2106-3,134,53509,250.4,209.8,296.6,21.6
,Arkansas,5,2019,2019,Colon and Rectum,21041-21052,85+ years,85+,Black or African American,2054-5,17,5015,339,197.5,542.7,82.2
,Arkansas,5,2019,2019,Colon and Rectum,21041-21052,85+ years,85+,White,2106-3,130,48753,266.7,222.8,316.6,23.4
,Arkansas,5,2019,2019,Leukemias,35011-35043,45-49 years,45-49,White,2106-3,19,150088,12.7,7.6,19.8,2.9
,Arkansas,5,2019,2019,Leukemias,35011-35043,50-54 years,50-54,White,2106-3,25,148025,16.9,10.9,24.9,3.4
,Arkansas,5,2019,2019,Leukemias,35011-35043,55-59 years,55-59,White,2106-3,42,164892,25.5,18.4,34.4,3.9
,Arkansas,5,2019,2019,Leukemias,35011-35043,60-64 years ,60-64,White,2106-3,53,155330,34.1,25.6,44.6,4.7
,Arkansas,5,2019,2019,Leukemias,35011-35043,65-69 years,65-69,White,2106-3,58,138145,42,31.9,54.3,5.5
,Arkansas,5,2019,2019,Leukemias,35011-35043,70-74 years,70-74,White,2106-3,85,118571,71.7,57.3,88.6,7.8
,Arkansas,5,2019,2019,Leukemias,35011-35043,75-79 years,75-79,White,2106-3,66,83998,78.6,60.8,100,9.7
,Arkansas,5,2019,2019,Leukemias,35011-35043,80-84 years,80-84,White,2106-3,48,53509,89.7,66.1,118.9,12.9
,Arkansas,5,2019,2019,Leukemias,35011-35043,85+ years,85+,White,2106-3,50,48753,102.6,76.1,135.2,14.5
,Arkansas,5,2019,2019,Myeloma,34000,55-59 years,55-59,White,2106-3,24,164892,14.6,9.3,21.7,3
,Arkansas,5,2019,2019,Myeloma,34000,60-64 years ,60-64,White,2106-3,25,155330,16.1,10.4,23.8,3.2
,Arkansas,5,2019,2019,Myeloma,34000,65-69 years,65-69,White,2106-3,24,138145,17.4,11.1,25.8,3.5
,Arkansas,5,2019,2019,Myeloma,34000,70-74 years,70-74,White,2106-3,39,118571,32.9,23.4,45,5.3
,Arkansas,5,2019,2019,Myeloma,34000,75-79 years,75-79,White,2106-3,37,83998,44,31,60.7,7.2
,Arkansas,5,2019,2019,Myeloma,34000,80-84 years,80-84,White,2106-3,20,53509,37.4,22.8,57.7,8.4
,Arkansas,5,2019,2019,Myeloma,34000,85+ years,85+,White,2106-3,20,48753,41,25.1,63.4,9.2
,Arkansas,5,2019,2019,Stomach,21020,55-59 years,55-59,White,2106-3,25,164892,15.2,9.8,22.4,3
,Arkansas,5,2019,2019,Stomach,21020,60-64 years ,60-64,White,2106-3,38,155330,24.5,17.3,33.6,4
,Arkansas,5,2019,2019,Stomach,21020,65-69 years,65-69,White,2106-3,25,138145,18.1,11.7,26.7,3.6
,Arkansas,5,2019,2019,Stomach,21020,70-74 years,70-74,White,2106-3,32,118571,27,18.5,38.1,4.8
,Arkansas,5,2019,2019,Stomach,21020,75-79 years,75-79,White,2106-3,36,83998,42.9,30,59.3,7.1
,Arkansas,5,2019,2019,Stomach,21020,80-84 years,80-84,White,2106-3,16,53509,29.9,17.1,48.6,7.5
,Arkansas,5,2019,2019,Thyroid,32010,25-29 years,25-29,White,2106-3,17,153597,11.1,6.4,17.7,2.7
,Arkansas,5,2019,2019,Thyroid,32010,30-34 years,30-34,White,2106-3,24,149090,16.1,10.3,24,3.3
,Arkansas,5,2019,2019,Thyroid,32010,35-39 years,35-39,White,2106-3,25,152897,16.4,10.6,24.1,3.3
,Arkansas,5,2019,2019,Thyroid,32010,40-44 years,40-44,White,2106-3,23,143163,16.1,10.2,24.1,3.3
,Arkansas,5,2019,2019,Thyroid,32010,45-49 years,45-49,White,2106-3,30,150088,20,13.5,28.5,3.6
,Arkansas,5,2019,2019,Thyroid,32010,50-54 years,50-54,White,2106-3,37,148025,25,17.6,34.5,4.1
,Arkansas,5,2019,2019,Thyroid,32010,55-59 years,55-59,White,2106-3,32,164892,19.4,13.3,27.4,3.4
,Arkansas,5,2019,2019,Thyroid,32010,60-64 years ,60-64,White,2106-3,35,155330,22.5,15.7,31.3,3.8
,Arkansas,5,2019,2019,Thyroid,32010,65-69 years,65-69,White,2106-3,31,138145,22.4,15.2,31.9,4
,Arkansas,5,2019,2019,Thyroid,32010,70-74 years,70-74,White,2106-3,34,118571,28.7,19.9,40.1,4.9
,Arkansas,5,2019,2019,Thyroid,32010,75-79 years,75-79,White,2106-3,41,83998,48.8,35,66.2,7.6
,California,6,2019,2019,Brain and Other Nervous System,31010-31040,1-4 years,01-Apr,White,2106-3,52,1396006,3.7,2.8,4.9,0.5
,California,6,2019,2019,Brain and Other Nervous System,31010-31040,5-9 years,05-Sep,White,2106-3,60,1842448,3.3,2.5,4.2,0.4
,California,6,2019,2019,Brain and Other Nervous System,31010-31040,10-14 years,Oct-14,White,2106-3,51,1960235,2.6,1.9,3.4,0.4
,California,6,2019,2019,Brain and Other Nervous System,31010-31040,15-19 years,15-19,White,2106-3,30,1926517,1.6,1.1,2.2,0.3
,California,6,2019,2019,Brain and Other Nervous System,31010-31040,20-24 years,20-24,White,2106-3,37,1943439,1.9,1.3,2.6,0.3
,California,6,2019,2019,Brain and Other Nervous System,31010-31040,25-29 years,25-29,White,2106-3,48,2177500,2.2,1.6,2.9,0.3
,California,6,2019,2019,Brain and Other Nervous System,31010-31040,30-34 years,30-34,White,2106-3,75,2102345,3.6,2.8,4.5,0.4
,California,6,2019,2019,Brain and Other Nervous System,31010-31040,35-39 years,35-39,White,2106-3,66,2019522,3.3,2.5,4.2,0.4
,California,6,2019,2019,Brain and Other Nervous System,31010-31040,40-44 years,40-44,White,2106-3,98,1816074,5.4,4.4,6.6,0.5
,California,6,2019,2019,Brain and Other Nervous System,31010-31040,45-49 years,45-49,White,2106-3,104,1836121,5.7,4.6,6.9,0.6
,California,6,2019,2019,Brain and Other Nervous System,31010-31040,50-54 years,50-54,Asian or Pacific Islander,A-PI,17,435240,3.9,2.3,6.3,0.9
,California,6,2019,2019,Brain and Other Nervous System,31010-31040,50-54 years,50-54,White,2106-3,143,1835803,7.8,6.6,9.2,0.7
,California,6,2019,2019,Brain and Other Nervous System,31010-31040,55-59 years,55-59,Black or African American,2054-5,16,185306,8.6,4.9,14,2.2
,California,6,2019,2019,Brain and Other Nervous System,31010-31040,55-59 years,55-59,White,2106-3,210,1888765,11.1,9.7,12.7,0.8
,California,6,2019,2019,Brain and Other Nervous System,31010-31040,60-64 years ,60-64,Asian or Pacific Islander,A-PI,29,387175,7.5,5,10.8,1.4
,California,6,2019,2019,Brain and Other Nervous System,31010-31040,60-64 years ,60-64,White,2106-3,241,1709710,14.1,12.4,16,0.9
,California,6,2019,2019,Brain and Other Nervous System,31010-31040,65-69 years,65-69,Asian or Pacific Islander,A-PI,24,328970,7.3,4.7,10.9,1.5
,California,6,2019,2019,Brain and Other Nervous System,31010-31040,65-69 years,65-69,White,2106-3,257,1417642,18.1,16,20.5,1.1
,California,6,2019,2019,Brain and Other Nervous System,31010-31040,70-74 years,70-74,Asian or Pacific Islander,A-PI,25,247149,10.1,6.5,14.9,2
,California,6,2019,2019,Brain and Other Nervous System,31010-31040,70-74 years,70-74,White,2106-3,224,1128444,19.9,17.3,22.6,1.3
,California,6,2019,2019,Brain and Other Nervous System,31010-31040,75-79 years,75-79,Asian or Pacific Islander,A-PI,20,161065,12.4,7.6,19.2,2.8
,California,6,2019,2019,Brain and Other Nervous System,31010-31040,75-79 years,75-79,White,2106-3,173,755993,22.9,19.6,26.6,1.7
,California,6,2019,2019,Brain and Other Nervous System,31010-31040,80-84 years,80-84,White,2106-3,110,495411,22.2,18.2,26.8,2.1
,California,6,2019,2019,Brain and Other Nervous System,31010-31040,85+ years,85+,White,2106-3,102,524562,19.4,15.9,23.6,1.9
,California,6,2019,2019,Colon and Rectum,21041-21052,15-19 years,15-19,White,2106-3,24,1926517,1.2,0.8,1.9,0.3
,California,6,2019,2019,Colon and Rectum,21041-21052,20-24 years,20-24,White,2106-3,45,1943439,2.3,1.7,3.1,0.3
,California,6,2019,2019,Colon and Rectum,21041-21052,25-29 years,25-29,White,2106-3,69,2177500,3.2,2.5,4,0.4
,California,6,2019,2019,Colon and Rectum,21041-21052,30-34 years,30-34,Asian or Pacific Islander,A-PI,28,558756,5,3.3,7.2,0.9
,California,6,2019,2019,Colon and Rectum,21041-21052,30-34 years,30-34,Black or African American,2054-5,16,227503,7,4,11.4,1.8
,California,6,2019,2019,Colon and Rectum,21041-21052,30-34 years,30-34,White,2106-3,143,2102345,6.8,5.7,8,0.6
,California,6,2019,2019,Colon and Rectum,21041-21052,35-39 years,35-39,Asian or Pacific Islander,A-PI,46,534466,8.6,6.3,11.5,1.3
,California,6,2019,2019,Colon and Rectum,21041-21052,35-39 years,35-39,Black or African American,2054-5,17,200032,8.5,5,13.6,2.1
,California,6,2019,2019,Colon and Rectum,21041-21052,35-39 years,35-39,White,2106-3,257,2019522,12.7,11.2,14.4,0.8
,California,6,2019,2019,Colon and Rectum,21041-21052,40-44 years,40-44,Asian or Pacific Islander,A-PI,99,483624,20.5,16.6,24.9,2.1
,California,6,2019,2019,Colon and Rectum,21041-21052,40-44 years,40-44,Black or African American,2054-5,34,176924,19.2,13.3,26.9,3.3
,California,6,2019,2019,Colon and Rectum,21041-21052,40-44 years,40-44,White,2106-3,385,1816074,21.2,19.1,23.4,1.1
,California,6,2019,2019,Colon and Rectum,21041-21052,45-49 years,45-49,Asian or Pacific Islander,A-PI,155,486663,31.8,27,37.3,2.6
,California,6,2019,2019,Colon and Rectum,21041-21052,45-49 years,45-49,Black or African American,2054-5,61,173969,35.1,26.8,45,4.5
,California,6,2019,2019,Colon and Rectum,21041-21052,45-49 years,45-49,White,2106-3,615,1836121,33.5,30.9,36.2,1.4
,California,6,2019,2019,Colon and Rectum,21041-21052,45-49 years,45-49,Other Races and Unknown combined,2131-1,25,Not Applicable,Not Applicable,Not Applicable,Not Applicable,Not Applicable
,California,6,2019,2019,Colon and Rectum,21041-21052,50-54 years,50-54,American Indian or Alaska Native,1002-5,19,47010,40.4,24.3,63.1,9.3
,California,6,2019,2019,Colon and Rectum,21041-21052,50-54 years,50-54,Asian or Pacific Islander,A-PI,267,435240,61.3,54.2,69.2,3.8
,California,6,2019,2019,Colon and Rectum,21041-21052,50-54 years,50-54,Black or African American,2054-5,117,178771,65.4,54.1,78.4,6.1
,California,6,2019,2019,Colon and Rectum,21041-21052,50-54 years,50-54,White,2106-3,1078,1835803,58.7,55.3,62.3,1.8
,California,6,2019,2019,Colon and Rectum,21041-21052,50-54 years,50-54,Other Races and Unknown combined,2131-1,46,Not Applicable,Not Applicable,Not Applicable,Not Applicable,Not Applicable
,California,6,2019,2019,Colon and Rectum,21041-21052,55-59 years,55-59,American Indian or Alaska Native,1002-5,17,45745,37.2,21.6,59.5,9
,California,6,2019,2019,Colon and Rectum,21041-21052,55-59 years,55-59,Asian or Pacific Islander,A-PI,235,425770,55.2,48.4,62.7,3.6
,California,6,2019,2019,Colon and Rectum,21041-21052,55-59 years,55-59,Black or African American,2054-5,124,185306,66.9,55.7,79.8,6
,California,6,2019,2019,Colon and Rectum,21041-21052,55-59 years,55-59,White,2106-3,1226,1888765,64.9,61.3,68.6,1.9
,California,6,2019,2019,Colon and Rectum,21041-21052,55-59 years,55-59,Other Races and Unknown combined,2131-1,63,Not Applicable,Not Applicable,Not Applicable,Not Applicable,Not Applicable
,California,6,2019,2019,Colon and Rectum,21041-21052,60-64 years ,60-64,American Indian or Alaska Native,1002-5,29,37193,78,52.2,112,14.5
,California,6,2019,2019,Colon and Rectum,21041-21052,60-64 years ,60-64,Asian or Pacific Islander,A-PI,274,387175,70.8,62.6,79.7,4.3
,California,6,2019,2019,Colon and Rectum,21041-21052,60-64 years ,60-64,Black or African American,2054-5,147,159061,92.4,78.1,108.6,7.6
,California,6,2019,2019,Colon and Rectum,21041-21052,60-64 years ,60-64,White,2106-3,1424,1709710,83.3,79,87.7,2.2
,California,6,2019,2019,Colon and Rectum,21041-21052,60-64 years ,60-64,Other Races and Unknown combined,2131-1,44,Not Applicable,Not Applicable,Not Applicable,Not Applicable,Not Applicable
,California,6,2019,2019,Colon and Rectum,21041-21052,65-69 years,65-69,American Indian or Alaska Native,1002-5,19,26676,71.2,42.9,111.2,16.3
,California,6,2019,2019,Colon and Rectum,21041-21052,65-69 years,65-69,Asian or Pacific Islander,A-PI,293,328970,89.1,79.2,99.9,5.2
,California,6,2019,2019,Colon and Rectum,21041-21052,65-69 years,65-69,Black or African American,2054-5,165,117977,139.9,119.3,162.9,10.9
,California,6,2019,2019,Colon and Rectum,21041-21052,65-69 years,65-69,White,2106-3,1453,1417642,102.5,97.3,107.9,2.7
,California,6,2019,2019,Colon and Rectum,21041-21052,65-69 years,65-69,Other Races and Unknown combined,2131-1,39,Not Applicable,Not Applicable,Not Applicable,Not Applicable,Not Applicable
,California,6,2019,2019,Colon and Rectum,21041-21052,70-74 years,70-74,Asian or Pacific Islander,A-PI,259,247149,104.8,92.4,118.4,6.5
,California,6,2019,2019,Colon and Rectum,21041-21052,70-74 years,70-74,Black or African American,2054-5,129,83527,154.4,128.9,183.5,13.6
,California,6,2019,2019,Colon and Rectum,21041-21052,70-74 years,70-74,White,2106-3,1412,1128444,125.1,118.7,131.8,3.3
,California,6,2019,2019,Colon and Rectum,21041-21052,70-74 years,70-74,Other Races and Unknown combined,2131-1,34,Not Applicable,Not Applicable,Not Applicable,Not Applicable,Not Applicable
,California,6,2019,2019,Colon and Rectum,21041-21052,75-79 years,75-79,American Indian or Alaska Native,1002-5,16,11018,145.2,83,235.8,36.3
,California,6,2019,2019,Colon and Rectum,21041-21052,75-79 years,75-79,Asian or Pacific Islander,A-PI,199,161065,123.6,107,142,8.8
,California,6,2019,2019,Colon and Rectum,21041-21052,75-79 years,75-79,Black or African American,2054-5,119,55634,213.9,177.2,256,19.6
,California,6,2019,2019,Colon and Rectum,21041-21052,75-79 years,75-79,White,2106-3,1172,755993,155,146.3,164.2,4.5
,California,6,2019,2019,Colon and Rectum,21041-21052,75-79 years,75-79,Other Races and Unknown combined,2131-1,20,Not Applicable,Not Applicable,Not Applicable,Not Applicable,Not Applicable
,California,6,2019,2019,Colon and Rectum,21041-21052,80-84 years,80-84,Asian or Pacific Islander,A-PI,186,112507,165.3,142.4,190.9,12.1
,California,6,2019,2019,Colon and Rectum,21041-21052,80-84 years,80-84,Black or African American,2054-5,80,37664,212.4,168.4,264.4,23.7
,California,6,2019,2019,Colon and Rectum,21041-21052,80-84 years,80-84,White,2106-3,1032,495411,208.3,195.8,221.4,6.5
,California,6,2019,2019,Colon and Rectum,21041-21052,85+ years,85+,Asian or Pacific Islander,A-PI,261,119117,219.1,193.3,247.4,13.6
,California,6,2019,2019,Colon and Rectum,21041-21052,85+ years,85+,Black or African American,2054-5,77,33931,226.9,179.1,283.6,25.9
,California,6,2019,2019,Colon and Rectum,21041-21052,85+ years,85+,White,2106-3,1345,524562,256.4,242.9,270.5,7
,California,6,2019,2019,Leukemias,35011-35043,1-4 years,01-Apr,Asian or Pacific Islander,A-PI,24,324851,7.4,4.7,11,1.5
,California,6,2019,2019,Leukemias,35011-35043,1-4 years,01-Apr,White,2106-3,140,1396006,10,8.4,11.8,0.8
,California,6,2019,2019,Leukemias,35011-35043,5-9 years,05-Sep,White,2106-3,100,1842448,5.4,4.4,6.6,0.5
,California,6,2019,2019,Leukemias,35011-35043,10-14 years,Oct-14,White,2106-3,72,1960235,3.7,2.9,4.6,0.4
,California,6,2019,2019,Leukemias,35011-35043,15-19 years,15-19,White,2106-3,89,1926517,4.6,3.7,5.7,0.5
,California,6,2019,2019,Leukemias,35011-35043,20-24 years,20-24,White,2106-3,78,1943439,4,3.2,5,0.5
,California,6,2019,2019,Leukemias,35011-35043,25-29 years,25-29,Asian or Pacific Islander,A-PI,17,528114,3.2,1.9,5.2,0.8
,California,6,2019,2019,Leukemias,35011-35043,25-29 years,25-29,White,2106-3,85,2177500,3.9,3.1,4.8,0.4
,California,6,2019,2019,Leukemias,35011-35043,30-34 years,30-34,White,2106-3,81,2102345,3.9,3.1,4.8,0.4
,California,6,2019,2019,Leukemias,35011-35043,35-39 years,35-39,Asian or Pacific Islander,A-PI,17,534466,3.2,1.9,5.1,0.8
,California,6,2019,2019,Leukemias,35011-35043,35-39 years,35-39,White,2106-3,113,2019522,5.6,4.6,6.7,0.5
,California,6,2019,2019,Leukemias,35011-35043,40-44 years,40-44,Asian or Pacific Islander,A-PI,17,483624,3.5,2,5.6,0.9
,California,6,2019,2019,Leukemias,35011-35043,40-44 years,40-44,White,2106-3,116,1816074,6.4,5.3,7.7,0.6
,California,6,2019,2019,Leukemias,35011-35043,45-49 years,45-49,Asian or Pacific Islander,A-PI,34,486663,7,4.8,9.8,1.2
,California,6,2019,2019,Leukemias,35011-35043,45-49 years,45-49,White,2106-3,160,1836121,8.7,7.4,10.2,0.7
,California,6,2019,2019,Leukemias,35011-35043,50-54 years,50-54,Asian or Pacific Islander,A-PI,33,435240,7.6,5.2,10.6,1.3
,California,6,2019,2019,Leukemias,35011-35043,50-54 years,50-54,Black or African American,2054-5,18,178771,10.1,6,15.9,2.4
,California,6,2019,2019,Leukemias,35011-35043,50-54 years,50-54,White,2106-3,219,1835803,11.9,10.4,13.6,0.8
,California,6,2019,2019,Leukemias,35011-35043,50-54 years,50-54,Other Races and Unknown combined,2131-1,17,Not Applicable,Not Applicable,Not Applicable,Not Applicable,Not Applicable
,California,6,2019,2019,Leukemias,35011-35043,55-59 years,55-59,Asian or Pacific Islander,A-PI,49,425770,11.5,8.5,15.2,1.6
,California,6,2019,2019,Leukemias,35011-35043,55-59 years,55-59,Black or African American,2054-5,30,185306,16.2,10.9,23.1,3
,California,6,2019,2019,Leukemias,35011-35043,55-59 years,55-59,White,2106-3,325,1888765,17.2,15.4,19.2,1
,California,6,2019,2019,Leukemias,35011-35043,55-59 years,55-59,Other Races and Unknown combined,2131-1,17,Not Applicable,Not Applicable,Not Applicable,Not Applicable,Not Applicable
,California,6,2019,2019,Leukemias,35011-35043,60-64 years ,60-64,Asian or Pacific Islander,A-PI,62,387175,16,12.3,20.5,2
,California,6,2019,2019,Leukemias,35011-35043,60-64 years ,60-64,Black or African American,2054-5,31,159061,19.5,13.2,27.7,3.5
,California,6,2019,2019,Leukemias,35011-35043,60-64 years ,60-64,White,2106-3,445,1709710,26,23.7,28.6,1.2
,California,6,2019,2019,Leukemias,35011-35043,65-69 years,65-69,Asian or Pacific Islander,A-PI,59,328970,17.9,13.7,23.1,2.3
,California,6,2019,2019,Leukemias,35011-35043,65-69 years,65-69,Black or African American,2054-5,41,117977,34.8,24.9,47.1,5.4
,California,6,2019,2019,Leukemias,35011-35043,65-69 years,65-69,White,2106-3,554,1417642,39.1,35.9,42.5,1.7
,California,6,2019,2019,Leukemias,35011-35043,65-69 years,65-69,Other Races and Unknown combined,2131-1,18,Not Applicable,Not Applicable,Not Applicable,Not Applicable,Not Applicable
,California,6,2019,2019,Leukemias,35011-35043,70-74 years,70-74,Asian or Pacific Islander,A-PI,62,247149,25.1,19.2,32.2,3.2
,California,6,2019,2019,Leukemias,35011-35043,70-74 years,70-74,Black or African American,2054-5,32,83527,38.3,26.2,54.1,6.8
,California,6,2019,2019,Leukemias,35011-35043,70-74 years,70-74,White,2106-3,575,1128444,51,46.9,55.3,2.1
,California,6,2019,2019,Leukemias,35011-35043,70-74 years,70-74,Other Races and Unknown combined,2131-1,21,Not Applicable,Not Applicable,Not Applicable,Not Applicable,Not Applicable
,California,6,2019,2019,Leukemias,35011-35043,75-79 years,75-79,Asian or Pacific Islander,A-PI,52,161065,32.3,24.1,42.3,4.5
,California,6,2019,2019,Leukemias,35011-35043,75-79 years,75-79,Black or African American,2054-5,27,55634,48.5,32,70.6,9.3
,California,6,2019,2019,Leukemias,35011-35043,75-79 years,75-79,White,2106-3,557,755993,73.7,67.7,80.1,3.1
,California,6,2019,2019,Leukemias,35011-35043,80-84 years,80-84,Asian or Pacific Islander,A-PI,39,112507,34.7,24.6,47.4,5.6
,California,6,2019,2019,Leukemias,35011-35043,80-84 years,80-84,Black or African American,2054-5,16,37664,42.5,24.3,69,10.6
,California,6,2019,2019,Leukemias,35011-35043,80-84 years,80-84,White,2106-3,447,495411,90.2,82.1,99,4.3
,California,6,2019,2019,Leukemias,35011-35043,85+ years,85+,Asian or Pacific Islander,A-PI,47,119117,39.5,29,52.5,5.8
,California,6,2019,2019,Leukemias,35011-35043,85+ years,85+,White,2106-3,519,524562,98.9,90.6,107.8,4.3
,California,6,2019,2019,Myeloma,34000,35-39 years,35-39,White,2106-3,22,2019522,1.1,0.7,1.6,0.2
,California,6,2019,2019,Myeloma,34000,40-44 years,40-44,White,2106-3,26,1816074,1.4,0.9,2.1,0.3
,California,6,2019,2019,Myeloma,34000,45-49 years,45-49,White,2106-3,62,1836121,3.4,2.6,4.3,0.4
,California,6,2019,2019,Myeloma,34000,50-54 years,50-54,Asian or Pacific Islander,A-PI,21,435240,4.8,3,7.4,1.1
,California,6,2019,2019,Myeloma,34000,50-54 years,50-54,Black or African American,2054-5,26,178771,14.5,9.5,21.3,2.9
,California,6,2019,2019,Myeloma,34000,50-54 years,50-54,White,2106-3,99,1835803,5.4,4.4,6.6,0.5
,California,6,2019,2019,Myeloma,34000,55-59 years,55-59,Asian or Pacific Islander,A-PI,33,425770,7.8,5.3,10.9,1.3
,California,6,2019,2019,Myeloma,34000,55-59 years,55-59,Black or African American,2054-5,38,185306,20.5,14.5,28.1,3.3
,California,6,2019,2019,Myeloma,34000,55-59 years,55-59,White,2106-3,213,1888765,11.3,9.8,12.9,0.8
,California,6,2019,2019,Myeloma,34000,60-64 years ,60-64,Asian or Pacific Islander,A-PI,39,387175,10.1,7.2,13.8,1.6
,California,6,2019,2019,Myeloma,34000,60-64 years ,60-64,Black or African American,2054-5,69,159061,43.4,33.8,54.9,5.2
,California,6,2019,2019,Myeloma,34000,60-64 years ,60-64,White,2106-3,274,1709710,16,14.2,18,1
,California,6,2019,2019,Myeloma,34000,65-69 years,65-69,Asian or Pacific Islander,A-PI,37,328970,11.2,7.9,15.5,1.8
,California,6,2019,2019,Myeloma,34000,65-69 years,65-69,Black or African American,2054-5,62,117977,52.6,40.3,67.4,6.7
,California,6,2019,2019,Myeloma,34000,65-69 years,65-69,White,2106-3,350,1417642,24.7,22.2,27.4,1.3
,California,6,2019,2019,Myeloma,34000,70-74 years,70-74,Asian or Pacific Islander,A-PI,54,247149,21.8,16.4,28.5,3
,California,6,2019,2019,Myeloma,34000,70-74 years,70-74,Black or African American,2054-5,57,83527,68.2,51.7,88.4,9
,California,6,2019,2019,Myeloma,34000,70-74 years,70-74,White,2106-3,360,1128444,31.9,28.7,35.4,1.7
,California,6,2019,2019,Myeloma,34000,75-79 years,75-79,Asian or Pacific Islander,A-PI,29,161065,18,12.1,25.9,3.3
,California,6,2019,2019,Myeloma,34000,75-79 years,75-79,Black or African American,2054-5,51,55634,91.7,68.3,120.5,12.8
,California,6,2019,2019,Myeloma,34000,75-79 years,75-79,White,2106-3,297,755993,39.3,34.9,44,2.3
,California,6,2019,2019,Myeloma,34000,80-84 years,80-84,Asian or Pacific Islander,A-PI,44,112507,39.1,28.4,52.5,5.9
,California,6,2019,2019,Myeloma,34000,80-84 years,80-84,Black or African American,2054-5,23,37664,61.1,38.7,91.6,12.7
,California,6,2019,2019,Myeloma,34000,80-84 years,80-84,White,2106-3,269,495411,54.3,48,61.2,3.3
,California,6,2019,2019,Myeloma,34000,85+ years,85+,Asian or Pacific Islander,A-PI,34,119117,28.5,19.8,39.9,4.9
,California,6,2019,2019,Myeloma,34000,85+ years,85+,Black or African American,2054-5,25,33931,73.7,47.7,108.8,14.7
,California,6,2019,2019,Myeloma,34000,85+ years,85+,White,2106-3,220,524562,41.9,36.6,47.9,2.8
,California,6,2019,2019,Stomach,21020,25-29 years,25-29,White,2106-3,19,2177500,0.9,0.5,1.4,0.2
,California,6,2019,2019,Stomach,21020,30-34 years,30-34,White,2106-3,22,2102345,1,0.7,1.6,0.2
,California,6,2019,2019,Stomach,21020,35-39 years,35-39,White,2106-3,52,2019522,2.6,1.9,3.4,0.4
,California,6,2019,2019,Stomach,21020,40-44 years,40-44,Asian or Pacific Islander,A-PI,18,483624,3.7,2.2,5.9,0.9
,California,6,2019,2019,Stomach,21020,40-44 years,40-44,White,2106-3,91,1816074,5,4,6.2,0.5
,California,6,2019,2019,Stomach,21020,45-49 years,45-49,Asian or Pacific Islander,A-PI,21,486663,4.3,2.7,6.6,0.9
,California,6,2019,2019,Stomach,21020,45-49 years,45-49,White,2106-3,110,1836121,6,4.9,7.2,0.6
,California,6,2019,2019,Stomach,21020,50-54 years,50-54,Asian or Pacific Islander,A-PI,42,435240,9.6,7,13,1.5
,California,6,2019,2019,Stomach,21020,50-54 years,50-54,White,2106-3,174,1835803,9.5,8.1,11,0.7
,California,6,2019,2019,Stomach,21020,55-59 years,55-59,Asian or Pacific Islander,A-PI,57,425770,13.4,10.1,17.3,1.8
,California,6,2019,2019,Stomach,21020,55-59 years,55-59,Black or African American,2054-5,23,185306,12.4,7.9,18.6,2.6
,California,6,2019,2019,Stomach,21020,55-59 years,55-59,White,2106-3,213,1888765,11.3,9.8,12.9,0.8
,California,6,2019,2019,Stomach,21020,60-64 years ,60-64,Asian or Pacific Islander,A-PI,87,387175,22.5,18,27.7,2.4
,California,6,2019,2019,Stomach,21020,60-64 years ,60-64,Black or African American,2054-5,37,159061,23.3,16.4,32.1,3.8
,California,6,2019,2019,Stomach,21020,60-64 years ,60-64,White,2106-3,238,1709710,13.9,12.2,15.8,0.9
,California,6,2019,2019,Stomach,21020,65-69 years,65-69,Asian or Pacific Islander,A-PI,106,328970,32.2,26.4,39,3.1
,California,6,2019,2019,Stomach,21020,65-69 years,65-69,Black or African American,2054-5,34,117977,28.8,20,40.3,4.9
,California,6,2019,2019,Stomach,21020,65-69 years,65-69,White,2106-3,296,1417642,20.9,18.6,23.4,1.2
,California,6,2019,2019,Stomach,21020,70-74 years,70-74,Asian or Pacific Islander,A-PI,112,247149,45.3,37.3,54.5,4.3
,California,6,2019,2019,Stomach,21020,70-74 years,70-74,Black or African American,2054-5,34,83527,40.7,28.2,56.9,7
,California,6,2019,2019,Stomach,21020,70-74 years,70-74,White,2106-3,334,1128444,29.6,26.5,32.9,1.6
,California,6,2019,2019,Stomach,21020,75-79 years,75-79,Asian or Pacific Islander,A-PI,79,161065,49,38.8,61.1,5.5
,California,6,2019,2019,Stomach,21020,75-79 years,75-79,Black or African American,2054-5,22,55634,39.5,24.8,59.9,8.4
,California,6,2019,2019,Stomach,21020,75-79 years,75-79,White,2106-3,281,755993,37.2,33,41.8,2.2
,California,6,2019,2019,Stomach,21020,80-84 years,80-84,Asian or Pacific Islander,A-PI,75,112507,66.7,52.4,83.6,7.7
,California,6,2019,2019,Stomach,21020,80-84 years,80-84,Black or African American,2054-5,21,37664,55.8,34.5,85.2,12.2
,California,6,2019,2019,Stomach,21020,80-84 years,80-84,White,2106-3,215,495411,43.4,37.8,49.6,3
,California,6,2019,2019,Stomach,21020,85+ years,85+,Asian or Pacific Islander,A-PI,93,119117,78.1,63,95.6,8.1
,California,6,2019,2019,Stomach,21020,85+ years,85+,Black or African American,2054-5,23,33931,67.8,43,101.7,14.1
,California,6,2019,2019,Stomach,21020,85+ years,85+,White,2106-3,248,524562,47.3,41.6,53.5,3
,California,6,2019,2019,Thyroid,32010,10-14 years,Oct-14,White,2106-3,27,1960235,1.4,0.9,2,0.3
,California,6,2019,2019,Thyroid,32010,15-19 years,15-19,White,2106-3,61,1926517,3.2,2.4,4.1,0.4
,California,6,2019,2019,Thyroid,32010,20-24 years,20-24,Asian or Pacific Islander,A-PI,27,398236,6.8,4.5,9.9,1.3
,California,6,2019,2019,Thyroid,32010,20-24 years,20-24,White,2106-3,128,1943439,6.6,5.5,7.8,0.6
,California,6,2019,2019,Thyroid,32010,25-29 years,25-29,Asian or Pacific Islander,A-PI,69,528114,13.1,10.2,16.5,1.6
,California,6,2019,2019,Thyroid,32010,25-29 years,25-29,White,2106-3,224,2177500,10.3,9,11.7,0.7
,California,6,2019,2019,Thyroid,32010,30-34 years,30-34,Asian or Pacific Islander,A-PI,85,558756,15.2,12.2,18.8,1.7
,California,6,2019,2019,Thyroid,32010,30-34 years,30-34,White,2106-3,281,2102345,13.4,11.8,15,0.8
,California,6,2019,2019,Thyroid,32010,30-34 years,30-34,Other Races and Unknown combined,2131-1,21,Not Applicable,Not Applicable,Not Applicable,Not Applicable,Not Applicable
,California,6,2019,2019,Thyroid,32010,35-39 years,35-39,Asian or Pacific Islander,A-PI,95,534466,17.8,14.4,21.7,1.8
,California,6,2019,2019,Thyroid,32010,35-39 years,35-39,Black or African American,2054-5,20,200032,10,6.1,15.4,2.2
,California,6,2019,2019,Thyroid,32010,35-39 years,35-39,White,2106-3,389,2019522,19.3,17.4,21.3,1
,California,6,2019,2019,Thyroid,32010,35-39 years,35-39,Other Races and Unknown combined,2131-1,16,Not Applicable,Not Applicable,Not Applicable,Not Applicable,Not Applicable
,California,6,2019,2019,Thyroid,32010,40-44 years,40-44,Asian or Pacific Islander,A-PI,105,483624,21.7,17.8,26.3,2.1
,California,6,2019,2019,Thyroid,32010,40-44 years,40-44,Black or African American,2054-5,17,176924,9.6,5.6,15.4,2.3
,California,6,2019,2019,Thyroid,32010,40-44 years,40-44,White,2106-3,411,1816074,22.6,20.5,24.9,1.1
,California,6,2019,2019,Thyroid,32010,40-44 years,40-44,Other Races and Unknown combined,2131-1,20,Not Applicable,Not Applicable,Not Applicable,Not Applicable,Not Applicable
,California,6,2019,2019,Thyroid,32010,45-49 years,45-49,Asian or Pacific Islander,A-PI,126,486663,25.9,21.6,30.8,2.3
,California,6,2019,2019,Thyroid,32010,45-49 years,45-49,Black or African American,2054-5,22,173969,12.6,7.9,19.1,2.7
,California,6,2019,2019,Thyroid,32010,45-49 years,45-49,White,2106-3,411,1836121,22.4,20.3,24.7,1.1
,California,6,2019,2019,Thyroid,32010,45-49 years,45-49,Other Races and Unknown combined,2131-1,19,Not Applicable,Not Applicable,Not Applicable,Not Applicable,Not Applicable
,California,6,2019,2019,Thyroid,32010,50-54 years,50-54,Asian or Pacific Islander,A-PI,100,435240,23,18.7,27.9,2.3
,California,6,2019,2019,Thyroid,32010,50-54 years,50-54,Black or African American,2054-5,19,178771,10.6,6.4,16.6,2.4
,California,6,2019,2019,Thyroid,32010,50-54 years,50-54,White,2106-3,412,1835803,22.4,20.3,24.7,1.1
,California,6,2019,2019,Thyroid,32010,55-59 years,55-59,Asian or Pacific Islander,A-PI,99,425770,23.3,18.9,28.3,2.3
,California,6,2019,2019,Thyroid,32010,55-59 years,55-59,Black or African American,2054-5,30,185306,16.2,10.9,23.1,3
,California,6,2019,2019,Thyroid,32010,55-59 years,55-59,White,2106-3,428,1888765,22.7,20.6,24.9,1.1
,California,6,2019,2019,Thyroid,32010,60-64 years ,60-64,Asian or Pacific Islander,A-PI,95,387175,24.5,19.9,30,2.5
,California,6,2019,2019,Thyroid,32010,60-64 years ,60-64,Black or African American,2054-5,22,159061,13.8,8.7,20.9,2.9
,California,6,2019,2019,Thyroid,32010,60-64 years ,60-64,White,2106-3,401,1709710,23.5,21.2,25.9,1.2
,California,6,2019,2019,Thyroid,32010,65-69 years,65-69,Asian or Pacific Islander,A-PI,87,328970,26.4,21.2,32.6,2.8
,California,6,2019,2019,Thyroid,32010,65-69 years,65-69,Black or African American,2054-5,18,117977,15.3,9,24.1,3.6
,California,6,2019,2019,Thyroid,32010,65-69 years,65-69,White,2106-3,389,1417642,27.4,24.8,30.3,1.4
,California,6,2019,2019,Thyroid,32010,70-74 years,70-74,Asian or Pacific Islander,A-PI,67,247149,27.1,21,34.4,3.3
,California,6,2019,2019,Thyroid,32010,70-74 years,70-74,Black or African American,2054-5,20,83527,23.9,14.6,37,5.4
,California,6,2019,2019,Thyroid,32010,70-74 years,70-74,White,2106-3,289,1128444,25.6,22.7,28.7,1.5
,California,6,2019,2019,Thyroid,32010,75-79 years,75-79,Asian or Pacific Islander,A-PI,46,161065,28.6,20.9,38.1,4.2
,California,6,2019,2019,Thyroid,32010,75-79 years,75-79,White,2106-3,161,755993,21.3,18.1,24.9,1.7
,California,6,2019,2019,Thyroid,32010,80-84 years,80-84,Asian or Pacific Islander,A-PI,24,112507,21.3,13.7,31.7,4.4
,California,6,2019,2019,Thyroid,32010,80-84 years,80-84,White,2106-3,103,495411,20.8,17,25.2,2
,California,6,2019,2019,Thyroid,32010,85+ years,85+,White,2106-3,67,524562,12.8,9.9,16.2,1.6
,Colorado,8,2019,2019,Brain and Other Nervous System,31010-31040,30-34 years,30-34,White,2106-3,17,390490,4.4,2.5,7,1.1
,Colorado,8,2019,2019,Brain and Other Nervous System,31010-31040,45-49 years,45-49,White,2106-3,28,324769,8.6,5.7,12.5,1.6
,Colorado,8,2019,2019,Brain and Other Nervous System,31010-31040,50-54 years,50-54,White,2106-3,18,307012,5.9,3.5,9.3,1.4
,Colorado,8,2019,2019,Brain and Other Nervous System,31010-31040,55-59 years,55-59,White,2106-3,33,333594,9.9,6.8,13.9,1.7
,Colorado,8,2019,2019,Brain and Other Nervous System,31010-31040,60-64 years ,60-64,White,2106-3,33,319620,10.3,7.1,14.5,1.8
,Colorado,8,2019,2019,Brain and Other Nervous System,31010-31040,65-69 years,65-69,White,2106-3,45,274037,16.4,12,22,2.4
,Colorado,8,2019,2019,Brain and Other Nervous System,31010-31040,70-74 years,70-74,White,2106-3,43,208078,20.7,15,27.8,3.2
,Colorado,8,2019,2019,Brain and Other Nervous System,31010-31040,75-79 years,75-79,White,2106-3,30,128363,23.4,15.8,33.4,4.3
,Colorado,8,2019,2019,Colon and Rectum,21041-21052,30-34 years,30-34,White,2106-3,24,390490,6.1,3.9,9.1,1.3
,Colorado,8,2019,2019,Colon and Rectum,21041-21052,35-39 years,35-39,White,2106-3,47,375767,12.5,9.2,16.6,1.8
,Colorado,8,2019,2019,Colon and Rectum,21041-21052,40-44 years,40-44,White,2106-3,60,329875,18.2,13.9,23.4,2.3
,Colorado,8,2019,2019,Colon and Rectum,21041-21052,45-49 years,45-49,White,2106-3,101,324769,31.1,25.3,37.8,3.1
,Colorado,8,2019,2019,Colon and Rectum,21041-21052,50-54 years,50-54,Black or African American,2054-5,18,16116,111.7,66.2,176.5,26.3
,Colorado,8,2019,2019,Colon and Rectum,21041-21052,50-54 years,50-54,White,2106-3,172,307012,56,48,65.1,4.3
,Colorado,8,2019,2019,Colon and Rectum,21041-21052,55-59 years,55-59,White,2106-3,189,333594,56.7,48.9,65.3,4.1
,Colorado,8,2019,2019,Colon and Rectum,21041-21052,60-64 years ,60-64,White,2106-3,193,319620,60.4,52.2,69.5,4.3
,Colorado,8,2019,2019,Colon and Rectum,21041-21052,65-69 years,65-69,White,2106-3,265,274037,96.7,85.4,109.1,5.9
,Colorado,8,2019,2019,Colon and Rectum,21041-21052,70-74 years,70-74,White,2106-3,218,208078,104.8,91.3,119.6,7.1
,Colorado,8,2019,2019,Colon and Rectum,21041-21052,75-79 years,75-79,White,2106-3,172,128363,134,114.7,155.6,10.2
,Colorado,8,2019,2019,Colon and Rectum,21041-21052,80-84 years,80-84,White,2106-3,165,78944,209,178.3,243.4,16.3
,Colorado,8,2019,2019,Colon and Rectum,21041-21052,85+ years,85+,White,2106-3,198,77866,254.3,220.1,292.3,18.1
,Colorado,8,2019,2019,Leukemias,35011-35043,40-44 years,40-44,White,2106-3,23,329875,7,4.4,10.5,1.5
,Colorado,8,2019,2019,Leukemias,35011-35043,45-49 years,45-49,White,2106-3,26,324769,8,5.2,11.7,1.6
,Colorado,8,2019,2019,Leukemias,35011-35043,50-54 years,50-54,White,2106-3,35,307012,11.4,7.9,15.9,1.9
,Colorado,8,2019,2019,Leukemias,35011-35043,55-59 years,55-59,White,2106-3,50,333594,15,11.1,19.8,2.1
,Colorado,8,2019,2019,Leukemias,35011-35043,60-64 years ,60-64,White,2106-3,97,319620,30.3,24.6,37,3.1
,Colorado,8,2019,2019,Leukemias,35011-35043,65-69 years,65-69,White,2106-3,99,274037,36.1,29.4,44,3.6
,Colorado,8,2019,2019,Leukemias,35011-35043,70-74 years,70-74,White,2106-3,111,208078,53.3,43.9,64.2,5.1
,Colorado,8,2019,2019,Leukemias,35011-35043,75-79 years,75-79,White,2106-3,89,128363,69.3,55.7,85.3,7.3
,Colorado,8,2019,2019,Leukemias,35011-35043,80-84 years,80-84,White,2106-3,58,78944,73.5,55.8,95,9.6
,Colorado,8,2019,2019,Leukemias,35011-35043,85+ years,85+,White,2106-3,86,77866,110.4,88.3,136.4,11.9
,Colorado,8,2019,2019,Myeloma,34000,50-54 years,50-54,White,2106-3,33,307012,10.7,7.4,15.1,1.9
,Colorado,8,2019,2019,Myeloma,34000,55-59 years,55-59,White,2106-3,34,333594,10.2,7.1,14.2,1.7
,Colorado,8,2019,2019,Myeloma,34000,60-64 years ,60-64,White,2106-3,49,319620,15.3,11.3,20.3,2.2
,Colorado,8,2019,2019,Myeloma,34000,65-69 years,65-69,White,2106-3,71,274037,25.9,20.2,32.7,3.1
,Colorado,8,2019,2019,Myeloma,34000,70-74 years,70-74,White,2106-3,78,208078,37.5,29.6,46.8,4.2
,Colorado,8,2019,2019,Myeloma,34000,75-79 years,75-79,White,2106-3,58,128363,45.2,34.3,58.4,5.9
,Colorado,8,2019,2019,Myeloma,34000,80-84 years,80-84,White,2106-3,43,78944,54.5,39.4,73.4,8.3
,Colorado,8,2019,2019,Myeloma,34000,85+ years,85+,White,2106-3,36,77866,46.2,32.4,64,7.7
,Colorado,8,2019,2019,Stomach,21020,60-64 years ,60-64,White,2106-3,45,319620,14.1,10.3,18.8,2.1
,Colorado,8,2019,2019,Stomach,21020,65-69 years,65-69,White,2106-3,49,274037,17.9,13.2,23.6,2.6
,Colorado,8,2019,2019,Stomach,21020,70-74 years,70-74,White,2106-3,40,208078,19.2,13.7,26.2,3
,Colorado,8,2019,2019,Stomach,21020,75-79 years,75-79,White,2106-3,35,128363,27.3,19,37.9,4.6
,Colorado,8,2019,2019,Stomach,21020,80-84 years,80-84,White,2106-3,28,78944,35.5,23.6,51.3,6.7
,Colorado,8,2019,2019,Stomach,21020,85+ years,85+,White,2106-3,29,77866,37.2,24.9,53.5,6.9
,Colorado,8,2019,2019,Thyroid,32010,20-24 years,20-24,White,2106-3,23,322110,7.1,4.5,10.7,1.5
,Colorado,8,2019,2019,Thyroid,32010,25-29 years,25-29,White,2106-3,43,388662,11.1,8,14.9,1.7
,Colorado,8,2019,2019,Thyroid,32010,30-34 years,30-34,White,2106-3,57,390490,14.6,11.1,18.9,1.9
,Colorado,8,2019,2019,Thyroid,32010,35-39 years,35-39,White,2106-3,66,375767,17.6,13.6,22.3,2.2
,Colorado,8,2019,2019,Thyroid,32010,40-44 years,40-44,White,2106-3,69,329875,20.9,16.3,26.5,2.5
,Colorado,8,2019,2019,Thyroid,32010,45-49 years,45-49,White,2106-3,62,324769,19.1,14.6,24.5,2.4
,Colorado,8,2019,2019,Thyroid,32010,50-54 years,50-54,White,2106-3,78,307012,25.4,20.1,31.7,2.9
,Colorado,8,2019,2019,Thyroid,32010,55-59 years,55-59,White,2106-3,78,333594,23.4,18.5,29.2,2.6
,Colorado,8,2019,2019,Thyroid,32010,60-64 years ,60-64,White,2106-3,67,319620,21,16.2,26.6,2.6
,Colorado,8,2019,2019,Thyroid,32010,65-69 years,65-69,White,2106-3,74,274037,27,21.2,33.9,3.1
,Colorado,8,2019,2019,Thyroid,32010,70-74 years,70-74,White,2106-3,43,208078,20.7,15,27.8,3.2
,Colorado,8,2019,2019,Thyroid,32010,75-79 years,75-79,White,2106-3,31,128363,24.2,16.4,34.3,4.3
,Colorado,8,2019,2019,Thyroid,32010,80-84 years,80-84,White,2106-3,18,78944,22.8,13.5,36,5.4
,Connecticut,9,2019,2019,Brain and Other Nervous System,31010-31040,55-59 years,55-59,White,2106-3,35,235506,14.9,10.4,20.7,2.5
,Connecticut,9,2019,2019,Brain and Other Nervous System,31010-31040,60-64 years ,60-64,White,2106-3,26,218255,11.9,7.8,17.5,2.3
,Connecticut,9,2019,2019,Brain and Other Nervous System,31010-31040,65-69 years,65-69,White,2106-3,23,175238,13.1,8.3,19.7,2.7
,Connecticut,9,2019,2019,Brain and Other Nervous System,31010-31040,70-74 years,70-74,White,2106-3,38,141029,26.9,19.1,37,4.4
,Connecticut,9,2019,2019,Brain and Other Nervous System,31010-31040,75-79 years,75-79,White,2106-3,29,98463,29.5,19.7,42.3,5.5
,Connecticut,9,2019,2019,Brain and Other Nervous System,31010-31040,80-84 years,80-84,White,2106-3,18,63914,28.2,16.7,44.5,6.6
,Connecticut,9,2019,2019,Brain and Other Nervous System,31010-31040,85+ years,85+,White,2106-3,24,76838,31.2,20,46.5,6.4
,Connecticut,9,2019,2019,Colon and Rectum,21041-21052,40-44 years,40-44,White,2106-3,40,165476,24.2,17.3,32.9,3.8
,Connecticut,9,2019,2019,Colon and Rectum,21041-21052,45-49 years,45-49,White,2106-3,57,185401,30.7,23.3,39.8,4.1
,Connecticut,9,2019,2019,Colon and Rectum,21041-21052,50-54 years,50-54,Black or African American,2054-5,30,29883,100.4,67.7,143.3,18.3
,Connecticut,9,2019,2019,Colon and Rectum,21041-21052,50-54 years,50-54,White,2106-3,113,214161,52.8,43.5,63.4,5
,Connecticut,9,2019,2019,Colon and Rectum,21041-21052,55-59 years,55-59,White,2106-3,134,235506,56.9,47.7,67.4,4.9
,Connecticut,9,2019,2019,Colon and Rectum,21041-21052,60-64 years ,60-64,Black or African American,2054-5,24,22903,104.8,67.1,155.9,21.4
,Connecticut,9,2019,2019,Colon and Rectum,21041-21052,60-64 years ,60-64,White,2106-3,170,218255,77.9,66.6,90.5,6
,Connecticut,9,2019,2019,Colon and Rectum,21041-21052,65-69 years,65-69,Black or African American,2054-5,18,16022,112.3,66.6,177.6,26.5
,Connecticut,9,2019,2019,Colon and Rectum,21041-21052,65-69 years,65-69,White,2106-3,178,175238,101.6,87.2,117.6,7.6
,Connecticut,9,2019,2019,Colon and Rectum,21041-21052,70-74 years,70-74,Black or African American,2054-5,21,12076,173.9,107.6,265.8,37.9
,Connecticut,9,2019,2019,Colon and Rectum,21041-21052,70-74 years,70-74,White,2106-3,156,141029,110.6,93.9,129.4,8.9
,Connecticut,9,2019,2019,Colon and Rectum,21041-21052,75-79 years,75-79,Black or African American,2054-5,22,8088,272,170.5,411.8,58
,Connecticut,9,2019,2019,Colon and Rectum,21041-21052,75-79 years,75-79,White,2106-3,134,98463,136.1,114,161.2,11.8
,Connecticut,9,2019,2019,Colon and Rectum,21041-21052,80-84 years,80-84,White,2106-3,140,63914,219,184.3,258.5,18.5
,Connecticut,9,2019,2019,Colon and Rectum,21041-21052,85+ years,85+,White,2106-3,192,76838,249.9,215.8,287.8,18
,Connecticut,9,2019,2019,Leukemias,35011-35043,50-54 years,50-54,White,2106-3,31,214161,14.5,9.8,20.5,2.6
,Connecticut,9,2019,2019,Leukemias,35011-35043,55-59 years,55-59,White,2106-3,49,235506,20.8,15.4,27.5,3
,Connecticut,9,2019,2019,Leukemias,35011-35043,60-64 years ,60-64,White,2106-3,68,218255,31.2,24.2,39.5,3.8
,Connecticut,9,2019,2019,Leukemias,35011-35043,65-69 years,65-69,White,2106-3,74,175238,42.2,33.2,53,4.9
,Connecticut,9,2019,2019,Leukemias,35011-35043,70-74 years,70-74,White,2106-3,104,141029,73.7,60.3,89.4,7.2
,Connecticut,9,2019,2019,Leukemias,35011-35043,75-79 years,75-79,White,2106-3,98,98463,99.5,80.8,121.3,10.1
,Connecticut,9,2019,2019,Leukemias,35011-35043,80-84 years,80-84,White,2106-3,77,63914,120.5,95.1,150.6,13.7
,Connecticut,9,2019,2019,Leukemias,35011-35043,85+ years,85+,White,2106-3,82,76838,106.7,84.9,132.5,11.8
,Connecticut,9,2019,2019,Myeloma,34000,50-54 years,50-54,White,2106-3,19,214161,8.9,5.3,13.9,2
,Connecticut,9,2019,2019,Myeloma,34000,55-59 years,55-59,White,2106-3,32,235506,13.6,9.3,19.2,2.4
,Connecticut,9,2019,2019,Myeloma,34000,60-64 years ,60-64,White,2106-3,39,218255,17.9,12.7,24.4,2.9
,Connecticut,9,2019,2019,Myeloma,34000,65-69 years,65-69,White,2106-3,34,175238,19.4,13.4,27.1,3.3
,Connecticut,9,2019,2019,Myeloma,34000,70-74 years,70-74,White,2106-3,50,141029,35.5,26.3,46.7,5
,Connecticut,9,2019,2019,Myeloma,34000,75-79 years,75-79,White,2106-3,45,98463,45.7,33.3,61.2,6.8
,Connecticut,9,2019,2019,Myeloma,34000,80-84 years,80-84,White,2106-3,38,63914,59.5,42.1,81.6,9.6
,Connecticut,9,2019,2019,Myeloma,34000,85+ years,85+,White,2106-3,35,76838,45.6,31.7,63.3,7.7
,Connecticut,9,2019,2019,Stomach,21020,50-54 years,50-54,White,2106-3,17,214161,7.9,4.6,12.7,1.9
,Connecticut,9,2019,2019,Stomach,21020,55-59 years,55-59,White,2106-3,19,235506,8.1,4.9,12.6,1.9
,Connecticut,9,2019,2019,Stomach,21020,60-64 years ,60-64,White,2106-3,39,218255,17.9,12.7,24.4,2.9
,Connecticut,9,2019,2019,Stomach,21020,65-69 years,65-69,White,2106-3,27,175238,15.4,10.2,22.4,3
,Connecticut,9,2019,2019,Stomach,21020,70-74 years,70-74,White,2106-3,41,141029,29.1,20.9,39.4,4.5
,Connecticut,9,2019,2019,Stomach,21020,75-79 years,75-79,White,2106-3,41,98463,41.6,29.9,56.5,6.5
,Connecticut,9,2019,2019,Stomach,21020,80-84 years,80-84,White,2106-3,19,63914,29.7,17.9,46.4,6.8
,Connecticut,9,2019,2019,Stomach,21020,85+ years,85+,White,2106-3,28,76838,36.4,24.2,52.7,6.9
,Connecticut,9,2019,2019,Thyroid,32010,20-24 years,20-24,White,2106-3,25,188829,13.2,8.6,19.5,2.6
,Connecticut,9,2019,2019,Thyroid,32010,25-29 years,25-29,White,2106-3,30,167801,17.9,12.1,25.5,3.3
,Connecticut,9,2019,2019,Thyroid,32010,30-34 years,30-34,White,2106-3,38,171683,22.1,15.7,30.4,3.6
,Connecticut,9,2019,2019,Thyroid,32010,35-39 years,35-39,White,2106-3,32,174485,18.3,12.5,25.9,3.2
,Connecticut,9,2019,2019,Thyroid,32010,40-44 years,40-44,White,2106-3,48,165476,29,21.4,38.5,4.2
,Connecticut,9,2019,2019,Thyroid,32010,45-49 years,45-49,White,2106-3,57,185401,30.7,23.3,39.8,4.1
,Connecticut,9,2019,2019,Thyroid,32010,50-54 years,50-54,White,2106-3,61,214161,28.5,21.8,36.6,3.6
,Connecticut,9,2019,2019,Thyroid,32010,55-59 years,55-59,White,2106-3,80,235506,34,26.9,42.3,3.8
,Connecticut,9,2019,2019,Thyroid,32010,60-64 years ,60-64,White,2106-3,57,218255,26.1,19.8,33.8,3.5
,Connecticut,9,2019,2019,Thyroid,32010,65-69 years,65-69,White,2106-3,50,175238,28.5,21.2,37.6,4
,Connecticut,9,2019,2019,Thyroid,32010,70-74 years,70-74,White,2106-3,25,141029,17.7,11.5,26.2,3.5
,Connecticut,9,2019,2019,Thyroid,32010,75-79 years,75-79,White,2106-3,22,98463,22.3,14,33.8,4.8
,Delaware,10,2019,2019,Colon and Rectum,21041-21052,50-54 years,50-54,White,2106-3,23,44636,51.5,32.7,77.3,10.7
,Delaware,10,2019,2019,Colon and Rectum,21041-21052,55-59 years,55-59,White,2106-3,36,51977,69.3,48.5,95.9,11.5
,Delaware,10,2019,2019,Colon and Rectum,21041-21052,60-64 years ,60-64,White,2106-3,45,53008,84.9,61.9,113.6,12.7
,Delaware,10,2019,2019,Colon and Rectum,21041-21052,65-69 years,65-69,White,2106-3,40,49278,81.2,58,110.5,12.8
,Delaware,10,2019,2019,Colon and Rectum,21041-21052,70-74 years,70-74,White,2106-3,48,41577,115.4,85.1,153.1,16.7
,Delaware,10,2019,2019,Colon and Rectum,21041-21052,75-79 years,75-79,White,2106-3,50,27779,180,133.6,237.3,25.5
,Delaware,10,2019,2019,Colon and Rectum,21041-21052,80-84 years,80-84,White,2106-3,45,16664,270,197,361.3,40.3
,Delaware,10,2019,2019,Colon and Rectum,21041-21052,85+ years,85+,White,2106-3,31,15464,200.5,136.2,284.5,36
,Delaware,10,2019,2019,Leukemias,35011-35043,65-69 years,65-69,White,2106-3,17,49278,34.5,20.1,55.2,8.4
,Delaware,10,2019,2019,Leukemias,35011-35043,70-74 years,70-74,White,2106-3,22,41577,52.9,33.2,80.1,11.3
,Delaware,10,2019,2019,Leukemias,35011-35043,75-79 years,75-79,White,2106-3,23,27779,82.8,52.5,124.2,17.3
,Delaware,10,2019,2019,Leukemias,35011-35043,85+ years,85+,White,2106-3,16,15464,103.5,59.1,168,25.9
,Delaware,10,2019,2019,Thyroid,32010,65-69 years,65-69,White,2106-3,18,49278,36.5,21.6,57.7,8.6
,District of Columbia,11,2019,2019,Colon and Rectum,21041-21052,60-64 years ,60-64,Black or African American,2054-5,25,19786,126.4,81.8,186.5,25.3
,District of Columbia,11,2019,2019,Colon and Rectum,21041-21052,65-69 years,65-69,Black or African American,2054-5,24,16297,147.3,94.4,219.1,30.1
,District of Columbia,11,2019,2019,Colon and Rectum,21041-21052,70-74 years,70-74,Black or African American,2054-5,16,11556,138.5,79.1,224.8,34.6
,District of Columbia,11,2019,2019,Colon and Rectum,21041-21052,75-79 years,75-79,Black or African American,2054-5,21,7773,270.2,167.2,413,59
,District of Columbia,11,2019,2019,Colon and Rectum,21041-21052,85+ years,85+,Black or African American,2054-5,18,6311,285.2,169,450.8,67.2
,Florida,12,2019,2019,Brain and Other Nervous System,31010-31040,1-4 years,01-Apr,White,2106-3,42,647178,6.5,4.7,8.8,1
,Florida,12,2019,2019,Brain and Other Nervous System,31010-31040,5-9 years,05-Sep,White,2106-3,36,822240,4.4,3.1,6.1,0.7
,Florida,12,2019,2019,Brain and Other Nervous System,31010-31040,10-14 years,Oct-14,White,2106-3,30,899927,3.3,2.2,4.8,0.6
,Florida,12,2019,2019,Brain and Other Nervous System,31010-31040,15-19 years,15-19,White,2106-3,32,894398,3.6,2.4,5.1,0.6
,Florida,12,2019,2019,Brain and Other Nervous System,31010-31040,20-24 years,20-24,White,2106-3,22,907731,2.4,1.5,3.7,0.5
,Florida,12,2019,2019,Brain and Other Nervous System,31010-31040,25-29 years,25-29,White,2106-3,32,1010818,3.2,2.2,4.5,0.6
,Florida,12,2019,2019,Brain and Other Nervous System,31010-31040,30-34 years,30-34,White,2106-3,43,1028411,4.2,3,5.6,0.6
,Florida,12,2019,2019,Brain and Other Nervous System,31010-31040,35-39 years,35-39,White,2106-3,38,1016144,3.7,2.6,5.1,0.6
,Florida,12,2019,2019,Brain and Other Nervous System,31010-31040,40-44 years,40-44,White,2106-3,43,970684,4.4,3.2,6,0.7
,Florida,12,2019,2019,Brain and Other Nervous System,31010-31040,45-49 years,45-49,White,2106-3,55,1052823,5.2,3.9,6.8,0.7
,Florida,12,2019,2019,Brain and Other Nervous System,31010-31040,50-54 years,50-54,White,2106-3,93,1100506,8.5,6.8,10.4,0.9
,Florida,12,2019,2019,Brain and Other Nervous System,31010-31040,55-59 years,55-59,Black or African American,2054-5,21,222250,9.4,5.8,14.4,2.1
,Florida,12,2019,2019,Brain and Other Nervous System,31010-31040,55-59 years,55-59,White,2106-3,135,1224759,11,9.2,13,0.9
,Florida,12,2019,2019,Brain and Other Nervous System,31010-31040,60-64 years ,60-64,Black or African American,2054-5,18,196053,9.2,5.4,14.5,2.2
,Florida,12,2019,2019,Brain and Other Nervous System,31010-31040,60-64 years ,60-64,White,2106-3,173,1164116,14.9,12.7,17.2,1.1
,Florida,12,2019,2019,Brain and Other Nervous System,31010-31040,65-69 years,65-69,White,2106-3,225,1090943,20.6,18,23.5,1.4
,Florida,12,2019,2019,Brain and Other Nervous System,31010-31040,70-74 years,70-74,White,2106-3,162,1001948,16.2,13.8,18.9,1.3
,Florida,12,2019,2019,Brain and Other Nervous System,31010-31040,75-79 years,75-79,White,2106-3,164,745952,22,18.7,25.6,1.7
,Florida,12,2019,2019,Brain and Other Nervous System,31010-31040,80-84 years,80-84,White,2106-3,112,494156,22.7,18.7,27.3,2.1
,Florida,12,2019,2019,Brain and Other Nervous System,31010-31040,85+ years,85+,White,2106-3,104,488106,21.3,17.4,25.8,2.1
,Florida,12,2019,2019,Colon and Rectum,21041-21052,25-29 years,25-29,Black or African American,2054-5,16,309788,5.2,3,8.4,1.3
,Florida,12,2019,2019,Colon and Rectum,21041-21052,25-29 years,25-29,White,2106-3,26,1010818,2.6,1.7,3.8,0.5
,Florida,12,2019,2019,Colon and Rectum,21041-21052,30-34 years,30-34,Black or African American,2054-5,19,279730,6.8,4.1,10.6,1.6
,Florida,12,2019,2019,Colon and Rectum,21041-21052,30-34 years,30-34,White,2106-3,70,1028411,6.8,5.3,8.6,0.8
,Florida,12,2019,2019,Colon and Rectum,21041-21052,35-39 years,35-39,Black or African American,2054-5,27,262195,10.3,6.8,15,2
,Florida,12,2019,2019,Colon and Rectum,21041-21052,35-39 years,35-39,White,2106-3,92,1016144,9.1,7.3,11.1,0.9
,Florida,12,2019,2019,Colon and Rectum,21041-21052,40-44 years,40-44,Black or African American,2054-5,55,235900,23.3,17.6,30.3,3.1
,Florida,12,2019,2019,Colon and Rectum,21041-21052,40-44 years,40-44,White,2106-3,205,970684,21.1,18.3,24.2,1.5
,Florida,12,2019,2019,Colon and Rectum,21041-21052,45-49 years,45-49,Black or African American,2054-5,88,231191,38.1,30.5,46.9,4.1
,Florida,12,2019,2019,Colon and Rectum,21041-21052,45-49 years,45-49,White,2106-3,401,1052823,38.1,34.5,42,1.9
,Florida,12,2019,2019,Colon and Rectum,21041-21052,50-54 years,50-54,Black or African American,2054-5,149,221283,67.3,57,79.1,5.5
,Florida,12,2019,2019,Colon and Rectum,21041-21052,50-54 years,50-54,White,2106-3,673,1100506,61.2,56.6,66,2.4
,Florida,12,2019,2019,Colon and Rectum,21041-21052,50-54 years,50-54,Other Races and Unknown combined,2131-1,18,Not Applicable,Not Applicable,Not Applicable,Not Applicable,Not Applicable
,Florida,12,2019,2019,Colon and Rectum,21041-21052,55-59 years,55-59,Asian or Pacific Islander,A-PI,21,44405,47.3,29.3,72.3,10.3
,Florida,12,2019,2019,Colon and Rectum,21041-21052,55-59 years,55-59,Black or African American,2054-5,181,222250,81.4,70,94.2,6.1
,Florida,12,2019,2019,Colon and Rectum,21041-21052,55-59 years,55-59,White,2106-3,883,1224759,72.1,67.4,77,2.4
,Florida,12,2019,2019,Colon and Rectum,21041-21052,55-59 years,55-59,Other Races and Unknown combined,2131-1,20,Not Applicable,Not Applicable,Not Applicable,Not Applicable,Not Applicable
,Florida,12,2019,2019,Colon and Rectum,21041-21052,60-64 years ,60-64,Asian or Pacific Islander,A-PI,28,38992,71.8,47.7,103.8,13.6
,Florida,12,2019,2019,Colon and Rectum,21041-21052,60-64 years ,60-64,Black or African American,2054-5,192,196053,97.9,84.6,112.8,7.1
,Florida,12,2019,2019,Colon and Rectum,21041-21052,60-64 years ,60-64,White,2106-3,1042,1164116,89.5,84.2,95.1,2.8
,Florida,12,2019,2019,Colon and Rectum,21041-21052,60-64 years ,60-64,Other Races and Unknown combined,2131-1,34,Not Applicable,Not Applicable,Not Applicable,Not Applicable,Not Applicable
,Florida,12,2019,2019,Colon and Rectum,21041-21052,65-69 years,65-69,Asian or Pacific Islander,A-PI,38,34881,108.9,77.1,149.5,17.7
,Florida,12,2019,2019,Colon and Rectum,21041-21052,65-69 years,65-69,Black or African American,2054-5,199,153315,129.8,112.4,149.1,9.2
,Florida,12,2019,2019,Colon and Rectum,21041-21052,65-69 years,65-69,White,2106-3,1283,1090943,117.6,111.3,124.2,3.3
,Florida,12,2019,2019,Colon and Rectum,21041-21052,65-69 years,65-69,Other Races and Unknown combined,2131-1,31,Not Applicable,Not Applicable,Not Applicable,Not Applicable,Not Applicable
,Florida,12,2019,2019,Colon and Rectum,21041-21052,70-74 years,70-74,Asian or Pacific Islander,A-PI,21,26810,78.3,48.5,119.7,17.1
,Florida,12,2019,2019,Colon and Rectum,21041-21052,70-74 years,70-74,Black or African American,2054-5,166,109842,151.1,129,175.9,11.7
,Florida,12,2019,2019,Colon and Rectum,21041-21052,70-74 years,70-74,White,2106-3,1264,1001948,126.2,119.3,133.3,3.5
,Florida,12,2019,2019,Colon and Rectum,21041-21052,70-74 years,70-74,Other Races and Unknown combined,2131-1,20,Not Applicable,Not Applicable,Not Applicable,Not Applicable,Not Applicable
,Florida,12,2019,2019,Colon and Rectum,21041-21052,75-79 years,75-79,Asian or Pacific Islander,A-PI,23,16967,135.6,85.9,203.4,28.3
,Florida,12,2019,2019,Colon and Rectum,21041-21052,75-79 years,75-79,Black or African American,2054-5,136,70744,192.2,161.3,227.4,16.5
,Florida,12,2019,2019,Colon and Rectum,21041-21052,75-79 years,75-79,White,2106-3,1167,745952,156.4,147.6,165.7,4.6
,Florida,12,2019,2019,Colon and Rectum,21041-21052,75-79 years,75-79,Other Races and Unknown combined,2131-1,19,Not Applicable,Not Applicable,Not Applicable,Not Applicable,Not Applicable
,Florida,12,2019,2019,Colon and Rectum,21041-21052,80-84 years,80-84,Asian or Pacific Islander,A-PI,19,10362,183.4,110.4,286.3,42.1
,Florida,12,2019,2019,Colon and Rectum,21041-21052,80-84 years,80-84,Black or African American,2054-5,91,45831,198.6,159.9,243.8,20.8
,Florida,12,2019,2019,Colon and Rectum,21041-21052,80-84 years,80-84,White,2106-3,973,494156,196.9,184.7,209.7,6.3
,Florida,12,2019,2019,Colon and Rectum,21041-21052,80-84 years,80-84,Other Races and Unknown combined,2131-1,17,Not Applicable,Not Applicable,Not Applicable,Not Applicable,Not Applicable
,Florida,12,2019,2019,Colon and Rectum,21041-21052,85+ years,85+,Black or African American,2054-5,79,39148,201.8,159.8,251.5,22.7
,Florida,12,2019,2019,Colon and Rectum,21041-21052,85+ years,85+,White,2106-3,1124,488106,230.3,217,244.1,6.9
,Florida,12,2019,2019,Leukemias,35011-35043,1-4 years,01-Apr,White,2106-3,56,647178,8.7,6.5,11.2,1.2
,Florida,12,2019,2019,Leukemias,35011-35043,5-9 years,05-Sep,White,2106-3,39,822240,4.7,3.4,6.5,0.8
,Florida,12,2019,2019,Leukemias,35011-35043,10-14 years,Oct-14,White,2106-3,32,899927,3.6,2.4,5,0.6
,Florida,12,2019,2019,Leukemias,35011-35043,15-19 years,15-19,White,2106-3,30,894398,3.4,2.3,4.8,0.6
,Florida,12,2019,2019,Leukemias,35011-35043,20-24 years,20-24,White,2106-3,29,907731,3.2,2.1,4.6,0.6
,Florida,12,2019,2019,Leukemias,35011-35043,25-29 years,25-29,White,2106-3,34,1010818,3.4,2.3,4.7,0.6
,Florida,12,2019,2019,Leukemias,35011-35043,30-34 years,30-34,White,2106-3,57,1028411,5.5,4.2,7.2,0.7
,Florida,12,2019,2019,Leukemias,35011-35043,35-39 years,35-39,White,2106-3,58,1016144,5.7,4.3,7.4,0.7
,Florida,12,2019,2019,Leukemias,35011-35043,40-44 years,40-44,Black or African American,2054-5,16,235900,6.8,3.9,11,1.7
,Florida,12,2019,2019,Leukemias,35011-35043,40-44 years,40-44,White,2106-3,72,970684,7.4,5.8,9.3,0.9
,Florida,12,2019,2019,Leukemias,35011-35043,45-49 years,45-49,Black or African American,2054-5,34,231191,14.7,10.2,20.6,2.5
,Florida,12,2019,2019,Leukemias,35011-35043,45-49 years,45-49,White,2106-3,113,1052823,10.7,8.8,12.9,1
,Florida,12,2019,2019,Leukemias,35011-35043,50-54 years,50-54,Black or African American,2054-5,22,221283,9.9,6.2,15.1,2.1
,Florida,12,2019,2019,Leukemias,35011-35043,50-54 years,50-54,White,2106-3,164,1100506,14.9,12.7,17.4,1.2
,Florida,12,2019,2019,Leukemias,35011-35043,55-59 years,55-59,Black or African American,2054-5,39,222250,17.5,12.5,24,2.8
,Florida,12,2019,2019,Leukemias,35011-35043,55-59 years,55-59,White,2106-3,281,1224759,22.9,20.3,25.8,1.4
,Florida,12,2019,2019,Leukemias,35011-35043,60-64 years ,60-64,Black or African American,2054-5,50,196053,25.5,18.9,33.6,3.6
,Florida,12,2019,2019,Leukemias,35011-35043,60-64 years ,60-64,White,2106-3,435,1164116,37.4,33.9,41,1.8
,Florida,12,2019,2019,Leukemias,35011-35043,65-69 years,65-69,Black or African American,2054-5,48,153315,31.3,23.1,41.5,4.5
,Florida,12,2019,2019,Leukemias,35011-35043,65-69 years,65-69,White,2106-3,536,1090943,49.1,45.1,53.5,2.1
,Florida,12,2019,2019,Leukemias,35011-35043,70-74 years,70-74,Black or African American,2054-5,55,109842,50.1,37.7,65.2,6.8
,Florida,12,2019,2019,Leukemias,35011-35043,70-74 years,70-74,White,2106-3,695,1001948,69.4,64.3,74.7,2.6
,Florida,12,2019,2019,Leukemias,35011-35043,75-79 years,75-79,Black or African American,2054-5,37,70744,52.3,36.8,72.1,8.6
,Florida,12,2019,2019,Leukemias,35011-35043,75-79 years,75-79,White,2106-3,703,745952,94.2,87.4,101.5,3.6
,Florida,12,2019,2019,Leukemias,35011-35043,80-84 years,80-84,Black or African American,2054-5,32,45831,69.8,47.8,98.6,12.3
,Florida,12,2019,2019,Leukemias,35011-35043,80-84 years,80-84,White,2106-3,531,494156,107.5,98.5,117,4.7
,Florida,12,2019,2019,Leukemias,35011-35043,85+ years,85+,Black or African American,2054-5,32,39148,81.7,55.9,115.4,14.4
,Florida,12,2019,2019,Leukemias,35011-35043,85+ years,85+,White,2106-3,496,488106,101.6,92.9,111,4.6
,Florida,12,2019,2019,Myeloma,34000,40-44 years,40-44,White,2106-3,19,970684,2,1.2,3.1,0.4
,Florida,12,2019,2019,Myeloma,34000,45-49 years,45-49,Black or African American,2054-5,20,231191,8.7,5.3,13.4,1.9
,Florida,12,2019,2019,Myeloma,34000,45-49 years,45-49,White,2106-3,48,1052823,4.6,3.4,6,0.7
,Florida,12,2019,2019,Myeloma,34000,50-54 years,50-54,Black or African American,2054-5,47,221283,21.2,15.6,28.2,3.1
,Florida,12,2019,2019,Myeloma,34000,50-54 years,50-54,White,2106-3,93,1100506,8.5,6.8,10.4,0.9
,Florida,12,2019,2019,Myeloma,34000,55-59 years,55-59,Black or African American,2054-5,62,222250,27.9,21.4,35.8,3.5
,Florida,12,2019,2019,Myeloma,34000,55-59 years,55-59,White,2106-3,156,1224759,12.7,10.8,14.9,1
,Florida,12,2019,2019,Myeloma,34000,60-64 years ,60-64,Black or African American,2054-5,84,196053,42.8,34.2,53,4.7
,Florida,12,2019,2019,Myeloma,34000,60-64 years ,60-64,White,2106-3,217,1164116,18.6,16.2,21.3,1.3
,Florida,12,2019,2019,Myeloma,34000,65-69 years,65-69,Black or African American,2054-5,101,153315,65.9,53.7,80,6.6
,Florida,12,2019,2019,Myeloma,34000,65-69 years,65-69,White,2106-3,287,1090943,26.3,23.4,29.5,1.6
,Florida,12,2019,2019,Myeloma,34000,70-74 years,70-74,Black or African American,2054-5,96,109842,87.4,70.8,106.7,8.9
,Florida,12,2019,2019,Myeloma,34000,70-74 years,70-74,White,2106-3,361,1001948,36,32.4,39.9,1.9
,Florida,12,2019,2019,Myeloma,34000,75-79 years,75-79,Black or African American,2054-5,72,70744,101.8,79.6,128.2,12
,Florida,12,2019,2019,Myeloma,34000,75-79 years,75-79,White,2106-3,348,745952,46.7,41.9,51.8,2.5
,Florida,12,2019,2019,Myeloma,34000,80-84 years,80-84,Black or African American,2054-5,34,45831,74.2,51.4,103.7,12.7
,Florida,12,2019,2019,Myeloma,34000,80-84 years,80-84,White,2106-3,275,494156,55.7,49.3,62.6,3.4
,Florida,12,2019,2019,Myeloma,34000,85+ years,85+,Black or African American,2054-5,42,39148,107.3,77.3,145,16.6
,Florida,12,2019,2019,Myeloma,34000,85+ years,85+,White,2106-3,241,488106,49.4,43.3,56,3.2
,Florida,12,2019,2019,Stomach,21020,40-44 years,40-44,White,2106-3,30,970684,3.1,2.1,4.4,0.6
,Florida,12,2019,2019,Stomach,21020,45-49 years,45-49,Black or African American,2054-5,22,231191,9.5,6,14.4,2
,Florida,12,2019,2019,Stomach,21020,45-49 years,45-49,White,2106-3,48,1052823,4.6,3.4,6,0.7
,Florida,12,2019,2019,Stomach,21020,50-54 years,50-54,Black or African American,2054-5,24,221283,10.8,6.9,16.1,2.2
,Florida,12,2019,2019,Stomach,21020,50-54 years,50-54,White,2106-3,71,1100506,6.5,5,8.1,0.8
,Florida,12,2019,2019,Stomach,21020,55-59 years,55-59,Black or African American,2054-5,41,222250,18.4,13.2,25,2.9
,Florida,12,2019,2019,Stomach,21020,55-59 years,55-59,White,2106-3,121,1224759,9.9,8.2,11.8,0.9
,Florida,12,2019,2019,Stomach,21020,60-64 years ,60-64,Black or African American,2054-5,62,196053,31.6,24.2,40.5,4
,Florida,12,2019,2019,Stomach,21020,60-64 years ,60-64,White,2106-3,161,1164116,13.8,11.8,16.1,1.1
,Florida,12,2019,2019,Stomach,21020,65-69 years,65-69,Black or African American,2054-5,58,153315,37.8,28.7,48.9,5
,Florida,12,2019,2019,Stomach,21020,65-69 years,65-69,White,2106-3,214,1090943,19.6,17.1,22.4,1.3
,Florida,12,2019,2019,Stomach,21020,70-74 years,70-74,Black or African American,2054-5,40,109842,36.4,26,49.6,5.8
,Florida,12,2019,2019,Stomach,21020,70-74 years,70-74,White,2106-3,233,1001948,23.3,20.4,26.4,1.5
,Florida,12,2019,2019,Stomach,21020,75-79 years,75-79,Black or African American,2054-5,41,70744,58,41.6,78.6,9.1
,Florida,12,2019,2019,Stomach,21020,75-79 years,75-79,White,2106-3,217,745952,29.1,25.3,33.2,2
,Florida,12,2019,2019,Stomach,21020,80-84 years,80-84,Black or African American,2054-5,28,45831,61.1,40.6,88.3,11.5
,Florida,12,2019,2019,Stomach,21020,80-84 years,80-84,White,2106-3,138,494156,27.9,23.5,33,2.4
,Florida,12,2019,2019,Stomach,21020,85+ years,85+,Black or African American,2054-5,29,39148,74.1,49.6,106.4,13.8
,Florida,12,2019,2019,Stomach,21020,85+ years,85+,White,2106-3,148,488106,30.3,25.6,35.6,2.5
,Florida,12,2019,2019,Thyroid,32010,15-19 years,15-19,White,2106-3,45,894398,5,3.7,6.7,0.8
,Florida,12,2019,2019,Thyroid,32010,20-24 years,20-24,White,2106-3,60,907731,6.6,5,8.5,0.9
,Florida,12,2019,2019,Thyroid,32010,25-29 years,25-29,White,2106-3,104,1010818,10.3,8.4,12.5,1
,Florida,12,2019,2019,Thyroid,32010,30-34 years,30-34,Black or African American,2054-5,22,279730,7.9,4.9,11.9,1.7
,Florida,12,2019,2019,Thyroid,32010,30-34 years,30-34,White,2106-3,154,1028411,15,12.7,17.5,1.2
,Florida,12,2019,2019,Thyroid,32010,35-39 years,35-39,Black or African American,2054-5,22,262195,8.4,5.3,12.7,1.8
,Florida,12,2019,2019,Thyroid,32010,35-39 years,35-39,White,2106-3,172,1016144,16.9,14.5,19.7,1.3
,Florida,12,2019,2019,Thyroid,32010,40-44 years,40-44,Black or African American,2054-5,24,235900,10.2,6.5,15.1,2.1
,Florida,12,2019,2019,Thyroid,32010,40-44 years,40-44,White,2106-3,227,970684,23.4,20.4,26.6,1.6
,Florida,12,2019,2019,Thyroid,32010,45-49 years,45-49,Black or African American,2054-5,24,231191,10.4,6.7,15.4,2.1
,Florida,12,2019,2019,Thyroid,32010,45-49 years,45-49,White,2106-3,250,1052823,23.7,20.9,26.9,1.5
,Florida,12,2019,2019,Thyroid,32010,50-54 years,50-54,Black or African American,2054-5,26,221283,11.7,7.7,17.2,2.3
,Florida,12,2019,2019,Thyroid,32010,50-54 years,50-54,White,2106-3,291,1100506,26.4,23.5,29.7,1.6
,Florida,12,2019,2019,Thyroid,32010,55-59 years,55-59,Black or African American,2054-5,23,222250,10.3,6.6,15.5,2.2
,Florida,12,2019,2019,Thyroid,32010,55-59 years,55-59,White,2106-3,277,1224759,22.6,20,25.4,1.4
,Florida,12,2019,2019,Thyroid,32010,60-64 years ,60-64,Black or African American,2054-5,23,196053,11.7,7.4,17.6,2.4
,Florida,12,2019,2019,Thyroid,32010,60-64 years ,60-64,White,2106-3,247,1164116,21.2,18.7,24,1.4
,Florida,12,2019,2019,Thyroid,32010,65-69 years,65-69,Black or African American,2054-5,28,153315,18.3,12.1,26.4,3.5
,Florida,12,2019,2019,Thyroid,32010,65-69 years,65-69,White,2106-3,273,1090943,25,22.1,28.2,1.5
,Florida,12,2019,2019,Thyroid,32010,70-74 years,70-74,Black or African American,2054-5,16,109842,14.6,8.3,23.7,3.6
,Florida,12,2019,2019,Thyroid,32010,70-74 years,70-74,White,2106-3,265,1001948,26.4,23.4,29.8,1.6
,Florida,12,2019,2019,Thyroid,32010,75-79 years,75-79,White,2106-3,143,745952,19.2,16.2,22.6,1.6
,Florida,12,2019,2019,Thyroid,32010,80-84 years,80-84,White,2106-3,65,494156,13.2,10.2,16.8,1.6
,Florida,12,2019,2019,Thyroid,32010,85+ years,85+,White,2106-3,59,488106,12.1,9.2,15.6,1.6
,Georgia,13,2019,2019,Brain and Other Nervous System,31010-31040,5-9 years,05-Sep,White,2106-3,16,389620,4.1,2.3,6.7,1
,Georgia,13,2019,2019,Brain and Other Nervous System,31010-31040,25-29 years,25-29,White,2106-3,17,423111,4,2.3,6.4,1
,Georgia,13,2019,2019,Brain and Other Nervous System,31010-31040,30-34 years,30-34,White,2106-3,17,417808,4.1,2.4,6.5,1
,Georgia,13,2019,2019,Brain and Other Nervous System,31010-31040,35-39 years,35-39,White,2106-3,21,420040,5,3.1,7.6,1.1
,Georgia,13,2019,2019,Brain and Other Nervous System,31010-31040,40-44 years,40-44,White,2106-3,19,402611,4.7,2.8,7.4,1.1
,Georgia,13,2019,2019,Brain and Other Nervous System,31010-31040,45-49 years,45-49,White,2106-3,25,441098,5.7,3.7,8.4,1.1
,Georgia,13,2019,2019,Brain and Other Nervous System,31010-31040,50-54 years,50-54,White,2106-3,30,435509,6.9,4.6,9.8,1.3
,Georgia,13,2019,2019,Brain and Other Nervous System,31010-31040,55-59 years,55-59,White,2106-3,43,449343,9.6,6.9,12.9,1.5
,Georgia,13,2019,2019,Brain and Other Nervous System,31010-31040,60-64 years ,60-64,White,2106-3,61,407069,15,11.5,19.2,1.9
,Georgia,13,2019,2019,Brain and Other Nervous System,31010-31040,65-69 years,65-69,White,2106-3,68,347733,19.6,15.2,24.8,2.4
,Georgia,13,2019,2019,Brain and Other Nervous System,31010-31040,70-74 years,70-74,White,2106-3,65,295766,22,17,28,2.7
,Georgia,13,2019,2019,Brain and Other Nervous System,31010-31040,75-79 years,75-79,White,2106-3,42,197733,21.2,15.3,28.7,3.3
,Georgia,13,2019,2019,Brain and Other Nervous System,31010-31040,80-84 years,80-84,White,2106-3,28,119524,23.4,15.6,33.9,4.4
,Georgia,13,2019,2019,Brain and Other Nervous System,31010-31040,85+ years,85+,White,2106-3,25,106073,23.6,15.3,34.8,4.7
,Georgia,13,2019,2019,Colon and Rectum,21041-21052,30-34 years,30-34,White,2106-3,20,417808,4.8,2.9,7.4,1.1
,Georgia,13,2019,2019,Colon and Rectum,21041-21052,35-39 years,35-39,Black or African American,2054-5,26,249252,10.4,6.8,15.3,2
,Georgia,13,2019,2019,Colon and Rectum,21041-21052,35-39 years,35-39,White,2106-3,71,420040,16.9,13.2,21.3,2
,Georgia,13,2019,2019,Colon and Rectum,21041-21052,40-44 years,40-44,Black or African American,2054-5,53,231259,22.9,17.2,30,3.1
,Georgia,13,2019,2019,Colon and Rectum,21041-21052,40-44 years,40-44,White,2106-3,84,402611,20.9,16.6,25.8,2.3
,Georgia,13,2019,2019,Colon and Rectum,21041-21052,45-49 years,45-49,Black or African American,2054-5,93,234393,39.7,32,48.6,4.1
,Georgia,13,2019,2019,Colon and Rectum,21041-21052,45-49 years,45-49,White,2106-3,168,441098,38.1,32.5,44.3,2.9
,Georgia,13,2019,2019,Colon and Rectum,21041-21052,50-54 years,50-54,Asian or Pacific Islander,A-PI,17,31700,53.6,31.2,85.9,13
,Georgia,13,2019,2019,Colon and Rectum,21041-21052,50-54 years,50-54,Black or African American,2054-5,165,223314,73.9,63,86.1,5.8
,Georgia,13,2019,2019,Colon and Rectum,21041-21052,50-54 years,50-54,White,2106-3,300,435509,68.9,61.3,77.1,4
,Georgia,13,2019,2019,Colon and Rectum,21041-21052,55-59 years,55-59,Black or African American,2054-5,186,218850,85,73.2,98.1,6.2
,Georgia,13,2019,2019,Colon and Rectum,21041-21052,55-59 years,55-59,White,2106-3,339,449343,75.4,67.6,83.9,4.1
,Georgia,13,2019,2019,Colon and Rectum,21041-21052,60-64 years ,60-64,Asian or Pacific Islander,A-PI,20,22498,88.9,54.3,137.3,19.9
,Georgia,13,2019,2019,Colon and Rectum,21041-21052,60-64 years ,60-64,Black or African American,2054-5,211,185303,113.9,99,130.3,7.8
,Georgia,13,2019,2019,Colon and Rectum,21041-21052,60-64 years ,60-64,White,2106-3,406,407069,99.7,90.3,109.9,4.9
,Georgia,13,2019,2019,Colon and Rectum,21041-21052,65-69 years,65-69,Asian or Pacific Islander,A-PI,24,17505,137.1,87.8,204,28
,Georgia,13,2019,2019,Colon and Rectum,21041-21052,65-69 years,65-69,Black or African American,2054-5,255,143753,177.4,156.3,200.5,11.1
,Georgia,13,2019,2019,Colon and Rectum,21041-21052,65-69 years,65-69,White,2106-3,448,347733,128.8,117.2,141.3,6.1
,Georgia,13,2019,2019,Colon and Rectum,21041-21052,70-74 years,70-74,Black or African American,2054-5,175,98882,177,151.7,205.2,13.4
,Georgia,13,2019,2019,Colon and Rectum,21041-21052,70-74 years,70-74,White,2106-3,442,295766,149.4,135.8,164,7.1
,Georgia,13,2019,2019,Colon and Rectum,21041-21052,75-79 years,75-79,Black or African American,2054-5,117,57960,201.9,166.9,241.9,18.7
,Georgia,13,2019,2019,Colon and Rectum,21041-21052,75-79 years,75-79,White,2106-3,340,197733,171.9,154.2,191.2,9.3
,Georgia,13,2019,2019,Colon and Rectum,21041-21052,80-84 years,80-84,Black or African American,2054-5,73,33836,215.7,169.1,271.3,25.3
,Georgia,13,2019,2019,Colon and Rectum,21041-21052,80-84 years,80-84,White,2106-3,259,119524,216.7,191.1,244.8,13.5
,Georgia,13,2019,2019,Colon and Rectum,21041-21052,85+ years,85+,Black or African American,2054-5,74,28490,259.7,204,326.1,30.2
,Georgia,13,2019,2019,Colon and Rectum,21041-21052,85+ years,85+,White,2106-3,238,106073,224.4,196.8,254.8,14.5
,Georgia,13,2019,2019,Leukemias,35011-35043,1-4 years,01-Apr,White,2106-3,27,300101,9,5.9,13.1,1.7
,Georgia,13,2019,2019,Leukemias,35011-35043,5-9 years,05-Sep,White,2106-3,23,389620,5.9,3.7,8.9,1.2
,Georgia,13,2019,2019,Leukemias,35011-35043,10-14 years,Oct-14,White,2106-3,18,438069,4.1,2.4,6.5,1
,Georgia,13,2019,2019,Leukemias,35011-35043,30-34 years,30-34,White,2106-3,18,417808,4.3,2.6,6.8,1
,Georgia,13,2019,2019,Leukemias,35011-35043,35-39 years,35-39,White,2106-3,19,420040,4.5,2.7,7.1,1
,Georgia,13,2019,2019,Leukemias,35011-35043,40-44 years,40-44,Black or African American,2054-5,19,231259,8.2,4.9,12.8,1.9
,Georgia,13,2019,2019,Leukemias,35011-35043,40-44 years,40-44,White,2106-3,26,402611,6.5,4.2,9.5,1.3
,Georgia,13,2019,2019,Leukemias,35011-35043,45-49 years,45-49,Black or African American,2054-5,20,234393,8.5,5.2,13.2,1.9
,Georgia,13,2019,2019,Leukemias,35011-35043,45-49 years,45-49,White,2106-3,52,441098,11.8,8.8,15.5,1.6
,Georgia,13,2019,2019,Leukemias,35011-35043,50-54 years,50-54,Black or African American,2054-5,22,223314,9.9,6.2,14.9,2.1
,Georgia,13,2019,2019,Leukemias,35011-35043,50-54 years,50-54,White,2106-3,81,435509,18.6,14.8,23.1,2.1
,Georgia,13,2019,2019,Leukemias,35011-35043,55-59 years,55-59,Black or African American,2054-5,29,218850,13.3,8.9,19,2.5
,Georgia,13,2019,2019,Leukemias,35011-35043,55-59 years,55-59,White,2106-3,108,449343,24,19.7,29,2.3
,Georgia,13,2019,2019,Leukemias,35011-35043,60-64 years ,60-64,Black or African American,2054-5,41,185303,22.1,15.9,30,3.5
,Georgia,13,2019,2019,Leukemias,35011-35043,60-64 years ,60-64,White,2106-3,136,407069,33.4,28,39.5,2.9
,Georgia,13,2019,2019,Leukemias,35011-35043,65-69 years,65-69,Black or African American,2054-5,38,143753,26.4,18.7,36.3,4.3
,Georgia,13,2019,2019,Leukemias,35011-35043,65-69 years,65-69,White,2106-3,136,347733,39.1,32.8,46.3,3.4
,Georgia,13,2019,2019,Leukemias,35011-35043,70-74 years,70-74,Black or African American,2054-5,48,98882,48.5,35.8,64.4,7
,Georgia,13,2019,2019,Leukemias,35011-35043,70-74 years,70-74,White,2106-3,185,295766,62.5,53.9,72.2,4.6
,Georgia,13,2019,2019,Leukemias,35011-35043,75-79 years,75-79,Black or African American,2054-5,37,57960,63.8,44.9,88,10.5
,Georgia,13,2019,2019,Leukemias,35011-35043,75-79 years,75-79,White,2106-3,184,197733,93.1,80.1,107.5,6.9
,Georgia,13,2019,2019,Leukemias,35011-35043,80-84 years,80-84,Black or African American,2054-5,26,33836,76.8,50.2,112.6,15.1
,Georgia,13,2019,2019,Leukemias,35011-35043,80-84 years,80-84,White,2106-3,133,119524,111.3,93.2,131.9,9.6
,Georgia,13,2019,2019,Leukemias,35011-35043,85+ years,85+,Black or African American,2054-5,23,28490,80.7,51.2,121.1,16.8
,Georgia,13,2019,2019,Leukemias,35011-35043,85+ years,85+,White,2106-3,107,106073,100.9,82.7,121.9,9.8
,Georgia,13,2019,2019,Myeloma,34000,45-49 years,45-49,Black or African American,2054-5,30,234393,12.8,8.6,18.3,2.3
,Georgia,13,2019,2019,Myeloma,34000,45-49 years,45-49,White,2106-3,16,441098,3.6,2.1,5.9,0.9
,Georgia,13,2019,2019,Myeloma,34000,50-54 years,50-54,Black or African American,2054-5,40,223314,17.9,12.8,24.4,2.8
,Georgia,13,2019,2019,Myeloma,34000,50-54 years,50-54,White,2106-3,23,435509,5.3,3.3,7.9,1.1
,Georgia,13,2019,2019,Myeloma,34000,55-59 years,55-59,Black or African American,2054-5,66,218850,30.2,23.3,38.4,3.7
,Georgia,13,2019,2019,Myeloma,34000,55-59 years,55-59,White,2106-3,46,449343,10.2,7.5,13.7,1.5
,Georgia,13,2019,2019,Myeloma,34000,60-64 years ,60-64,Black or African American,2054-5,75,185303,40.5,31.8,50.7,4.7
,Georgia,13,2019,2019,Myeloma,34000,60-64 years ,60-64,White,2106-3,75,407069,18.4,14.5,23.1,2.1
,Georgia,13,2019,2019,Myeloma,34000,65-69 years,65-69,Black or African American,2054-5,93,143753,64.7,52.2,79.3,6.7
,Georgia,13,2019,2019,Myeloma,34000,65-69 years,65-69,White,2106-3,64,347733,18.4,14.2,23.5,2.3
,Georgia,13,2019,2019,Myeloma,34000,70-74 years,70-74,Black or African American,2054-5,80,98882,80.9,64.2,100.7,9
,Georgia,13,2019,2019,Myeloma,34000,70-74 years,70-74,White,2106-3,101,295766,34.1,27.8,41.5,3.4
,Georgia,13,2019,2019,Myeloma,34000,75-79 years,75-79,Black or African American,2054-5,54,57960,93.2,70,121.6,12.7
,Georgia,13,2019,2019,Myeloma,34000,75-79 years,75-79,White,2106-3,71,197733,35.9,28,45.3,4.3
,Georgia,13,2019,2019,Myeloma,34000,80-84 years,80-84,Black or African American,2054-5,33,33836,97.5,67.1,137,17
,Georgia,13,2019,2019,Myeloma,34000,80-84 years,80-84,White,2106-3,51,119524,42.7,31.8,56.1,6
,Georgia,13,2019,2019,Myeloma,34000,85+ years,85+,Black or African American,2054-5,19,28490,66.7,40.2,104.1,15.3
,Georgia,13,2019,2019,Myeloma,34000,85+ years,85+,White,2106-3,49,106073,46.2,34.2,61.1,6.6
,Georgia,13,2019,2019,Stomach,21020,40-44 years,40-44,White,2106-3,20,402611,5,3,7.7,1.1
,Georgia,13,2019,2019,Stomach,21020,45-49 years,45-49,Black or African American,2054-5,21,234393,9,5.5,13.7,2
,Georgia,13,2019,2019,Stomach,21020,45-49 years,45-49,White,2106-3,21,441098,4.8,2.9,7.3,1
,Georgia,13,2019,2019,Stomach,21020,50-54 years,50-54,Black or African American,2054-5,27,223314,12.1,8,17.6,2.3
,Georgia,13,2019,2019,Stomach,21020,50-54 years,50-54,White,2106-3,23,435509,5.3,3.3,7.9,1.1
,Georgia,13,2019,2019,Stomach,21020,55-59 years,55-59,Black or African American,2054-5,30,218850,13.7,9.2,19.6,2.5
,Georgia,13,2019,2019,Stomach,21020,55-59 years,55-59,White,2106-3,48,449343,10.7,7.9,14.2,1.5
,Georgia,13,2019,2019,Stomach,21020,60-64 years ,60-64,Black or African American,2054-5,42,185303,22.7,16.3,30.6,3.5
,Georgia,13,2019,2019,Stomach,21020,60-64 years ,60-64,White,2106-3,57,407069,14,10.6,18.1,1.9
,Georgia,13,2019,2019,Stomach,21020,65-69 years,65-69,Black or African American,2054-5,41,143753,28.5,20.5,38.7,4.5
,Georgia,13,2019,2019,Stomach,21020,65-69 years,65-69,White,2106-3,67,347733,19.3,14.9,24.5,2.4
,Georgia,13,2019,2019,Stomach,21020,70-74 years,70-74,Black or African American,2054-5,33,98882,33.4,23,46.9,5.8
,Georgia,13,2019,2019,Stomach,21020,70-74 years,70-74,White,2106-3,74,295766,25,19.6,31.4,2.9
,Georgia,13,2019,2019,Stomach,21020,75-79 years,75-79,Black or African American,2054-5,29,57960,50,33.5,71.9,9.3
,Georgia,13,2019,2019,Stomach,21020,75-79 years,75-79,White,2106-3,58,197733,29.3,22.3,37.9,3.9
,Georgia,13,2019,2019,Stomach,21020,80-84 years,80-84,Black or African American,2054-5,19,33836,56.2,33.8,87.7,12.9
,Georgia,13,2019,2019,Stomach,21020,80-84 years,80-84,White,2106-3,49,119524,41,30.3,54.2,5.9
,Georgia,13,2019,2019,Stomach,21020,85+ years,85+,Black or African American,2054-5,16,28490,56.2,32.1,91.2,14
,Georgia,13,2019,2019,Stomach,21020,85+ years,85+,White,2106-3,27,106073,25.5,16.8,37,4.9
,Georgia,13,2019,2019,Thyroid,32010,20-24 years,20-24,White,2106-3,29,408002,7.1,4.8,10.2,1.3
,Georgia,13,2019,2019,Thyroid,32010,25-29 years,25-29,White,2106-3,47,423111,11.1,8.2,14.8,1.6
,Georgia,13,2019,2019,Thyroid,32010,30-34 years,30-34,White,2106-3,65,417808,15.6,12,19.8,1.9
,Georgia,13,2019,2019,Thyroid,32010,35-39 years,35-39,White,2106-3,63,420040,15,11.5,19.2,1.9
,Georgia,13,2019,2019,Thyroid,32010,40-44 years,40-44,Black or African American,2054-5,21,231259,9.1,5.6,13.9,2
,Georgia,13,2019,2019,Thyroid,32010,40-44 years,40-44,White,2106-3,93,402611,23.1,18.6,28.3,2.4
,Georgia,13,2019,2019,Thyroid,32010,45-49 years,45-49,Black or African American,2054-5,34,234393,14.5,10,20.3,2.5
,Georgia,13,2019,2019,Thyroid,32010,45-49 years,45-49,White,2106-3,79,441098,17.9,14.2,22.3,2
,Georgia,13,2019,2019,Thyroid,32010,50-54 years,50-54,Black or African American,2054-5,24,223314,10.7,6.9,16,2.2
,Georgia,13,2019,2019,Thyroid,32010,50-54 years,50-54,White,2106-3,84,435509,19.3,15.4,23.9,2.1
,Georgia,13,2019,2019,Thyroid,32010,55-59 years,55-59,Black or African American,2054-5,32,218850,14.6,10,20.6,2.6
,Georgia,13,2019,2019,Thyroid,32010,55-59 years,55-59,White,2106-3,95,449343,21.1,17.1,25.8,2.2
,Georgia,13,2019,2019,Thyroid,32010,60-64 years ,60-64,Black or African American,2054-5,37,185303,20,14.1,27.5,3.3
,Georgia,13,2019,2019,Thyroid,32010,60-64 years ,60-64,White,2106-3,92,407069,22.6,18.2,27.7,2.4
,Georgia,13,2019,2019,Thyroid,32010,65-69 years,65-69,Black or African American,2054-5,23,143753,16,10.1,24,3.3
,Georgia,13,2019,2019,Thyroid,32010,65-69 years,65-69,White,2106-3,89,347733,25.6,20.6,31.5,2.7
,Georgia,13,2019,2019,Thyroid,32010,70-74 years,70-74,Black or African American,2054-5,19,98882,19.2,11.6,30,4.4
,Georgia,13,2019,2019,Thyroid,32010,70-74 years,70-74,White,2106-3,99,295766,33.5,27.2,40.8,3.4
,Georgia,13,2019,2019,Thyroid,32010,75-79 years,75-79,White,2106-3,39,197733,19.7,14,27,3.2
,Georgia,13,2019,2019,Thyroid,32010,80-84 years,80-84,White,2106-3,20,119524,16.7,10.2,25.8,3.7
,Hawaii,15,2019,2019,Colon and Rectum,21041-21052,45-49 years,45-49,Asian or Pacific Islander,A-PI,19,65531,29,17.5,45.3,6.7
,Hawaii,15,2019,2019,Colon and Rectum,21041-21052,50-54 years,50-54,Asian or Pacific Islander,A-PI,56,65190,85.9,64.9,111.6,11.5
,Hawaii,15,2019,2019,Colon and Rectum,21041-21052,50-54 years,50-54,White,2106-3,16,20112,79.6,45.5,129.2,19.9
,Hawaii,15,2019,2019,Colon and Rectum,21041-21052,55-59 years,55-59,Asian or Pacific Islander,A-PI,55,68317,80.5,60.6,104.8,10.9
,Hawaii,15,2019,2019,Colon and Rectum,21041-21052,55-59 years,55-59,White,2106-3,20,24172,82.7,50.5,127.8,18.5
,Hawaii,15,2019,2019,Colon and Rectum,21041-21052,60-64 years ,60-64,Asian or Pacific Islander,A-PI,72,65154,110.5,86.5,139.2,13
,Hawaii,15,2019,2019,Colon and Rectum,21041-21052,60-64 years ,60-64,White,2106-3,27,26167,103.2,68,150.1,19.9
,Hawaii,15,2019,2019,Colon and Rectum,21041-21052,65-69 years,65-69,Asian or Pacific Islander,A-PI,63,58385,107.9,82.9,138.1,13.6
,Hawaii,15,2019,2019,Colon and Rectum,21041-21052,65-69 years,65-69,White,2106-3,22,26536,82.9,52,125.5,17.7
,Hawaii,15,2019,2019,Colon and Rectum,21041-21052,70-74 years,70-74,Asian or Pacific Islander,A-PI,53,47707,111.1,83.2,145.3,15.3
,Hawaii,15,2019,2019,Colon and Rectum,21041-21052,70-74 years,70-74,White,2106-3,27,22288,121.1,79.8,176.3,23.3
,Hawaii,15,2019,2019,Colon and Rectum,21041-21052,75-79 years,75-79,Asian or Pacific Islander,A-PI,38,32210,118,83.5,161.9,19.1
,Hawaii,15,2019,2019,Colon and Rectum,21041-21052,75-79 years,75-79,White,2106-3,25,13120,190.5,123.3,281.3,38.1
,Hawaii,15,2019,2019,Colon and Rectum,21041-21052,80-84 years,80-84,Asian or Pacific Islander,A-PI,43,21893,196.4,142.1,264.6,30
,Hawaii,15,2019,2019,Colon and Rectum,21041-21052,85+ years,85+,Asian or Pacific Islander,A-PI,73,31899,228.8,179.4,287.7,26.8
,Hawaii,15,2019,2019,Colon and Rectum,21041-21052,85+ years,85+,White,2106-3,20,7805,256.2,156.5,395.7,57.3
,Hawaii,15,2019,2019,Leukemias,35011-35043,65-69 years,65-69,Asian or Pacific Islander,A-PI,19,58385,32.5,19.6,50.8,7.5
,Hawaii,15,2019,2019,Leukemias,35011-35043,75-79 years,75-79,Asian or Pacific Islander,A-PI,17,32210,52.8,30.7,84.5,12.8
,Hawaii,15,2019,2019,Leukemias,35011-35043,75-79 years,75-79,White,2106-3,16,13120,122,69.7,198,30.5
,Hawaii,15,2019,2019,Stomach,21020,85+ years,85+,Asian or Pacific Islander,A-PI,21,31899,65.8,40.8,100.6,14.4
,Hawaii,15,2019,2019,Thyroid,32010,30-34 years,30-34,Asian or Pacific Islander,A-PI,19,70670,26.9,16.2,42,6.2
,Hawaii,15,2019,2019,Thyroid,32010,35-39 years,35-39,Asian or Pacific Islander,A-PI,18,71081,25.3,15,40,6
,Hawaii,15,2019,2019,Thyroid,32010,40-44 years,40-44,Asian or Pacific Islander,A-PI,16,64586,24.8,14.2,40.2,6.2
,Hawaii,15,2019,2019,Thyroid,32010,45-49 years,45-49,Asian or Pacific Islander,A-PI,18,65531,27.5,16.3,43.4,6.5
,Hawaii,15,2019,2019,Thyroid,32010,50-54 years,50-54,Asian or Pacific Islander,A-PI,16,65190,24.5,14,39.9,6.1
,Hawaii,15,2019,2019,Thyroid,32010,55-59 years,55-59,Asian or Pacific Islander,A-PI,17,68317,24.9,14.5,39.8,6
,Idaho,16,2019,2019,Brain and Other Nervous System,31010-31040,55-59 years,55-59,White,2106-3,16,106665,15,8.6,24.4,3.8
,Idaho,16,2019,2019,Brain and Other Nervous System,31010-31040,60-64 years ,60-64,White,2106-3,19,105588,18,10.8,28.1,4.1
,Idaho,16,2019,2019,Brain and Other Nervous System,31010-31040,65-69 years,65-69,White,2106-3,16,95244,16.8,9.6,27.3,4.2
,Idaho,16,2019,2019,Colon and Rectum,21041-21052,40-44 years,40-44,White,2106-3,23,104648,22,13.9,33,4.6
,Idaho,16,2019,2019,Colon and Rectum,21041-21052,45-49 years,45-49,White,2106-3,22,98753,22.3,14,33.7,4.7
,Idaho,16,2019,2019,Colon and Rectum,21041-21052,50-54 years,50-54,White,2106-3,50,95474,52.4,38.9,69,7.4
,Idaho,16,2019,2019,Colon and Rectum,21041-21052,55-59 years,55-59,White,2106-3,80,106665,75,59.5,93.3,8.4
,Idaho,16,2019,2019,Colon and Rectum,21041-21052,60-64 years ,60-64,White,2106-3,89,105588,84.3,67.7,103.7,8.9
,Idaho,16,2019,2019,Colon and Rectum,21041-21052,65-69 years,65-69,White,2106-3,97,95244,101.8,82.6,124.2,10.3
,Idaho,16,2019,2019,Colon and Rectum,21041-21052,70-74 years,70-74,White,2106-3,97,75668,128.2,104,156.4,13
,Idaho,16,2019,2019,Colon and Rectum,21041-21052,75-79 years,75-79,White,2106-3,94,50283,186.9,151.1,228.8,19.3
,Idaho,16,2019,2019,Colon and Rectum,21041-21052,80-84 years,80-84,White,2106-3,67,30474,219.9,170.4,279.2,26.9
,Idaho,16,2019,2019,Colon and Rectum,21041-21052,85+ years,85+,White,2106-3,63,27425,229.7,176.5,293.9,28.9
,Idaho,16,2019,2019,Leukemias,35011-35043,55-59 years,55-59,White,2106-3,26,106665,24.4,15.9,35.7,4.8
,Idaho,16,2019,2019,Leukemias,35011-35043,60-64 years ,60-64,White,2106-3,29,105588,27.5,18.4,39.4,5.1
,Idaho,16,2019,2019,Leukemias,35011-35043,65-69 years,65-69,White,2106-3,40,95244,42,30,57.2,6.6
,Idaho,16,2019,2019,Leukemias,35011-35043,70-74 years,70-74,White,2106-3,53,75668,70,52.5,91.6,9.6
,Idaho,16,2019,2019,Leukemias,35011-35043,75-79 years,75-79,White,2106-3,55,50283,109.4,82.4,142.4,14.7
,Idaho,16,2019,2019,Leukemias,35011-35043,80-84 years,80-84,White,2106-3,35,30474,114.9,80,159.7,19.4
,Idaho,16,2019,2019,Leukemias,35011-35043,85+ years,85+,White,2106-3,39,27425,142.2,101.1,194.4,22.8
,Idaho,16,2019,2019,Myeloma,34000,60-64 years ,60-64,White,2106-3,20,105588,18.9,11.6,29.3,4.2
,Idaho,16,2019,2019,Myeloma,34000,65-69 years,65-69,White,2106-3,26,95244,27.3,17.8,40,5.4
,Idaho,16,2019,2019,Myeloma,34000,70-74 years,70-74,White,2106-3,23,75668,30.4,19.3,45.6,6.3
,Idaho,16,2019,2019,Myeloma,34000,75-79 years,75-79,White,2106-3,28,50283,55.7,37,80.5,10.5
,Idaho,16,2019,2019,Myeloma,34000,80-84 years,80-84,White,2106-3,16,30474,52.5,30,85.3,13.1
,Idaho,16,2019,2019,Thyroid,32010,30-34 years,30-34,White,2106-3,21,107353,19.6,12.1,29.9,4.3
,Idaho,16,2019,2019,Thyroid,32010,35-39 years,35-39,White,2106-3,18,112766,16,9.5,25.2,3.8
,Idaho,16,2019,2019,Thyroid,32010,40-44 years,40-44,White,2106-3,25,104648,23.9,15.5,35.3,4.8
,Idaho,16,2019,2019,Thyroid,32010,45-49 years,45-49,White,2106-3,21,98753,21.3,13.2,32.5,4.6
,Idaho,16,2019,2019,Thyroid,32010,50-54 years,50-54,White,2106-3,28,95474,29.3,19.5,42.4,5.5
,Idaho,16,2019,2019,Thyroid,32010,55-59 years,55-59,White,2106-3,16,106665,15,8.6,24.4,3.8
,Idaho,16,2019,2019,Thyroid,32010,60-64 years ,60-64,White,2106-3,21,105588,19.9,12.3,30.4,4.3
,Idaho,16,2019,2019,Thyroid,32010,65-69 years,65-69,White,2106-3,20,95244,21,12.8,32.4,4.7
,Idaho,16,2019,2019,Thyroid,32010,70-74 years,70-74,White,2106-3,19,75668,25.1,15.1,39.2,5.8
,Illinois,17,2019,2019,Brain and Other Nervous System,31010-31040,1-4 years,01-Apr,White,2106-3,17,452206,3.8,2.2,6,0.9
,Illinois,17,2019,2019,Brain and Other Nervous System,31010-31040,5-9 years,05-Sep,White,2106-3,21,585584,3.6,2.2,5.5,0.8
,Illinois,17,2019,2019,Brain and Other Nervous System,31010-31040,10-14 years,Oct-14,White,2106-3,17,645444,2.6,1.5,4.2,0.6
,Illinois,17,2019,2019,Brain and Other Nervous System,31010-31040,25-29 years,25-29,White,2106-3,21,655186,3.2,2,4.9,0.7
,Illinois,17,2019,2019,Brain and Other Nervous System,31010-31040,30-34 years,30-34,White,2106-3,29,660103,4.4,2.9,6.3,0.8
,Illinois,17,2019,2019,Brain and Other Nervous System,31010-31040,35-39 years,35-39,White,2106-3,37,670509,5.5,3.9,7.6,0.9
,Illinois,17,2019,2019,Brain and Other Nervous System,31010-31040,40-44 years,40-44,White,2106-3,30,622859,4.8,3.2,6.9,0.9
,Illinois,17,2019,2019,Brain and Other Nervous System,31010-31040,45-49 years,45-49,White,2106-3,37,633710,5.8,4.1,8,1
,Illinois,17,2019,2019,Brain and Other Nervous System,31010-31040,50-54 years,50-54,White,2106-3,49,650839,7.5,5.6,10,1.1
,Illinois,17,2019,2019,Brain and Other Nervous System,31010-31040,55-59 years,55-59,White,2106-3,82,706473,11.6,9.2,14.4,1.3
,Illinois,17,2019,2019,Brain and Other Nervous System,31010-31040,60-64 years ,60-64,White,2106-3,74,663087,11.2,8.8,14,1.3
,Illinois,17,2019,2019,Brain and Other Nervous System,31010-31040,65-69 years,65-69,White,2106-3,93,547353,17,13.7,20.8,1.8
,Illinois,17,2019,2019,Brain and Other Nervous System,31010-31040,70-74 years,70-74,White,2106-3,72,422773,17,13.3,21.4,2
,Illinois,17,2019,2019,Brain and Other Nervous System,31010-31040,75-79 years,75-79,White,2106-3,53,289747,18.3,13.7,23.9,2.5
,Illinois,17,2019,2019,Brain and Other Nervous System,31010-31040,80-84 years,80-84,White,2106-3,46,192623,23.9,17.5,31.9,3.5
,Illinois,17,2019,2019,Brain and Other Nervous System,31010-31040,85+ years,85+,White,2106-3,39,208602,18.7,13.3,25.6,3
,Illinois,17,2019,2019,Colon and Rectum,21041-21052,25-29 years,25-29,White,2106-3,24,655186,3.7,2.3,5.5,0.7
,Illinois,17,2019,2019,Colon and Rectum,21041-21052,30-34 years,30-34,White,2106-3,47,660103,7.1,5.2,9.5,1
,Illinois,17,2019,2019,Colon and Rectum,21041-21052,35-39 years,35-39,White,2106-3,68,670509,10.1,7.9,12.9,1.2
,Illinois,17,2019,2019,Colon and Rectum,21041-21052,40-44 years,40-44,Black or African American,2054-5,18,114781,15.7,9.3,24.8,3.7
,Illinois,17,2019,2019,Colon and Rectum,21041-21052,40-44 years,40-44,White,2106-3,123,622859,19.7,16.4,23.6,1.8
,Illinois,17,2019,2019,Colon and Rectum,21041-21052,45-49 years,45-49,Black or African American,2054-5,46,120293,38.2,28,51,5.6
,Illinois,17,2019,2019,Colon and Rectum,21041-21052,45-49 years,45-49,White,2106-3,246,633710,38.8,34.1,44,2.5
,Illinois,17,2019,2019,Colon and Rectum,21041-21052,50-54 years,50-54,Asian or Pacific Islander,A-PI,30,47661,62.9,42.5,89.9,11.5
,Illinois,17,2019,2019,Colon and Rectum,21041-21052,50-54 years,50-54,Black or African American,2054-5,108,115312,93.7,76.8,113.1,9
,Illinois,17,2019,2019,Colon and Rectum,21041-21052,50-54 years,50-54,White,2106-3,387,650839,59.5,53.7,65.7,3
,Illinois,17,2019,2019,Colon and Rectum,21041-21052,55-59 years,55-59,Asian or Pacific Islander,A-PI,17,42384,40.1,23.4,64.2,9.7
,Illinois,17,2019,2019,Colon and Rectum,21041-21052,55-59 years,55-59,Black or African American,2054-5,107,121861,87.8,72,106.1,8.5
,Illinois,17,2019,2019,Colon and Rectum,21041-21052,55-59 years,55-59,White,2106-3,457,706473,64.7,58.9,70.9,3
,Illinois,17,2019,2019,Colon and Rectum,21041-21052,60-64 years ,60-64,Asian or Pacific Islander,A-PI,22,39009,56.4,35.3,85.4,12
,Illinois,17,2019,2019,Colon and Rectum,21041-21052,60-64 years ,60-64,Black or African American,2054-5,143,110578,129.3,109,152.3,10.8
,Illinois,17,2019,2019,Colon and Rectum,21041-21052,60-64 years ,60-64,White,2106-3,597,663087,90,83,97.6,3.7
,Illinois,17,2019,2019,Colon and Rectum,21041-21052,65-69 years,65-69,Asian or Pacific Islander,A-PI,41,34470,118.9,85.4,161.4,18.6
,Illinois,17,2019,2019,Colon and Rectum,21041-21052,65-69 years,65-69,Black or African American,2054-5,134,85755,156.3,130.9,185.1,13.5
,Illinois,17,2019,2019,Colon and Rectum,21041-21052,65-69 years,65-69,White,2106-3,645,547353,117.8,108.9,127.3,4.6
,Illinois,17,2019,2019,Colon and Rectum,21041-21052,65-69 years,65-69,Other Races and Unknown combined,2131-1,18,Not Applicable,Not Applicable,Not Applicable,Not Applicable,Not Applicable
,Illinois,17,2019,2019,Colon and Rectum,21041-21052,70-74 years,70-74,Asian or Pacific Islander,A-PI,30,27010,111.1,74.9,158.6,20.3
,Illinois,17,2019,2019,Colon and Rectum,21041-21052,70-74 years,70-74,Black or African American,2054-5,125,61623,202.8,168.8,241.7,18.1
,Illinois,17,2019,2019,Colon and Rectum,21041-21052,70-74 years,70-74,White,2106-3,591,422773,139.8,128.7,151.5,5.8
,Illinois,17,2019,2019,Colon and Rectum,21041-21052,75-79 years,75-79,Asian or Pacific Islander,A-PI,23,17549,131.1,83.1,196.7,27.3
,Illinois,17,2019,2019,Colon and Rectum,21041-21052,75-79 years,75-79,Black or African American,2054-5,102,41703,244.6,199.4,296.9,24.2
,Illinois,17,2019,2019,Colon and Rectum,21041-21052,75-79 years,75-79,White,2106-3,557,289747,192.2,176.6,208.9,8.1
,Illinois,17,2019,2019,Colon and Rectum,21041-21052,80-84 years,80-84,Black or African American,2054-5,67,27488,243.7,188.9,309.5,29.8
,Illinois,17,2019,2019,Colon and Rectum,21041-21052,80-84 years,80-84,White,2106-3,446,192623,231.5,210.5,254.1,11
,Illinois,17,2019,2019,Colon and Rectum,21041-21052,85+ years,85+,Black or African American,2054-5,67,24908,269,208.5,341.6,32.9
,Illinois,17,2019,2019,Colon and Rectum,21041-21052,85+ years,85+,White,2106-3,600,208602,287.6,265.1,311.6,11.7
,Illinois,17,2019,2019,Leukemias,35011-35043,1-4 years,01-Apr,White,2106-3,40,452206,8.8,6.3,12,1.4
,Illinois,17,2019,2019,Leukemias,35011-35043,5-9 years,05-Sep,White,2106-3,28,585584,4.8,3.2,6.9,0.9
,Illinois,17,2019,2019,Leukemias,35011-35043,10-14 years,Oct-14,White,2106-3,30,645444,4.6,3.1,6.6,0.8
,Illinois,17,2019,2019,Leukemias,35011-35043,15-19 years,15-19,White,2106-3,16,644973,2.5,1.4,4,0.6
,Illinois,17,2019,2019,Leukemias,35011-35043,20-24 years,20-24,White,2106-3,18,618346,2.9,1.7,4.6,0.7
,Illinois,17,2019,2019,Leukemias,35011-35043,25-29 years,25-29,White,2106-3,18,655186,2.7,1.6,4.3,0.6
,Illinois,17,2019,2019,Leukemias,35011-35043,30-34 years,30-34,White,2106-3,20,660103,3,1.9,4.7,0.7
,Illinois,17,2019,2019,Leukemias,35011-35043,35-39 years,35-39,White,2106-3,28,670509,4.2,2.8,6,0.8
,Illinois,17,2019,2019,Leukemias,35011-35043,40-44 years,40-44,White,2106-3,37,622859,5.9,4.2,8.2,1
,Illinois,17,2019,2019,Leukemias,35011-35043,45-49 years,45-49,White,2106-3,72,633710,11.4,8.9,14.3,1.3
,Illinois,17,2019,2019,Leukemias,35011-35043,50-54 years,50-54,Black or African American,2054-5,17,115312,14.7,8.6,23.6,3.6
,Illinois,17,2019,2019,Leukemias,35011-35043,50-54 years,50-54,White,2106-3,83,650839,12.8,10.2,15.8,1.4
,Illinois,17,2019,2019,Leukemias,35011-35043,55-59 years,55-59,Black or African American,2054-5,25,121861,20.5,13.3,30.3,4.1
,Illinois,17,2019,2019,Leukemias,35011-35043,55-59 years,55-59,White,2106-3,150,706473,21.2,18,24.9,1.7
,Illinois,17,2019,2019,Leukemias,35011-35043,60-64 years ,60-64,Black or African American,2054-5,26,110578,23.5,15.4,34.5,4.6
,Illinois,17,2019,2019,Leukemias,35011-35043,60-64 years ,60-64,White,2106-3,171,663087,25.8,22.1,30,2
,Illinois,17,2019,2019,Leukemias,35011-35043,65-69 years,65-69,Black or African American,2054-5,22,85755,25.7,16.1,38.8,5.5
,Illinois,17,2019,2019,Leukemias,35011-35043,65-69 years,65-69,White,2106-3,224,547353,40.9,35.7,46.6,2.7
,Illinois,17,2019,2019,Leukemias,35011-35043,70-74 years,70-74,Black or African American,2054-5,20,61623,32.5,19.8,50.1,7.3
,Illinois,17,2019,2019,Leukemias,35011-35043,70-74 years,70-74,White,2106-3,252,422773,59.6,52.5,67.4,3.8
,Illinois,17,2019,2019,Leukemias,35011-35043,75-79 years,75-79,Black or African American,2054-5,21,41703,50.4,31.2,77,11
,Illinois,17,2019,2019,Leukemias,35011-35043,75-79 years,75-79,White,2106-3,203,289747,70.1,60.8,80.4,4.9
,Illinois,17,2019,2019,Leukemias,35011-35043,80-84 years,80-84,Black or African American,2054-5,19,27488,69.1,41.6,107.9,15.9
,Illinois,17,2019,2019,Leukemias,35011-35043,80-84 years,80-84,White,2106-3,195,192623,101.2,87.5,116.5,7.2
,Illinois,17,2019,2019,Leukemias,35011-35043,85+ years,85+,Black or African American,2054-5,20,24908,80.3,49,124,18
,Illinois,17,2019,2019,Leukemias,35011-35043,85+ years,85+,White,2106-3,180,208602,86.3,74.1,99.9,6.4
,Illinois,17,2019,2019,Myeloma,34000,45-49 years,45-49,White,2106-3,32,633710,5,3.5,7.1,0.9
,Illinois,17,2019,2019,Myeloma,34000,50-54 years,50-54,White,2106-3,39,650839,6,4.3,8.2,1
,Illinois,17,2019,2019,Myeloma,34000,55-59 years,55-59,Black or African American,2054-5,31,121861,25.4,17.3,36.1,4.6
,Illinois,17,2019,2019,Myeloma,34000,55-59 years,55-59,White,2106-3,65,706473,9.2,7.1,11.7,1.1
,Illinois,17,2019,2019,Myeloma,34000,60-64 years ,60-64,Black or African American,2054-5,48,110578,43.4,32,57.6,6.3
,Illinois,17,2019,2019,Myeloma,34000,60-64 years ,60-64,White,2106-3,121,663087,18.2,15.1,21.8,1.7
,Illinois,17,2019,2019,Myeloma,34000,65-69 years,65-69,Black or African American,2054-5,54,85755,63,47.3,82.2,8.6
,Illinois,17,2019,2019,Myeloma,34000,65-69 years,65-69,White,2106-3,122,547353,22.3,18.5,26.6,2
,Illinois,17,2019,2019,Myeloma,34000,70-74 years,70-74,Black or African American,2054-5,39,61623,63.3,45,86.5,10.1
,Illinois,17,2019,2019,Myeloma,34000,70-74 years,70-74,White,2106-3,112,422773,26.5,21.8,31.9,2.5
,Illinois,17,2019,2019,Myeloma,34000,75-79 years,75-79,Black or African American,2054-5,26,41703,62.3,40.7,91.4,12.2
,Illinois,17,2019,2019,Myeloma,34000,75-79 years,75-79,White,2106-3,114,289747,39.3,32.5,47.3,3.7
,Illinois,17,2019,2019,Myeloma,34000,80-84 years,80-84,Black or African American,2054-5,31,27488,112.8,76.6,160.1,20.3
,Illinois,17,2019,2019,Myeloma,34000,80-84 years,80-84,White,2106-3,89,192623,46.2,37.1,56.9,4.9
,Illinois,17,2019,2019,Myeloma,34000,85+ years,85+,Black or African American,2054-5,18,24908,72.3,42.8,114.2,17
,Illinois,17,2019,2019,Myeloma,34000,85+ years,85+,White,2106-3,91,208602,43.6,35.1,53.6,4.6
,Illinois,17,2019,2019,Stomach,21020,40-44 years,40-44,White,2106-3,17,622859,2.7,1.6,4.4,0.7
,Illinois,17,2019,2019,Stomach,21020,45-49 years,45-49,White,2106-3,50,633710,7.9,5.9,10.4,1.1
,Illinois,17,2019,2019,Stomach,21020,50-54 years,50-54,White,2106-3,64,650839,9.8,7.6,12.6,1.2
,Illinois,17,2019,2019,Stomach,21020,55-59 years,55-59,Black or African American,2054-5,22,121861,18.1,11.3,27.3,3.8
,Illinois,17,2019,2019,Stomach,21020,55-59 years,55-59,White,2106-3,73,706473,10.3,8.1,13,1.2
,Illinois,17,2019,2019,Stomach,21020,60-64 years ,60-64,Black or African American,2054-5,23,110578,20.8,13.2,31.2,4.3
,Illinois,17,2019,2019,Stomach,21020,60-64 years ,60-64,White,2106-3,118,663087,17.8,14.7,21.3,1.6
,Illinois,17,2019,2019,Stomach,21020,65-69 years,65-69,Black or African American,2054-5,26,85755,30.3,19.8,44.4,5.9
,Illinois,17,2019,2019,Stomach,21020,65-69 years,65-69,White,2106-3,140,547353,25.6,21.5,30.2,2.2
,Illinois,17,2019,2019,Stomach,21020,70-74 years,70-74,Black or African American,2054-5,40,61623,64.9,46.4,88.4,10.3
,Illinois,17,2019,2019,Stomach,21020,70-74 years,70-74,White,2106-3,127,422773,30,25,35.7,2.7
,Illinois,17,2019,2019,Stomach,21020,75-79 years,75-79,Black or African American,2054-5,29,41703,69.5,46.6,99.9,12.9
,Illinois,17,2019,2019,Stomach,21020,75-79 years,75-79,White,2106-3,88,289747,30.4,24.4,37.4,3.2
,Illinois,17,2019,2019,Stomach,21020,80-84 years,80-84,Black or African American,2054-5,20,27488,72.8,44.4,112.4,16.3
,Illinois,17,2019,2019,Stomach,21020,80-84 years,80-84,White,2106-3,79,192623,41,32.5,51.1,4.6
,Illinois,17,2019,2019,Stomach,21020,85+ years,85+,Black or African American,2054-5,20,24908,80.3,49,124,18
,Illinois,17,2019,2019,Stomach,21020,85+ years,85+,White,2106-3,67,208602,32.1,24.9,40.8,3.9
,Illinois,17,2019,2019,Thyroid,32010,15-19 years,15-19,White,2106-3,25,644973,3.9,2.5,5.7,0.8
,Illinois,17,2019,2019,Thyroid,32010,20-24 years,20-24,White,2106-3,44,618346,7.1,5.2,9.6,1.1
,Illinois,17,2019,2019,Thyroid,32010,25-29 years,25-29,White,2106-3,62,655186,9.5,7.3,12.1,1.2
,Illinois,17,2019,2019,Thyroid,32010,30-34 years,30-34,White,2106-3,93,660103,14.1,11.4,17.3,1.5
,Illinois,17,2019,2019,Thyroid,32010,35-39 years,35-39,Asian or Pacific Islander,A-PI,17,70674,24.1,14,38.5,5.8
,Illinois,17,2019,2019,Thyroid,32010,35-39 years,35-39,White,2106-3,142,670509,21.2,17.8,25,1.8
,Illinois,17,2019,2019,Thyroid,32010,40-44 years,40-44,Black or African American,2054-5,16,114781,13.9,8,22.6,3.5
,Illinois,17,2019,2019,Thyroid,32010,40-44 years,40-44,White,2106-3,123,622859,19.7,16.4,23.6,1.8
,Illinois,17,2019,2019,Thyroid,32010,45-49 years,45-49,White,2106-3,159,633710,25.1,21.3,29.3,2
,Illinois,17,2019,2019,Thyroid,32010,50-54 years,50-54,Black or African American,2054-5,16,115312,13.9,7.9,22.5,3.5
,Illinois,17,2019,2019,Thyroid,32010,50-54 years,50-54,White,2106-3,184,650839,28.3,24.3,32.7,2.1
,Illinois,17,2019,2019,Thyroid,32010,55-59 years,55-59,Black or African American,2054-5,19,121861,15.6,9.4,24.3,3.6
,Illinois,17,2019,2019,Thyroid,32010,55-59 years,55-59,White,2106-3,152,706473,21.5,18.2,25.2,1.7
,Illinois,17,2019,2019,Thyroid,32010,60-64 years ,60-64,White,2106-3,184,663087,27.7,23.9,32.1,2
,Illinois,17,2019,2019,Thyroid,32010,65-69 years,65-69,Black or African American,2054-5,27,85755,31.5,20.7,45.8,6.1
,Illinois,17,2019,2019,Thyroid,32010,65-69 years,65-69,White,2106-3,129,547353,23.6,19.7,28,2.1
,Illinois,17,2019,2019,Thyroid,32010,70-74 years,70-74,White,2106-3,130,422773,30.7,25.7,36.5,2.7
,Illinois,17,2019,2019,Thyroid,32010,75-79 years,75-79,White,2106-3,78,289747,26.9,21.3,33.6,3
,Illinois,17,2019,2019,Thyroid,32010,80-84 years,80-84,White,2106-3,25,192623,13,8.4,19.2,2.6
,Illinois,17,2019,2019,Thyroid,32010,85+ years,85+,White,2106-3,30,208602,14.4,9.7,20.5,2.6
,Indiana,18,2019,2019,Brain and Other Nervous System,31010-31040,1-4 years,01-Apr,White,2106-3,16,275827,5.8,3.3,9.4,1.5
,Indiana,18,2019,2019,Brain and Other Nervous System,31010-31040,15-19 years,15-19,White,2106-3,19,387226,4.9,3,7.7,1.1
,Indiana,18,2019,2019,Brain and Other Nervous System,31010-31040,40-44 years,40-44,White,2106-3,28,348276,8,5.3,11.6,1.5
,Indiana,18,2019,2019,Brain and Other Nervous System,31010-31040,45-49 years,45-49,White,2106-3,21,364029,5.8,3.6,8.8,1.3
,Indiana,18,2019,2019,Brain and Other Nervous System,31010-31040,50-54 years,50-54,White,2106-3,24,366870,6.5,4.2,9.7,1.3
,Indiana,18,2019,2019,Brain and Other Nervous System,31010-31040,55-59 years,55-59,White,2106-3,44,406255,10.8,7.9,14.5,1.6
,Indiana,18,2019,2019,Brain and Other Nervous System,31010-31040,60-64 years ,60-64,White,2106-3,47,385839,12.2,9,16.2,1.8
,Indiana,18,2019,2019,Brain and Other Nervous System,31010-31040,65-69 years,65-69,White,2106-3,58,326800,17.7,13.5,22.9,2.3
,Indiana,18,2019,2019,Brain and Other Nervous System,31010-31040,70-74 years,70-74,White,2106-3,52,253349,20.5,15.3,26.9,2.8
,Indiana,18,2019,2019,Brain and Other Nervous System,31010-31040,75-79 years,75-79,White,2106-3,36,171327,21,14.7,29.1,3.5
,Indiana,18,2019,2019,Brain and Other Nervous System,31010-31040,80-84 years,80-84,White,2106-3,36,111925,32.2,22.5,44.5,5.4
,Indiana,18,2019,2019,Brain and Other Nervous System,31010-31040,85+ years,85+,White,2106-3,27,112480,24,15.8,34.9,4.6
,Indiana,18,2019,2019,Colon and Rectum,21041-21052,30-34 years,30-34,White,2106-3,31,357654,8.7,5.9,12.3,1.6
,Indiana,18,2019,2019,Colon and Rectum,21041-21052,35-39 years,35-39,White,2106-3,48,367710,13.1,9.6,17.3,1.9
,Indiana,18,2019,2019,Colon and Rectum,21041-21052,40-44 years,40-44,White,2106-3,100,348276,28.7,23.4,34.9,2.9
,Indiana,18,2019,2019,Colon and Rectum,21041-21052,45-49 years,45-49,White,2106-3,139,364029,38.2,32.1,45.1,3.2
,Indiana,18,2019,2019,Colon and Rectum,21041-21052,50-54 years,50-54,Black or African American,2054-5,23,37753,60.9,38.6,91.4,12.7
,Indiana,18,2019,2019,Colon and Rectum,21041-21052,50-54 years,50-54,White,2106-3,241,366870,65.7,57.7,74.5,4.2
,Indiana,18,2019,2019,Colon and Rectum,21041-21052,55-59 years,55-59,Black or African American,2054-5,30,38905,77.1,52,110.1,14.1
,Indiana,18,2019,2019,Colon and Rectum,21041-21052,55-59 years,55-59,White,2106-3,301,406255,74.1,66,83,4.3
,Indiana,18,2019,2019,Colon and Rectum,21041-21052,60-64 years ,60-64,Black or African American,2054-5,39,35040,111.3,79.1,152.2,17.8
,Indiana,18,2019,2019,Colon and Rectum,21041-21052,60-64 years ,60-64,White,2106-3,350,385839,90.7,81.5,100.7,4.8
,Indiana,18,2019,2019,Colon and Rectum,21041-21052,65-69 years,65-69,Black or African American,2054-5,30,26393,113.7,76.7,162.3,20.8
,Indiana,18,2019,2019,Colon and Rectum,21041-21052,65-69 years,65-69,White,2106-3,415,326800,127,115.1,139.8,6.2
,Indiana,18,2019,2019,Colon and Rectum,21041-21052,70-74 years,70-74,Black or African American,2054-5,27,17385,155.3,102.3,226,29.9
,Indiana,18,2019,2019,Colon and Rectum,21041-21052,70-74 years,70-74,White,2106-3,415,253349,163.8,148.4,180.3,8
,Indiana,18,2019,2019,Colon and Rectum,21041-21052,75-79 years,75-79,Black or African American,2054-5,20,11266,177.5,108.4,274.2,39.7
,Indiana,18,2019,2019,Colon and Rectum,21041-21052,75-79 years,75-79,White,2106-3,341,171327,199,178.5,221.3,10.8
,Indiana,18,2019,2019,Colon and Rectum,21041-21052,80-84 years,80-84,White,2106-3,313,111925,279.7,249.5,312.4,15.8
,Indiana,18,2019,2019,Colon and Rectum,21041-21052,85+ years,85+,Black or African American,2054-5,27,6676,404.4,266.5,588.4,77.8
,Indiana,18,2019,2019,Colon and Rectum,21041-21052,85+ years,85+,White,2106-3,284,112480,252.5,224,283.6,15
,Indiana,18,2019,2019,Leukemias,35011-35043,1-4 years,01-Apr,White,2106-3,17,275827,6.2,3.6,9.9,1.5
,Indiana,18,2019,2019,Leukemias,35011-35043,35-39 years,35-39,White,2106-3,21,367710,5.7,3.5,8.7,1.2
,Indiana,18,2019,2019,Leukemias,35011-35043,40-44 years,40-44,White,2106-3,18,348276,5.2,3.1,8.2,1.2
,Indiana,18,2019,2019,Leukemias,35011-35043,45-49 years,45-49,White,2106-3,43,364029,11.8,8.5,15.9,1.8
,Indiana,18,2019,2019,Leukemias,35011-35043,50-54 years,50-54,White,2106-3,45,366870,12.3,8.9,16.4,1.8
,Indiana,18,2019,2019,Leukemias,35011-35043,55-59 years,55-59,White,2106-3,81,406255,19.9,15.8,24.8,2.2
,Indiana,18,2019,2019,Leukemias,35011-35043,60-64 years ,60-64,White,2106-3,131,385839,34,28.4,40.3,3
,Indiana,18,2019,2019,Leukemias,35011-35043,65-69 years,65-69,White,2106-3,132,326800,40.4,33.8,47.9,3.5
,Indiana,18,2019,2019,Leukemias,35011-35043,70-74 years,70-74,White,2106-3,139,253349,54.9,46.1,64.8,4.7
,Indiana,18,2019,2019,Leukemias,35011-35043,75-79 years,75-79,White,2106-3,120,171327,70,58.1,83.8,6.4
,Indiana,18,2019,2019,Leukemias,35011-35043,80-84 years,80-84,White,2106-3,118,111925,105.4,87.3,126.3,9.7
,Indiana,18,2019,2019,Leukemias,35011-35043,85+ years,85+,White,2106-3,107,112480,95.1,78,115,9.2
,Indiana,18,2019,2019,Myeloma,34000,45-49 years,45-49,White,2106-3,16,364029,4.4,2.5,7.1,1.1
,Indiana,18,2019,2019,Myeloma,34000,50-54 years,50-54,White,2106-3,27,366870,7.4,4.8,10.7,1.4
,Indiana,18,2019,2019,Myeloma,34000,55-59 years,55-59,White,2106-3,39,406255,9.6,6.8,13.1,1.5
,Indiana,18,2019,2019,Myeloma,34000,60-64 years ,60-64,White,2106-3,59,385839,15.3,11.6,19.7,2
,Indiana,18,2019,2019,Myeloma,34000,65-69 years,65-69,Black or African American,2054-5,17,26393,64.4,37.5,103.1,15.6
,Indiana,18,2019,2019,Myeloma,34000,65-69 years,65-69,White,2106-3,69,326800,21.1,16.4,26.7,2.5
,Indiana,18,2019,2019,Myeloma,34000,70-74 years,70-74,Black or African American,2054-5,18,17385,103.5,61.4,163.6,24.4
,Indiana,18,2019,2019,Myeloma,34000,70-74 years,70-74,White,2106-3,94,253349,37.1,30,45.4,3.8
,Indiana,18,2019,2019,Myeloma,34000,75-79 years,75-79,White,2106-3,73,171327,42.6,33.4,53.6,5
,Indiana,18,2019,2019,Myeloma,34000,80-84 years,80-84,White,2106-3,46,111925,41.1,30.1,54.8,6.1
,Indiana,18,2019,2019,Myeloma,34000,85+ years,85+,White,2106-3,42,112480,37.3,26.9,50.5,5.8
,Indiana,18,2019,2019,Stomach,21020,45-49 years,45-49,White,2106-3,17,364029,4.7,2.7,7.5,1.1
,Indiana,18,2019,2019,Stomach,21020,50-54 years,50-54,White,2106-3,17,366870,4.6,2.7,7.4,1.1
,Indiana,18,2019,2019,Stomach,21020,55-59 years,55-59,White,2106-3,43,406255,10.6,7.7,14.3,1.6
,Indiana,18,2019,2019,Stomach,21020,60-64 years ,60-64,White,2106-3,56,385839,14.5,11,18.8,1.9
,Indiana,18,2019,2019,Stomach,21020,65-69 years,65-69,White,2106-3,59,326800,18.1,13.7,23.3,2.4
,Indiana,18,2019,2019,Stomach,21020,70-74 years,70-74,White,2106-3,51,253349,20.1,15,26.5,2.8
,Indiana,18,2019,2019,Stomach,21020,75-79 years,75-79,White,2106-3,51,171327,29.8,22.2,39.1,4.2
,Indiana,18,2019,2019,Stomach,21020,80-84 years,80-84,White,2106-3,42,111925,37.5,27,50.7,5.8
,Indiana,18,2019,2019,Stomach,21020,85+ years,85+,White,2106-3,29,112480,25.8,17.3,37,4.8
,Indiana,18,2019,2019,Thyroid,32010,20-24 years,20-24,White,2106-3,23,383104,6,3.8,9,1.3
,Indiana,18,2019,2019,Thyroid,32010,25-29 years,25-29,White,2106-3,38,375023,10.1,7.2,13.9,1.6
,Indiana,18,2019,2019,Thyroid,32010,30-34 years,30-34,White,2106-3,52,357654,14.5,10.9,19.1,2
,Indiana,18,2019,2019,Thyroid,32010,35-39 years,35-39,White,2106-3,70,367710,19,14.8,24.1,2.3
,Indiana,18,2019,2019,Thyroid,32010,40-44 years,40-44,White,2106-3,67,348276,19.2,14.9,24.4,2.4
,Indiana,18,2019,2019,Thyroid,32010,45-49 years,45-49,White,2106-3,83,364029,22.8,18.2,28.3,2.5
,Indiana,18,2019,2019,Thyroid,32010,50-54 years,50-54,White,2106-3,57,366870,15.5,11.8,20.1,2.1
,Indiana,18,2019,2019,Thyroid,32010,55-59 years,55-59,White,2106-3,72,406255,17.7,13.9,22.3,2.1
,Indiana,18,2019,2019,Thyroid,32010,60-64 years ,60-64,White,2106-3,86,385839,22.3,17.8,27.5,2.4
,Indiana,18,2019,2019,Thyroid,32010,65-69 years,65-69,White,2106-3,76,326800,23.3,18.3,29.1,2.7
,Indiana,18,2019,2019,Thyroid,32010,70-74 years,70-74,White,2106-3,43,253349,17,12.3,22.9,2.6
,Indiana,18,2019,2019,Thyroid,32010,75-79 years,75-79,White,2106-3,27,171327,15.8,10.4,22.9,3
,Indiana,18,2019,2019,Thyroid,32010,80-84 years,80-84,White,2106-3,19,111925,17,10.2,26.5,3.9
,Iowa,19,2019,2019,Brain and Other Nervous System,31010-31040,55-59 years,55-59,White,2106-3,23,204904,11.2,7.1,16.8,2.3
,Iowa,19,2019,2019,Brain and Other Nervous System,31010-31040,60-64 years ,60-64,White,2106-3,20,199418,10,6.1,15.5,2.2
,Iowa,19,2019,2019,Brain and Other Nervous System,31010-31040,65-69 years,65-69,White,2106-3,30,172680,17.4,11.7,24.8,3.2
,Iowa,19,2019,2019,Brain and Other Nervous System,31010-31040,75-79 years,75-79,White,2106-3,24,89935,26.7,17.1,39.7,5.4
,Iowa,19,2019,2019,Colon and Rectum,21041-21052,30-34 years,30-34,White,2106-3,16,171718,9.3,5.3,15.1,2.3
,Iowa,19,2019,2019,Colon and Rectum,21041-21052,35-39 years,35-39,White,2106-3,21,186308,11.3,7,17.2,2.5
,Iowa,19,2019,2019,Colon and Rectum,21041-21052,40-44 years,40-44,White,2106-3,37,169958,21.8,15.3,30,3.6
,Iowa,19,2019,2019,Colon and Rectum,21041-21052,45-49 years,45-49,White,2106-3,76,167495,45.4,35.7,56.8,5.2
,Iowa,19,2019,2019,Colon and Rectum,21041-21052,50-54 years,50-54,White,2106-3,132,175938,75,62.8,89,6.5
,Iowa,19,2019,2019,Colon and Rectum,21041-21052,55-59 years,55-59,White,2106-3,124,204904,60.5,50.3,72.2,5.4
,Iowa,19,2019,2019,Colon and Rectum,21041-21052,60-64 years ,60-64,White,2106-3,164,199418,82.2,70.1,95.8,6.4
,Iowa,19,2019,2019,Colon and Rectum,21041-21052,65-69 years,65-69,White,2106-3,186,172680,107.7,92.8,124.4,7.9
,Iowa,19,2019,2019,Colon and Rectum,21041-21052,70-74 years,70-74,White,2106-3,184,130040,141.5,121.8,163.5,10.4
,Iowa,19,2019,2019,Colon and Rectum,21041-21052,75-79 years,75-79,White,2106-3,188,89935,209,180.2,241.2,15.2
,Iowa,19,2019,2019,Colon and Rectum,21041-21052,80-84 years,80-84,White,2106-3,195,64178,303.8,262.7,349.6,21.8
,Iowa,19,2019,2019,Colon and Rectum,21041-21052,85+ years,85+,White,2106-3,226,72106,313.4,273.9,357.1,20.8
,Iowa,19,2019,2019,Leukemias,35011-35043,50-54 years,50-54,White,2106-3,23,175938,13.1,8.3,19.6,2.7
,Iowa,19,2019,2019,Leukemias,35011-35043,55-59 years,55-59,White,2106-3,47,204904,22.9,16.9,30.5,3.3
,Iowa,19,2019,2019,Leukemias,35011-35043,60-64 years ,60-64,White,2106-3,59,199418,29.6,22.5,38.2,3.9
,Iowa,19,2019,2019,Leukemias,35011-35043,65-69 years,65-69,White,2106-3,91,172680,52.7,42.4,64.7,5.5
,Iowa,19,2019,2019,Leukemias,35011-35043,70-74 years,70-74,White,2106-3,96,130040,73.8,59.8,90.2,7.5
,Iowa,19,2019,2019,Leukemias,35011-35043,75-79 years,75-79,White,2106-3,82,89935,91.2,72.5,113.2,10.1
,Iowa,19,2019,2019,Leukemias,35011-35043,80-84 years,80-84,White,2106-3,65,64178,101.3,78.2,129.1,12.6
,Iowa,19,2019,2019,Leukemias,35011-35043,85+ years,85+,White,2106-3,91,72106,126.2,101.6,154.9,13.2
,Iowa,19,2019,2019,Myeloma,34000,55-59 years,55-59,White,2106-3,20,204904,9.8,6,15.1,2.2
,Iowa,19,2019,2019,Myeloma,34000,60-64 years ,60-64,White,2106-3,32,199418,16,11,22.7,2.8
,Iowa,19,2019,2019,Myeloma,34000,65-69 years,65-69,White,2106-3,56,172680,32.4,24.5,42.1,4.3
,Iowa,19,2019,2019,Myeloma,34000,70-74 years,70-74,White,2106-3,49,130040,37.7,27.9,49.8,5.4
,Iowa,19,2019,2019,Myeloma,34000,75-79 years,75-79,White,2106-3,48,89935,53.4,39.4,70.8,7.7
,Iowa,19,2019,2019,Myeloma,34000,80-84 years,80-84,White,2106-3,42,64178,65.4,47.2,88.5,10.1
,Iowa,19,2019,2019,Myeloma,34000,85+ years,85+,White,2106-3,39,72106,54.1,38.5,73.9,8.7
,Iowa,19,2019,2019,Stomach,21020,55-59 years,55-59,White,2106-3,18,204904,8.8,5.2,13.9,2.1
,Iowa,19,2019,2019,Stomach,21020,60-64 years ,60-64,White,2106-3,28,199418,14,9.3,20.3,2.7
,Iowa,19,2019,2019,Stomach,21020,65-69 years,65-69,White,2106-3,32,172680,18.5,12.7,26.2,3.3
,Iowa,19,2019,2019,Stomach,21020,70-74 years,70-74,White,2106-3,24,130040,18.5,11.8,27.5,3.8
,Iowa,19,2019,2019,Stomach,21020,75-79 years,75-79,White,2106-3,21,89935,23.4,14.5,35.7,5.1
,Iowa,19,2019,2019,Stomach,21020,80-84 years,80-84,White,2106-3,18,64178,28,16.6,44.3,6.6
,Iowa,19,2019,2019,Stomach,21020,85+ years,85+,White,2106-3,16,72106,22.2,12.7,36,5.5
,Iowa,19,2019,2019,Thyroid,32010,25-29 years,25-29,White,2106-3,19,178205,10.7,6.4,16.6,2.4
,Iowa,19,2019,2019,Thyroid,32010,30-34 years,30-34,White,2106-3,35,171718,20.4,14.2,28.3,3.4
,Iowa,19,2019,2019,Thyroid,32010,35-39 years,35-39,White,2106-3,39,186308,20.9,14.9,28.6,3.4
,Iowa,19,2019,2019,Thyroid,32010,40-44 years,40-44,White,2106-3,38,169958,22.4,15.8,30.7,3.6
,Iowa,19,2019,2019,Thyroid,32010,45-49 years,45-49,White,2106-3,43,167495,25.7,18.6,34.6,3.9
,Iowa,19,2019,2019,Thyroid,32010,50-54 years,50-54,White,2106-3,55,175938,31.3,23.6,40.7,4.2
,Iowa,19,2019,2019,Thyroid,32010,55-59 years,55-59,White,2106-3,39,204904,19,13.5,26,3
,Iowa,19,2019,2019,Thyroid,32010,60-64 years ,60-64,White,2106-3,47,199418,23.6,17.3,31.3,3.4
,Iowa,19,2019,2019,Thyroid,32010,65-69 years,65-69,White,2106-3,44,172680,25.5,18.5,34.2,3.8
,Iowa,19,2019,2019,Thyroid,32010,70-74 years,70-74,White,2106-3,27,130040,20.8,13.7,30.2,4
,Iowa,19,2019,2019,Thyroid,32010,75-79 years,75-79,White,2106-3,29,89935,32.2,21.6,46.3,6
,Kansas,20,2019,2019,Brain and Other Nervous System,31010-31040,45-49 years,45-49,White,2106-3,16,146879,10.9,6.2,17.7,2.7
,Kansas,20,2019,2019,Brain and Other Nervous System,31010-31040,55-59 years,55-59,White,2106-3,22,173687,12.7,7.9,19.2,2.7
,Kansas,20,2019,2019,Brain and Other Nervous System,31010-31040,60-64 years ,60-64,White,2106-3,25,168233,14.9,9.6,21.9,3
,Kansas,20,2019,2019,Brain and Other Nervous System,31010-31040,65-69 years,65-69,White,2106-3,26,143327,18.1,11.8,26.6,3.6
,Kansas,20,2019,2019,Brain and Other Nervous System,31010-31040,70-74 years,70-74,White,2106-3,25,108686,23,14.9,34,4.6
,Kansas,20,2019,2019,Colon and Rectum,21041-21052,35-39 years,35-39,White,2106-3,24,170008,14.1,9,21,2.9
,Kansas,20,2019,2019,Colon and Rectum,21041-21052,40-44 years,40-44,White,2106-3,38,150896,25.2,17.8,34.6,4.1
,Kansas,20,2019,2019,Colon and Rectum,21041-21052,45-49 years,45-49,White,2106-3,61,146879,41.5,31.8,53.3,5.3
,Kansas,20,2019,2019,Colon and Rectum,21041-21052,50-54 years,50-54,White,2106-3,96,148710,64.6,52.3,78.8,6.6
,Kansas,20,2019,2019,Colon and Rectum,21041-21052,55-59 years,55-59,White,2106-3,127,173687,73.1,61,87,6.5
,Kansas,20,2019,2019,Colon and Rectum,21041-21052,60-64 years ,60-64,White,2106-3,132,168233,78.5,65.6,93,6.8
,Kansas,20,2019,2019,Colon and Rectum,21041-21052,65-69 years,65-69,White,2106-3,196,143327,136.8,118.3,157.3,9.8
,Kansas,20,2019,2019,Colon and Rectum,21041-21052,70-74 years,70-74,White,2106-3,165,108686,151.8,129.5,176.8,11.8
,Kansas,20,2019,2019,Colon and Rectum,21041-21052,75-79 years,75-79,White,2106-3,141,73611,191.5,161.2,225.9,16.1
,Kansas,20,2019,2019,Colon and Rectum,21041-21052,80-84 years,80-84,White,2106-3,125,50103,249.5,207.7,297.3,22.3
,Kansas,20,2019,2019,Colon and Rectum,21041-21052,85+ years,85+,White,2106-3,139,56723,245.1,206,289.3,20.8
,Kansas,20,2019,2019,Leukemias,35011-35043,35-39 years,35-39,White,2106-3,17,170008,10,5.8,16,2.4
,Kansas,20,2019,2019,Leukemias,35011-35043,50-54 years,50-54,White,2106-3,19,148710,12.8,7.7,20,2.9
,Kansas,20,2019,2019,Leukemias,35011-35043,55-59 years,55-59,White,2106-3,35,173687,20.2,14,28,3.4
,Kansas,20,2019,2019,Leukemias,35011-35043,60-64 years ,60-64,White,2106-3,42,168233,25,18,33.7,3.9
,Kansas,20,2019,2019,Leukemias,35011-35043,65-69 years,65-69,White,2106-3,67,143327,46.7,36.2,59.4,5.7
,Kansas,20,2019,2019,Leukemias,35011-35043,70-74 years,70-74,White,2106-3,65,108686,59.8,46.2,76.2,7.4
,Kansas,20,2019,2019,Leukemias,35011-35043,75-79 years,75-79,White,2106-3,65,73611,88.3,68.1,112.5,11
,Kansas,20,2019,2019,Leukemias,35011-35043,80-84 years,80-84,White,2106-3,50,50103,99.8,74.1,131.6,14.1
,Kansas,20,2019,2019,Leukemias,35011-35043,85+ years,85+,White,2106-3,62,56723,109.3,83.8,140.1,13.9
,Kansas,20,2019,2019,Myeloma,34000,55-59 years,55-59,White,2106-3,18,173687,10.4,6.1,16.4,2.4
,Kansas,20,2019,2019,Myeloma,34000,60-64 years ,60-64,White,2106-3,29,168233,17.2,11.5,24.8,3.2
,Kansas,20,2019,2019,Myeloma,34000,65-69 years,65-69,White,2106-3,38,143327,26.5,18.8,36.4,4.3
,Kansas,20,2019,2019,Myeloma,34000,70-74 years,70-74,White,2106-3,35,108686,32.2,22.4,44.8,5.4
,Kansas,20,2019,2019,Myeloma,34000,75-79 years,75-79,White,2106-3,33,73611,44.8,30.9,63,7.8
,Kansas,20,2019,2019,Myeloma,34000,80-84 years,80-84,White,2106-3,28,50103,55.9,37.1,80.8,10.6
,Kansas,20,2019,2019,Myeloma,34000,85+ years,85+,White,2106-3,19,56723,33.5,20.2,52.3,7.7
,Kansas,20,2019,2019,Stomach,21020,55-59 years,55-59,White,2106-3,18,173687,10.4,6.1,16.4,2.4
,Kansas,20,2019,2019,Stomach,21020,60-64 years ,60-64,White,2106-3,24,168233,14.3,9.1,21.2,2.9
,Kansas,20,2019,2019,Stomach,21020,65-69 years,65-69,White,2106-3,26,143327,18.1,11.8,26.6,3.6
,Kansas,20,2019,2019,Stomach,21020,70-74 years,70-74,White,2106-3,22,108686,20.2,12.7,30.6,4.3
,Kansas,20,2019,2019,Stomach,21020,75-79 years,75-79,White,2106-3,19,73611,25.8,15.5,40.3,5.9
,Kansas,20,2019,2019,Stomach,21020,80-84 years,80-84,White,2106-3,18,50103,35.9,21.3,56.8,8.5
,Kansas,20,2019,2019,Stomach,21020,85+ years,85+,White,2106-3,17,56723,30,17.5,48,7.3
,Kansas,20,2019,2019,Thyroid,32010,25-29 years,25-29,White,2106-3,24,161798,14.8,9.5,22.1,3
,Kansas,20,2019,2019,Thyroid,32010,30-34 years,30-34,White,2106-3,27,160553,16.8,11.1,24.5,3.2
,Kansas,20,2019,2019,Thyroid,32010,35-39 years,35-39,White,2106-3,29,170008,17.1,11.4,24.5,3.2
,Kansas,20,2019,2019,Thyroid,32010,40-44 years,40-44,White,2106-3,33,150896,21.9,15.1,30.7,3.8
,Kansas,20,2019,2019,Thyroid,32010,45-49 years,45-49,White,2106-3,29,146879,19.7,13.2,28.4,3.7
,Kansas,20,2019,2019,Thyroid,32010,50-54 years,50-54,White,2106-3,30,148710,20.2,13.6,28.8,3.7
,Kansas,20,2019,2019,Thyroid,32010,55-59 years,55-59,White,2106-3,47,173687,27.1,19.9,36,3.9
,Kansas,20,2019,2019,Thyroid,32010,60-64 years ,60-64,White,2106-3,37,168233,22,15.5,30.3,3.6
,Kansas,20,2019,2019,Thyroid,32010,65-69 years,65-69,White,2106-3,50,143327,34.9,25.9,46,4.9
,Kansas,20,2019,2019,Thyroid,32010,70-74 years,70-74,White,2106-3,26,108686,23.9,15.6,35.1,4.7
,Kansas,20,2019,2019,Thyroid,32010,75-79 years,75-79,White,2106-3,22,73611,29.9,18.7,45.2,6.4
,Kentucky,21,2019,2019,Brain and Other Nervous System,31010-31040,40-44 years,40-44,White,2106-3,16,244082,6.6,3.7,10.6,1.6
,Kentucky,21,2019,2019,Brain and Other Nervous System,31010-31040,45-49 years,45-49,White,2106-3,27,256029,10.5,6.9,15.3,2
,Kentucky,21,2019,2019,Brain and Other Nervous System,31010-31040,50-54 years,50-54,White,2106-3,19,259976,7.3,4.4,11.4,1.7
,Kentucky,21,2019,2019,Brain and Other Nervous System,31010-31040,55-59 years,55-59,White,2106-3,34,282973,12,8.3,16.8,2.1
,Kentucky,21,2019,2019,Brain and Other Nervous System,31010-31040,60-64 years ,60-64,White,2106-3,42,267638,15.7,11.3,21.2,2.4
,Kentucky,21,2019,2019,Brain and Other Nervous System,31010-31040,65-69 years,65-69,White,2106-3,38,230447,16.5,11.7,22.6,2.7
,Kentucky,21,2019,2019,Brain and Other Nervous System,31010-31040,70-74 years,70-74,White,2106-3,31,183981,16.8,11.4,23.9,3
,Kentucky,21,2019,2019,Brain and Other Nervous System,31010-31040,75-79 years,75-79,White,2106-3,33,122041,27,18.6,38,4.7
,Kentucky,21,2019,2019,Brain and Other Nervous System,31010-31040,80-84 years,80-84,White,2106-3,22,77009,28.6,17.9,43.3,6.1
,Kentucky,21,2019,2019,Colon and Rectum,21041-21052,30-34 years,30-34,White,2106-3,17,244629,6.9,4,11.1,1.7
,Kentucky,21,2019,2019,Colon and Rectum,21041-21052,35-39 years,35-39,White,2106-3,26,252000,10.3,6.7,15.1,2
,Kentucky,21,2019,2019,Colon and Rectum,21041-21052,40-44 years,40-44,White,2106-3,62,244082,25.4,19.5,32.6,3.2
,Kentucky,21,2019,2019,Colon and Rectum,21041-21052,45-49 years,45-49,White,2106-3,129,256029,50.4,42.1,59.9,4.4
,Kentucky,21,2019,2019,Colon and Rectum,21041-21052,50-54 years,50-54,Black or African American,2054-5,21,22308,94.1,58.3,143.9,20.5
,Kentucky,21,2019,2019,Colon and Rectum,21041-21052,50-54 years,50-54,White,2106-3,217,259976,83.5,72.7,95.3,5.7
,Kentucky,21,2019,2019,Colon and Rectum,21041-21052,55-59 years,55-59,Black or African American,2054-5,25,24102,103.7,67.1,153.1,20.7
,Kentucky,21,2019,2019,Colon and Rectum,21041-21052,55-59 years,55-59,White,2106-3,248,282973,87.6,77.1,99.3,5.6
,Kentucky,21,2019,2019,Colon and Rectum,21041-21052,60-64 years ,60-64,Black or African American,2054-5,25,21919,114.1,73.8,168.4,22.8
,Kentucky,21,2019,2019,Colon and Rectum,21041-21052,60-64 years ,60-64,White,2106-3,327,267638,122.2,109.3,136.2,6.8
,Kentucky,21,2019,2019,Colon and Rectum,21041-21052,65-69 years,65-69,Black or African American,2054-5,19,16497,115.2,69.3,179.9,26.4
,Kentucky,21,2019,2019,Colon and Rectum,21041-21052,65-69 years,65-69,White,2106-3,347,230447,150.6,135.1,167.3,8.1
,Kentucky,21,2019,2019,Colon and Rectum,21041-21052,70-74 years,70-74,Black or African American,2054-5,16,10678,149.8,85.6,243.3,37.5
,Kentucky,21,2019,2019,Colon and Rectum,21041-21052,70-74 years,70-74,White,2106-3,302,183981,164.1,146.2,183.7,9.4
,Kentucky,21,2019,2019,Colon and Rectum,21041-21052,75-79 years,75-79,Black or African American,2054-5,19,6437,295.2,177.7,460.9,67.7
,Kentucky,21,2019,2019,Colon and Rectum,21041-21052,75-79 years,75-79,White,2106-3,282,122041,231.1,204.9,259.7,13.8
,Kentucky,21,2019,2019,Colon and Rectum,21041-21052,80-84 years,80-84,White,2106-3,211,77009,274,238.3,313.6,18.9
,Kentucky,21,2019,2019,Colon and Rectum,21041-21052,85+ years,85+,White,2106-3,214,69644,307.3,267.5,351.3,21
,Kentucky,21,2019,2019,Leukemias,35011-35043,1-4 years,01-Apr,White,2106-3,23,188884,12.2,7.7,18.3,2.5
,Kentucky,21,2019,2019,Leukemias,35011-35043,35-39 years,35-39,White,2106-3,19,252000,7.5,4.5,11.8,1.7
,Kentucky,21,2019,2019,Leukemias,35011-35043,40-44 years,40-44,White,2106-3,22,244082,9,5.6,13.6,1.9
,Kentucky,21,2019,2019,Leukemias,35011-35043,45-49 years,45-49,White,2106-3,36,256029,14.1,9.8,19.5,2.3
,Kentucky,21,2019,2019,Leukemias,35011-35043,50-54 years,50-54,White,2106-3,51,259976,19.6,14.6,25.8,2.7
,Kentucky,21,2019,2019,Leukemias,35011-35043,55-59 years,55-59,White,2106-3,78,282973,27.6,21.8,34.4,3.1
,Kentucky,21,2019,2019,Leukemias,35011-35043,60-64 years ,60-64,White,2106-3,106,267638,39.6,32.4,47.9,3.8
,Kentucky,21,2019,2019,Leukemias,35011-35043,65-69 years,65-69,White,2106-3,131,230447,56.8,47.5,67.5,5
,Kentucky,21,2019,2019,Leukemias,35011-35043,70-74 years,70-74,White,2106-3,112,183981,60.9,50.1,73.2,5.8
,Kentucky,21,2019,2019,Leukemias,35011-35043,75-79 years,75-79,White,2106-3,98,122041,80.3,65.2,97.9,8.1
,Kentucky,21,2019,2019,Leukemias,35011-35043,80-84 years,80-84,White,2106-3,90,77009,116.9,94,143.7,12.3
,Kentucky,21,2019,2019,Leukemias,35011-35043,85+ years,85+,White,2106-3,78,69644,112,88.5,139.8,12.7
,Kentucky,21,2019,2019,Myeloma,34000,50-54 years,50-54,White,2106-3,18,259976,6.9,4.1,10.9,1.6
,Kentucky,21,2019,2019,Myeloma,34000,55-59 years,55-59,White,2106-3,21,282973,7.4,4.6,11.3,1.6
,Kentucky,21,2019,2019,Myeloma,34000,60-64 years ,60-64,White,2106-3,49,267638,18.3,13.5,24.2,2.6
,Kentucky,21,2019,2019,Myeloma,34000,65-69 years,65-69,White,2106-3,64,230447,27.8,21.4,35.5,3.5
,Kentucky,21,2019,2019,Myeloma,34000,70-74 years,70-74,White,2106-3,58,183981,31.5,23.9,40.8,4.1
,Kentucky,21,2019,2019,Myeloma,34000,75-79 years,75-79,White,2106-3,53,122041,43.4,32.5,56.8,6
,Kentucky,21,2019,2019,Myeloma,34000,80-84 years,80-84,White,2106-3,46,77009,59.7,43.7,79.7,8.8
,Kentucky,21,2019,2019,Myeloma,34000,85+ years,85+,White,2106-3,32,69644,45.9,31.4,64.9,8.1
,Kentucky,21,2019,2019,Stomach,21020,55-59 years,55-59,White,2106-3,27,282973,9.5,6.3,13.9,1.8
,Kentucky,21,2019,2019,Stomach,21020,60-64 years ,60-64,White,2106-3,47,267638,17.6,12.9,23.4,2.6
,Kentucky,21,2019,2019,Stomach,21020,65-69 years,65-69,White,2106-3,43,230447,18.7,13.5,25.1,2.8
,Kentucky,21,2019,2019,Stomach,21020,70-74 years,70-74,White,2106-3,41,183981,22.3,16,30.2,3.5
,Kentucky,21,2019,2019,Stomach,21020,75-79 years,75-79,White,2106-3,38,122041,31.1,22,42.7,5.1
,Kentucky,21,2019,2019,Stomach,21020,80-84 years,80-84,White,2106-3,28,77009,36.4,24.2,52.5,6.9
,Kentucky,21,2019,2019,Stomach,21020,85+ years,85+,White,2106-3,16,69644,23,13.1,37.3,5.7
,Kentucky,21,2019,2019,Thyroid,32010,15-19 years,15-19,White,2106-3,20,250119,8,4.9,12.3,1.8
,Kentucky,21,2019,2019,Thyroid,32010,20-24 years,20-24,White,2106-3,17,252913,6.7,3.9,10.8,1.6
,Kentucky,21,2019,2019,Thyroid,32010,25-29 years,25-29,White,2106-3,35,263506,13.3,9.3,18.5,2.2
,Kentucky,21,2019,2019,Thyroid,32010,30-34 years,30-34,White,2106-3,53,244629,21.7,16.2,28.3,3
,Kentucky,21,2019,2019,Thyroid,32010,35-39 years,35-39,White,2106-3,63,252000,25,19.2,32,3.1
,Kentucky,21,2019,2019,Thyroid,32010,40-44 years,40-44,White,2106-3,66,244082,27,20.9,34.4,3.3
,Kentucky,21,2019,2019,Thyroid,32010,45-49 years,45-49,White,2106-3,63,256029,24.6,18.9,31.5,3.1
,Kentucky,21,2019,2019,Thyroid,32010,50-54 years,50-54,White,2106-3,58,259976,22.3,16.9,28.8,2.9
,Kentucky,21,2019,2019,Thyroid,32010,55-59 years,55-59,White,2106-3,57,282973,20.1,15.3,26.1,2.7
,Kentucky,21,2019,2019,Thyroid,32010,60-64 years ,60-64,White,2106-3,63,267638,23.5,18.1,30.1,3
,Kentucky,21,2019,2019,Thyroid,32010,65-69 years,65-69,White,2106-3,51,230447,22.1,16.5,29.1,3.1
,Kentucky,21,2019,2019,Thyroid,32010,70-74 years,70-74,White,2106-3,36,183981,19.6,13.7,27.1,3.3
,Kentucky,21,2019,2019,Thyroid,32010,75-79 years,75-79,White,2106-3,20,122041,16.4,10,25.3,3.7
,Louisiana,22,2019,2019,Brain and Other Nervous System,31010-31040,55-59 years,55-59,White,2106-3,19,210070,9,5.4,14.1,2.1
,Louisiana,22,2019,2019,Brain and Other Nervous System,31010-31040,60-64 years ,60-64,White,2106-3,30,202015,14.9,10,21.2,2.7
,Louisiana,22,2019,2019,Brain and Other Nervous System,31010-31040,65-69 years,65-69,White,2106-3,24,172515,13.9,8.9,20.7,2.8
,Louisiana,22,2019,2019,Brain and Other Nervous System,31010-31040,70-74 years,70-74,White,2106-3,33,138504,23.8,16.4,33.5,4.1
,Louisiana,22,2019,2019,Brain and Other Nervous System,31010-31040,75-79 years,75-79,White,2106-3,19,94477,20.1,12.1,31.4,4.6
,Louisiana,22,2019,2019,Colon and Rectum,21041-21052,25-29 years,25-29,White,2106-3,17,195519,8.7,5.1,13.9,2.1
,Louisiana,22,2019,2019,Colon and Rectum,21041-21052,30-34 years,30-34,White,2106-3,21,201838,10.4,6.4,15.9,2.3
,Louisiana,22,2019,2019,Colon and Rectum,21041-21052,35-39 years,35-39,White,2106-3,34,205329,16.6,11.5,23.1,2.8
,Louisiana,22,2019,2019,Colon and Rectum,21041-21052,40-44 years,40-44,Black or African American,2054-5,28,89475,31.3,20.8,45.2,5.9
,Louisiana,22,2019,2019,Colon and Rectum,21041-21052,40-44 years,40-44,White,2106-3,48,179383,26.8,19.7,35.5,3.9
,Louisiana,22,2019,2019,Colon and Rectum,21041-21052,45-49 years,45-49,Black or African American,2054-5,43,82748,52,37.6,70,7.9
,Louisiana,22,2019,2019,Colon and Rectum,21041-21052,45-49 years,45-49,White,2106-3,92,180414,51,41.1,62.5,5.3
,Louisiana,22,2019,2019,Colon and Rectum,21041-21052,50-54 years,50-54,Black or African American,2054-5,108,86655,124.6,102.2,150.5,12
,Louisiana,22,2019,2019,Colon and Rectum,21041-21052,50-54 years,50-54,White,2106-3,157,186445,84.2,71.6,98.5,6.7
,Louisiana,22,2019,2019,Colon and Rectum,21041-21052,55-59 years,55-59,Black or African American,2054-5,125,93304,134,111.5,159.6,12
,Louisiana,22,2019,2019,Colon and Rectum,21041-21052,55-59 years,55-59,White,2106-3,164,210070,78.1,66.6,91,6.1
,Louisiana,22,2019,2019,Colon and Rectum,21041-21052,60-64 years ,60-64,Black or African American,2054-5,140,87459,160.1,134.7,188.9,13.5
,Louisiana,22,2019,2019,Colon and Rectum,21041-21052,60-64 years ,60-64,White,2106-3,198,202015,98,84.8,112.7,7
,Louisiana,22,2019,2019,Colon and Rectum,21041-21052,65-69 years,65-69,Black or African American,2054-5,146,70004,208.6,176.1,245.3,17.3
,Louisiana,22,2019,2019,Colon and Rectum,21041-21052,65-69 years,65-69,White,2106-3,248,172515,143.8,126.4,162.8,9.1
,Louisiana,22,2019,2019,Colon and Rectum,21041-21052,70-74 years,70-74,Black or African American,2054-5,112,47695,234.8,193.4,282.6,22.2
,Louisiana,22,2019,2019,Colon and Rectum,21041-21052,70-74 years,70-74,White,2106-3,240,138504,173.3,152,196.6,11.2
,Louisiana,22,2019,2019,Colon and Rectum,21041-21052,75-79 years,75-79,Black or African American,2054-5,65,29082,223.5,172.5,284.9,27.7
,Louisiana,22,2019,2019,Colon and Rectum,21041-21052,75-79 years,75-79,White,2106-3,181,94477,191.6,164.7,221.6,14.2
,Louisiana,22,2019,2019,Colon and Rectum,21041-21052,80-84 years,80-84,Black or African American,2054-5,39,18445,211.4,150.4,289,33.9
,Louisiana,22,2019,2019,Colon and Rectum,21041-21052,80-84 years,80-84,White,2106-3,139,60832,228.5,192.1,269.8,19.4
,Louisiana,22,2019,2019,Colon and Rectum,21041-21052,85+ years,85+,Black or African American,2054-5,41,15845,258.8,185.7,351,40.4
,Louisiana,22,2019,2019,Colon and Rectum,21041-21052,85+ years,85+,White,2106-3,127,56627,224.3,187,266.8,19.9
,Louisiana,22,2019,2019,Leukemias,35011-35043,1-4 years,01-Apr,White,2106-3,19,142025,13.4,8.1,20.9,3.1
,Louisiana,22,2019,2019,Leukemias,35011-35043,45-49 years,45-49,White,2106-3,16,180414,8.9,5.1,14.4,2.2
,Louisiana,22,2019,2019,Leukemias,35011-35043,50-54 years,50-54,White,2106-3,43,186445,23.1,16.7,31.1,3.5
,Louisiana,22,2019,2019,Leukemias,35011-35043,55-59 years,55-59,White,2106-3,50,210070,23.8,17.7,31.4,3.4
,Louisiana,22,2019,2019,Leukemias,35011-35043,60-64 years ,60-64,Black or African American,2054-5,20,87459,22.9,14,35.3,5.1
,Louisiana,22,2019,2019,Leukemias,35011-35043,60-64 years ,60-64,White,2106-3,62,202015,30.7,23.5,39.3,3.9
,Louisiana,22,2019,2019,Leukemias,35011-35043,65-69 years,65-69,White,2106-3,74,172515,42.9,33.7,53.9,5
,Louisiana,22,2019,2019,Leukemias,35011-35043,70-74 years,70-74,Black or African American,2054-5,21,47695,44,27.3,67.3,9.6
,Louisiana,22,2019,2019,Leukemias,35011-35043,70-74 years,70-74,White,2106-3,95,138504,68.6,55.5,83.8,7
,Louisiana,22,2019,2019,Leukemias,35011-35043,75-79 years,75-79,Black or African American,2054-5,17,29082,58.5,34.1,93.6,14.2
,Louisiana,22,2019,2019,Leukemias,35011-35043,75-79 years,75-79,White,2106-3,74,94477,78.3,61.5,98.3,9.1
,Louisiana,22,2019,2019,Leukemias,35011-35043,80-84 years,80-84,Black or African American,2054-5,26,18445,141,92.1,206.5,27.6
,Louisiana,22,2019,2019,Leukemias,35011-35043,80-84 years,80-84,White,2106-3,70,60832,115.1,89.7,145.4,13.8
,Louisiana,22,2019,2019,Leukemias,35011-35043,85+ years,85+,White,2106-3,70,56627,123.6,96.4,156.2,14.8
,Louisiana,22,2019,2019,Myeloma,34000,55-59 years,55-59,Black or African American,2054-5,25,93304,26.8,17.3,39.6,5.4
,Louisiana,22,2019,2019,Myeloma,34000,55-59 years,55-59,White,2106-3,18,210070,8.6,5.1,13.5,2
,Louisiana,22,2019,2019,Myeloma,34000,60-64 years ,60-64,Black or African American,2054-5,37,87459,42.3,29.8,58.3,7
,Louisiana,22,2019,2019,Myeloma,34000,60-64 years ,60-64,White,2106-3,38,202015,18.8,13.3,25.8,3.1
,Louisiana,22,2019,2019,Myeloma,34000,65-69 years,65-69,Black or African American,2054-5,53,70004,75.7,56.7,99,10.4
,Louisiana,22,2019,2019,Myeloma,34000,65-69 years,65-69,White,2106-3,51,172515,29.6,22,38.9,4.1
,Louisiana,22,2019,2019,Myeloma,34000,70-74 years,70-74,Black or African American,2054-5,32,47695,67.1,45.9,94.7,11.9
,Louisiana,22,2019,2019,Myeloma,34000,70-74 years,70-74,White,2106-3,46,138504,33.2,24.3,44.3,4.9
,Louisiana,22,2019,2019,Myeloma,34000,75-79 years,75-79,Black or African American,2054-5,30,29082,103.2,69.6,147.3,18.8
,Louisiana,22,2019,2019,Myeloma,34000,75-79 years,75-79,White,2106-3,42,94477,44.5,32,60.1,6.9
,Louisiana,22,2019,2019,Myeloma,34000,80-84 years,80-84,Black or African American,2054-5,17,18445,92.2,53.7,147.6,22.4
,Louisiana,22,2019,2019,Myeloma,34000,80-84 years,80-84,White,2106-3,19,60832,31.2,18.8,48.8,7.2
,Louisiana,22,2019,2019,Myeloma,34000,85+ years,85+,White,2106-3,25,56627,44.1,28.6,65.2,8.8
,Louisiana,22,2019,2019,Stomach,21020,55-59 years,55-59,Black or African American,2054-5,23,93304,24.7,15.6,37,5.1
,Louisiana,22,2019,2019,Stomach,21020,55-59 years,55-59,White,2106-3,24,210070,11.4,7.3,17,2.3
,Louisiana,22,2019,2019,Stomach,21020,60-64 years ,60-64,Black or African American,2054-5,24,87459,27.4,17.6,40.8,5.6
,Louisiana,22,2019,2019,Stomach,21020,60-64 years ,60-64,White,2106-3,39,202015,19.3,13.7,26.4,3.1
,Louisiana,22,2019,2019,Stomach,21020,65-69 years,65-69,Black or African American,2054-5,25,70004,35.7,23.1,52.7,7.1
,Louisiana,22,2019,2019,Stomach,21020,65-69 years,65-69,White,2106-3,22,172515,12.8,8,19.3,2.7
,Louisiana,22,2019,2019,Stomach,21020,70-74 years,70-74,Black or African American,2054-5,21,47695,44,27.3,67.3,9.6
,Louisiana,22,2019,2019,Stomach,21020,70-74 years,70-74,White,2106-3,35,138504,25.3,17.6,35.1,4.3
,Louisiana,22,2019,2019,Stomach,21020,75-79 years,75-79,Black or African American,2054-5,20,29082,68.8,42,106.2,15.4
,Louisiana,22,2019,2019,Stomach,21020,75-79 years,75-79,White,2106-3,24,94477,25.4,16.3,37.8,5.2
,Louisiana,22,2019,2019,Stomach,21020,85+ years,85+,White,2106-3,22,56627,38.9,24.3,58.8,8.3
,Louisiana,22,2019,2019,Thyroid,32010,20-24 years,20-24,White,2106-3,19,175348,10.8,6.5,16.9,2.5
,Louisiana,22,2019,2019,Thyroid,32010,25-29 years,25-29,White,2106-3,22,195519,11.3,7.1,17,2.4
,Louisiana,22,2019,2019,Thyroid,32010,30-34 years,30-34,White,2106-3,29,201838,14.4,9.6,20.6,2.7
,Louisiana,22,2019,2019,Thyroid,32010,35-39 years,35-39,White,2106-3,43,205329,20.9,15.2,28.2,3.2
,Louisiana,22,2019,2019,Thyroid,32010,40-44 years,40-44,White,2106-3,44,179383,24.5,17.8,32.9,3.7
,Louisiana,22,2019,2019,Thyroid,32010,45-49 years,45-49,White,2106-3,60,180414,33.3,25.4,42.8,4.3
,Louisiana,22,2019,2019,Thyroid,32010,50-54 years,50-54,White,2106-3,47,186445,25.2,18.5,33.5,3.7
,Louisiana,22,2019,2019,Thyroid,32010,55-59 years,55-59,Black or African American,2054-5,23,93304,24.7,15.6,37,5.1
,Louisiana,22,2019,2019,Thyroid,32010,55-59 years,55-59,White,2106-3,55,210070,26.2,19.7,34.1,3.5
,Louisiana,22,2019,2019,Thyroid,32010,60-64 years ,60-64,Black or African American,2054-5,23,87459,26.3,16.7,39.5,5.5
,Louisiana,22,2019,2019,Thyroid,32010,60-64 years ,60-64,White,2106-3,67,202015,33.2,25.7,42.1,4.1
,Louisiana,22,2019,2019,Thyroid,32010,65-69 years,65-69,White,2106-3,55,172515,31.9,24,41.5,4.3
,Louisiana,22,2019,2019,Thyroid,32010,70-74 years,70-74,White,2106-3,49,138504,35.4,26.2,46.8,5.1
,Louisiana,22,2019,2019,Thyroid,32010,75-79 years,75-79,White,2106-3,22,94477,23.3,14.6,35.3,5
,Maine,23,2019,2019,Colon and Rectum,21041-21052,45-49 years,45-49,White,2106-3,34,81427,41.8,28.9,58.3,7.2
,Maine,23,2019,2019,Colon and Rectum,21041-21052,50-54 years,50-54,White,2106-3,71,90117,78.8,61.5,99.4,9.4
,Maine,23,2019,2019,Colon and Rectum,21041-21052,55-59 years,55-59,White,2106-3,60,105432,56.9,43.4,73.3,7.3
,Maine,23,2019,2019,Colon and Rectum,21041-21052,60-64 years ,60-64,White,2106-3,82,104696,78.3,62.3,97.2,8.6
,Maine,23,2019,2019,Colon and Rectum,21041-21052,65-69 years,65-69,White,2106-3,98,92965,105.4,85.6,128.5,10.6
,Maine,23,2019,2019,Colon and Rectum,21041-21052,70-74 years,70-74,White,2106-3,81,74008,109.4,86.9,136,12.2
,Maine,23,2019,2019,Colon and Rectum,21041-21052,75-79 years,75-79,White,2106-3,63,48414,130.1,100,166.5,16.4
,Maine,23,2019,2019,Colon and Rectum,21041-21052,80-84 years,80-84,White,2106-3,76,30583,248.5,195.8,311,28.5
,Maine,23,2019,2019,Colon and Rectum,21041-21052,85+ years,85+,White,2106-3,97,31072,312.2,253.2,380.8,31.7
,Maine,23,2019,2019,Leukemias,35011-35043,50-54 years,50-54,White,2106-3,17,90117,18.9,11,30.2,4.6
,Maine,23,2019,2019,Leukemias,35011-35043,55-59 years,55-59,White,2106-3,26,105432,24.7,16.1,36.1,4.8
,Maine,23,2019,2019,Leukemias,35011-35043,60-64 years ,60-64,White,2106-3,33,104696,31.5,21.7,44.3,5.5
,Maine,23,2019,2019,Leukemias,35011-35043,65-69 years,65-69,White,2106-3,37,92965,39.8,28,54.9,6.5
,Maine,23,2019,2019,Leukemias,35011-35043,70-74 years,70-74,White,2106-3,46,74008,62.2,45.5,82.9,9.2
,Maine,23,2019,2019,Leukemias,35011-35043,75-79 years,75-79,White,2106-3,42,48414,86.8,62.5,117.3,13.4
,Maine,23,2019,2019,Leukemias,35011-35043,80-84 years,80-84,White,2106-3,26,30583,85,55.5,124.6,16.7
,Maine,23,2019,2019,Leukemias,35011-35043,85+ years,85+,White,2106-3,23,31072,74,46.9,111.1,15.4
,Maine,23,2019,2019,Myeloma,34000,60-64 years ,60-64,White,2106-3,18,104696,17.2,10.2,27.2,4.1
,Maine,23,2019,2019,Myeloma,34000,65-69 years,65-69,White,2106-3,28,92965,30.1,20,43.5,5.7
,Maine,23,2019,2019,Myeloma,34000,70-74 years,70-74,White,2106-3,25,74008,33.8,21.9,49.9,6.8
,Maine,23,2019,2019,Myeloma,34000,75-79 years,75-79,White,2106-3,19,48414,39.2,23.6,61.3,9
,Maine,23,2019,2019,Stomach,21020,60-64 years ,60-64,White,2106-3,16,104696,15.3,8.7,24.8,3.8
,Maine,23,2019,2019,Stomach,21020,65-69 years,65-69,White,2106-3,16,92965,17.2,9.8,27.9,4.3
,Maine,23,2019,2019,Stomach,21020,70-74 years,70-74,White,2106-3,19,74008,25.7,15.5,40.1,5.9
,Maine,23,2019,2019,Stomach,21020,85+ years,85+,White,2106-3,18,31072,57.9,34.3,91.6,13.7
,Maine,23,2019,2019,Thyroid,32010,35-39 years,35-39,White,2106-3,22,76557,28.7,18,43.5,6.1
,Maine,23,2019,2019,Thyroid,32010,40-44 years,40-44,White,2106-3,27,72812,37.1,24.4,54,7.1
,Maine,23,2019,2019,Thyroid,32010,50-54 years,50-54,White,2106-3,20,90117,22.2,13.6,34.3,5
,Maine,23,2019,2019,Thyroid,32010,55-59 years,55-59,White,2106-3,29,105432,27.5,18.4,39.5,5.1
,Maine,23,2019,2019,Thyroid,32010,60-64 years ,60-64,White,2106-3,26,104696,24.8,16.2,36.4,4.9
,Maine,23,2019,2019,Thyroid,32010,65-69 years,65-69,White,2106-3,32,92965,34.4,23.5,48.6,6.1
,Maine,23,2019,2019,Thyroid,32010,70-74 years,70-74,White,2106-3,24,74008,32.4,20.8,48.3,6.6
,Maryland,24,2019,2019,Brain and Other Nervous System,31010-31040,40-44 years,40-44,White,2106-3,17,218946,7.8,4.5,12.4,1.9
,Maryland,24,2019,2019,Brain and Other Nervous System,31010-31040,50-54 years,50-54,White,2106-3,17,251350,6.8,3.9,10.8,1.6
,Maryland,24,2019,2019,Brain and Other Nervous System,31010-31040,55-59 years,55-59,White,2106-3,35,275896,12.7,8.8,17.6,2.1
,Maryland,24,2019,2019,Brain and Other Nervous System,31010-31040,60-64 years ,60-64,White,2106-3,36,251804,14.3,10,19.8,2.4
,Maryland,24,2019,2019,Brain and Other Nervous System,31010-31040,65-69 years,65-69,White,2106-3,40,206662,19.4,13.8,26.4,3.1
,Maryland,24,2019,2019,Brain and Other Nervous System,31010-31040,70-74 years,70-74,White,2106-3,49,168364,29.1,21.5,38.5,4.2
,Maryland,24,2019,2019,Brain and Other Nervous System,31010-31040,75-79 years,75-79,White,2106-3,34,114789,29.6,20.5,41.4,5.1
,Maryland,24,2019,2019,Brain and Other Nervous System,31010-31040,80-84 years,80-84,White,2106-3,20,73145,27.3,16.7,42.2,6.1
,Maryland,24,2019,2019,Brain and Other Nervous System,31010-31040,85+ years,85+,White,2106-3,20,81692,24.5,15,37.8,5.5
,Maryland,24,2019,2019,Colon and Rectum,21041-21052,30-34 years,30-34,White,2106-3,19,245566,7.7,4.7,12.1,1.8
,Maryland,24,2019,2019,Colon and Rectum,21041-21052,35-39 years,35-39,White,2106-3,23,246851,9.3,5.9,14,1.9
,Maryland,24,2019,2019,Colon and Rectum,21041-21052,40-44 years,40-44,Black or African American,2054-5,19,125847,15.1,9.1,23.6,3.5
,Maryland,24,2019,2019,Colon and Rectum,21041-21052,40-44 years,40-44,White,2106-3,57,218946,26,19.7,33.7,3.4
,Maryland,24,2019,2019,Colon and Rectum,21041-21052,45-49 years,45-49,Black or African American,2054-5,45,130944,34.4,25.1,46,5.1
,Maryland,24,2019,2019,Colon and Rectum,21041-21052,45-49 years,45-49,White,2106-3,87,228464,38.1,30.5,47,4.1
,Maryland,24,2019,2019,Colon and Rectum,21041-21052,50-54 years,50-54,Asian or Pacific Islander,A-PI,17,29922,56.8,33.1,91,13.8
,Maryland,24,2019,2019,Colon and Rectum,21041-21052,50-54 years,50-54,Black or African American,2054-5,90,137406,65.5,52.7,80.5,6.9
,Maryland,24,2019,2019,Colon and Rectum,21041-21052,50-54 years,50-54,White,2106-3,152,251350,60.5,51.2,70.9,4.9
,Maryland,24,2019,2019,Colon and Rectum,21041-21052,55-59 years,55-59,Asian or Pacific Islander,A-PI,22,27491,80,50.2,121.2,17.1
,Maryland,24,2019,2019,Colon and Rectum,21041-21052,55-59 years,55-59,Black or African American,2054-5,104,137964,75.4,61.6,91.3,7.4
,Maryland,24,2019,2019,Colon and Rectum,21041-21052,55-59 years,55-59,White,2106-3,181,275896,65.6,56.4,75.9,4.9
,Maryland,24,2019,2019,Colon and Rectum,21041-21052,60-64 years ,60-64,Black or African American,2054-5,109,116822,93.3,76.6,112.6,8.9
,Maryland,24,2019,2019,Colon and Rectum,21041-21052,60-64 years ,60-64,White,2106-3,231,251804,91.7,80.3,104.4,6
,Maryland,24,2019,2019,Colon and Rectum,21041-21052,65-69 years,65-69,Asian or Pacific Islander,A-PI,18,18670,96.4,57.1,152.4,22.7
,Maryland,24,2019,2019,Colon and Rectum,21041-21052,65-69 years,65-69,Black or African American,2054-5,129,90525,142.5,119,169.3,12.5
,Maryland,24,2019,2019,Colon and Rectum,21041-21052,65-69 years,65-69,White,2106-3,193,206662,93.4,80.7,107.5,6.7
,Maryland,24,2019,2019,Colon and Rectum,21041-21052,70-74 years,70-74,Black or African American,2054-5,86,65566,131.2,104.9,162,14.1
,Maryland,24,2019,2019,Colon and Rectum,21041-21052,70-74 years,70-74,White,2106-3,248,168364,147.3,129.5,166.8,9.4
,Maryland,24,2019,2019,Colon and Rectum,21041-21052,75-79 years,75-79,Black or African American,2054-5,75,41071,182.6,143.6,228.9,21.1
,Maryland,24,2019,2019,Colon and Rectum,21041-21052,75-79 years,75-79,White,2106-3,191,114789,166.4,143.6,191.7,12
,Maryland,24,2019,2019,Colon and Rectum,21041-21052,80-84 years,80-84,Black or African American,2054-5,41,24915,164.6,118.1,223.2,25.7
,Maryland,24,2019,2019,Colon and Rectum,21041-21052,80-84 years,80-84,White,2106-3,170,73145,232.4,198.8,270.1,17.8
,Maryland,24,2019,2019,Colon and Rectum,21041-21052,85+ years,85+,Black or African American,2054-5,56,22234,251.9,190.3,327.1,33.7
,Maryland,24,2019,2019,Colon and Rectum,21041-21052,85+ years,85+,White,2106-3,188,81692,230.1,198.4,265.5,16.8
,Maryland,24,2019,2019,Leukemias,35011-35043,45-49 years,45-49,White,2106-3,28,228464,12.3,8.1,17.7,2.3
,Maryland,24,2019,2019,Leukemias,35011-35043,50-54 years,50-54,White,2106-3,37,251350,14.7,10.4,20.3,2.4
,Maryland,24,2019,2019,Leukemias,35011-35043,55-59 years,55-59,White,2106-3,56,275896,20.3,15.3,26.4,2.7
,Maryland,24,2019,2019,Leukemias,35011-35043,60-64 years ,60-64,Black or African American,2054-5,16,116822,13.7,7.8,22.2,3.4
,Maryland,24,2019,2019,Leukemias,35011-35043,60-64 years ,60-64,White,2106-3,66,251804,26.2,20.3,33.3,3.2
,Maryland,24,2019,2019,Leukemias,35011-35043,65-69 years,65-69,Black or African American,2054-5,39,90525,43.1,30.6,58.9,6.9
,Maryland,24,2019,2019,Leukemias,35011-35043,65-69 years,65-69,White,2106-3,74,206662,35.8,28.1,45,4.2
,Maryland,24,2019,2019,Leukemias,35011-35043,70-74 years,70-74,Black or African American,2054-5,33,65566,50.3,34.6,70.7,8.8
,Maryland,24,2019,2019,Leukemias,35011-35043,70-74 years,70-74,White,2106-3,96,168364,57,46.2,69.6,5.8
,Maryland,24,2019,2019,Leukemias,35011-35043,75-79 years,75-79,Black or African American,2054-5,29,41071,70.6,47.3,101.4,13.1
,Maryland,24,2019,2019,Leukemias,35011-35043,75-79 years,75-79,White,2106-3,76,114789,66.2,52.2,82.9,7.6
,Maryland,24,2019,2019,Leukemias,35011-35043,80-84 years,80-84,Black or African American,2054-5,18,24915,72.2,42.8,114.2,17
,Maryland,24,2019,2019,Leukemias,35011-35043,80-84 years,80-84,White,2106-3,60,73145,82,62.6,105.6,10.6
,Maryland,24,2019,2019,Leukemias,35011-35043,85+ years,85+,Black or African American,2054-5,18,22234,81,48,127.9,19.1
,Maryland,24,2019,2019,Leukemias,35011-35043,85+ years,85+,White,2106-3,81,81692,99.2,78.7,123.2,11
,Maryland,24,2019,2019,Myeloma,34000,50-54 years,50-54,Black or African American,2054-5,21,137406,15.3,9.5,23.4,3.3
,Maryland,24,2019,2019,Myeloma,34000,55-59 years,55-59,Black or African American,2054-5,38,137964,27.5,19.5,37.8,4.5
,Maryland,24,2019,2019,Myeloma,34000,55-59 years,55-59,White,2106-3,29,275896,10.5,7,15.1,2
,Maryland,24,2019,2019,Myeloma,34000,60-64 years ,60-64,Black or African American,2054-5,38,116822,32.5,23,44.6,5.3
,Maryland,24,2019,2019,Myeloma,34000,60-64 years ,60-64,White,2106-3,34,251804,13.5,9.4,18.9,2.3
,Maryland,24,2019,2019,Myeloma,34000,65-69 years,65-69,Black or African American,2054-5,44,90525,48.6,35.3,65.3,7.3
,Maryland,24,2019,2019,Myeloma,34000,65-69 years,65-69,White,2106-3,60,206662,29,22.2,37.4,3.7
,Maryland,24,2019,2019,Myeloma,34000,70-74 years,70-74,Black or African American,2054-5,53,65566,80.8,60.6,105.7,11.1
,Maryland,24,2019,2019,Myeloma,34000,70-74 years,70-74,White,2106-3,56,168364,33.3,25.1,43.2,4.4
,Maryland,24,2019,2019,Myeloma,34000,75-79 years,75-79,Black or African American,2054-5,33,41071,80.3,55.3,112.8,14
,Maryland,24,2019,2019,Myeloma,34000,75-79 years,75-79,White,2106-3,43,114789,37.5,27.1,50.5,5.7
,Maryland,24,2019,2019,Myeloma,34000,80-84 years,80-84,Black or African American,2054-5,25,24915,100.3,64.9,148.1,20.1
,Maryland,24,2019,2019,Myeloma,34000,80-84 years,80-84,White,2106-3,46,73145,62.9,46,83.9,9.3
,Maryland,24,2019,2019,Myeloma,34000,85+ years,85+,White,2106-3,37,81692,45.3,31.9,62.4,7.4
,Maryland,24,2019,2019,Stomach,21020,55-59 years,55-59,Black or African American,2054-5,20,137964,14.5,8.9,22.4,3.2
,Maryland,24,2019,2019,Stomach,21020,55-59 years,55-59,White,2106-3,26,275896,9.4,6.2,13.8,1.8
,Maryland,24,2019,2019,Stomach,21020,60-64 years ,60-64,Black or African American,2054-5,21,116822,18,11.1,27.5,3.9
,Maryland,24,2019,2019,Stomach,21020,60-64 years ,60-64,White,2106-3,46,251804,18.3,13.4,24.4,2.7
,Maryland,24,2019,2019,Stomach,21020,65-69 years,65-69,Black or African American,2054-5,25,90525,27.6,17.9,40.8,5.5
,Maryland,24,2019,2019,Stomach,21020,65-69 years,65-69,White,2106-3,44,206662,21.3,15.5,28.6,3.2
,Maryland,24,2019,2019,Stomach,21020,70-74 years,70-74,Black or African American,2054-5,29,65566,44.2,29.6,63.5,8.2
,Maryland,24,2019,2019,Stomach,21020,70-74 years,70-74,White,2106-3,47,168364,27.9,20.5,37.1,4.1
,Maryland,24,2019,2019,Stomach,21020,75-79 years,75-79,Black or African American,2054-5,16,41071,39,22.3,63.3,9.7
,Maryland,24,2019,2019,Stomach,21020,75-79 years,75-79,White,2106-3,37,114789,32.2,22.7,44.4,5.3
,Maryland,24,2019,2019,Stomach,21020,80-84 years,80-84,Black or African American,2054-5,17,24915,68.2,39.7,109.2,16.5
,Maryland,24,2019,2019,Stomach,21020,80-84 years,80-84,White,2106-3,35,73145,47.9,33.3,66.5,8.1
,Maryland,24,2019,2019,Stomach,21020,85+ years,85+,White,2106-3,26,81692,31.8,20.8,46.6,6.2
,Maryland,24,2019,2019,Thyroid,32010,20-24 years,20-24,White,2106-3,21,211073,9.9,6.2,15.2,2.2
,Maryland,24,2019,2019,Thyroid,32010,25-29 years,25-29,White,2106-3,38,227790,16.7,11.8,22.9,2.7
,Maryland,24,2019,2019,Thyroid,32010,30-34 years,30-34,White,2106-3,40,245566,16.3,11.6,22.2,2.6
,Maryland,24,2019,2019,Thyroid,32010,35-39 years,35-39,White,2106-3,47,246851,19,14,25.3,2.8
,Maryland,24,2019,2019,Thyroid,32010,40-44 years,40-44,Black or African American,2054-5,23,125847,18.3,11.6,27.4,3.8
,Maryland,24,2019,2019,Thyroid,32010,40-44 years,40-44,White,2106-3,51,218946,23.3,17.3,30.6,3.3
,Maryland,24,2019,2019,Thyroid,32010,45-49 years,45-49,Black or African American,2054-5,21,130944,16,9.9,24.5,3.5
,Maryland,24,2019,2019,Thyroid,32010,45-49 years,45-49,White,2106-3,44,228464,19.3,14,25.9,2.9
,Maryland,24,2019,2019,Thyroid,32010,50-54 years,50-54,White,2106-3,53,251350,21.1,15.8,27.6,2.9
,Maryland,24,2019,2019,Thyroid,32010,55-59 years,55-59,Black or African American,2054-5,21,137964,15.2,9.4,23.3,3.3
,Maryland,24,2019,2019,Thyroid,32010,55-59 years,55-59,White,2106-3,57,275896,20.7,15.6,26.8,2.7
,Maryland,24,2019,2019,Thyroid,32010,60-64 years ,60-64,Black or African American,2054-5,16,116822,13.7,7.8,22.2,3.4
,Maryland,24,2019,2019,Thyroid,32010,60-64 years ,60-64,White,2106-3,55,251804,21.8,16.5,28.4,2.9
,Maryland,24,2019,2019,Thyroid,32010,65-69 years,65-69,Black or African American,2054-5,17,90525,18.8,10.9,30.1,4.6
,Maryland,24,2019,2019,Thyroid,32010,65-69 years,65-69,White,2106-3,54,206662,26.1,19.6,34.1,3.6
,Maryland,24,2019,2019,Thyroid,32010,70-74 years,70-74,White,2106-3,36,168364,21.4,15,29.6,3.6
,Maryland,24,2019,2019,Thyroid,32010,75-79 years,75-79,White,2106-3,30,114789,26.1,17.6,37.3,4.8
,Massachusetts,25,2019,2019,Brain and Other Nervous System,31010-31040,25-29 years,25-29,White,2106-3,21,388850,5.4,3.3,8.3,1.2
,Massachusetts,25,2019,2019,Brain and Other Nervous System,31010-31040,30-34 years,30-34,White,2106-3,19,388818,4.9,2.9,7.6,1.1
,Massachusetts,25,2019,2019,Brain and Other Nervous System,31010-31040,40-44 years,40-44,White,2106-3,20,328140,6.1,3.7,9.4,1.4
,Massachusetts,25,2019,2019,Brain and Other Nervous System,31010-31040,45-49 years,45-49,White,2106-3,23,359891,6.4,4.1,9.6,1.3
,Massachusetts,25,2019,2019,Brain and Other Nervous System,31010-31040,50-54 years,50-54,White,2106-3,30,404482,7.4,5,10.6,1.4
,Massachusetts,25,2019,2019,Brain and Other Nervous System,31010-31040,55-59 years,55-59,White,2106-3,37,438792,8.4,5.9,11.6,1.4
,Massachusetts,25,2019,2019,Brain and Other Nervous System,31010-31040,60-64 years ,60-64,White,2106-3,59,406924,14.5,11,18.7,1.9
,Massachusetts,25,2019,2019,Brain and Other Nervous System,31010-31040,65-69 years,65-69,White,2106-3,55,339281,16.2,12.2,21.1,2.2
,Massachusetts,25,2019,2019,Brain and Other Nervous System,31010-31040,70-74 years,70-74,White,2106-3,50,272128,18.4,13.6,24.2,2.6
,Massachusetts,25,2019,2019,Brain and Other Nervous System,31010-31040,75-79 years,75-79,White,2106-3,46,180096,25.5,18.7,34.1,3.8
,Massachusetts,25,2019,2019,Brain and Other Nervous System,31010-31040,80-84 years,80-84,White,2106-3,27,117474,23,15.1,33.4,4.4
,Massachusetts,25,2019,2019,Brain and Other Nervous System,31010-31040,85+ years,85+,White,2106-3,30,135170,22.2,15,31.7,4.1
,Massachusetts,25,2019,2019,Colon and Rectum,21041-21052,30-34 years,30-34,White,2106-3,22,388818,5.7,3.5,8.6,1.2
,Massachusetts,25,2019,2019,Colon and Rectum,21041-21052,35-39 years,35-39,White,2106-3,32,357827,8.9,6.1,12.6,1.6
,Massachusetts,25,2019,2019,Colon and Rectum,21041-21052,40-44 years,40-44,White,2106-3,60,328140,18.3,14,23.5,2.4
,Massachusetts,25,2019,2019,Colon and Rectum,21041-21052,45-49 years,45-49,White,2106-3,123,359891,34.2,28.4,40.8,3.1
,Massachusetts,25,2019,2019,Colon and Rectum,21041-21052,50-54 years,50-54,Asian or Pacific Islander,A-PI,17,30823,55.2,32.1,88.3,13.4
,Massachusetts,25,2019,2019,Colon and Rectum,21041-21052,50-54 years,50-54,Black or African American,2054-5,26,41154,63.2,41.3,92.6,12.4
,Massachusetts,25,2019,2019,Colon and Rectum,21041-21052,50-54 years,50-54,White,2106-3,251,404482,62.1,54.6,70.2,3.9
,Massachusetts,25,2019,2019,Colon and Rectum,21041-21052,55-59 years,55-59,Black or African American,2054-5,16,38839,41.2,23.5,66.9,10.3
,Massachusetts,25,2019,2019,Colon and Rectum,21041-21052,55-59 years,55-59,White,2106-3,241,438792,54.9,48.2,62.3,3.5
,Massachusetts,25,2019,2019,Colon and Rectum,21041-21052,60-64 years ,60-64,Black or African American,2054-5,26,32193,80.8,52.8,118.3,15.8
,Massachusetts,25,2019,2019,Colon and Rectum,21041-21052,60-64 years ,60-64,White,2106-3,282,406924,69.3,61.4,77.9,4.1
,Massachusetts,25,2019,2019,Colon and Rectum,21041-21052,65-69 years,65-69,Asian or Pacific Islander,A-PI,18,17237,104.4,61.9,165,24.6
,Massachusetts,25,2019,2019,Colon and Rectum,21041-21052,65-69 years,65-69,White,2106-3,280,339281,82.5,73.1,92.8,4.9
,Massachusetts,25,2019,2019,Colon and Rectum,21041-21052,70-74 years,70-74,Asian or Pacific Islander,A-PI,16,11879,134.7,77,218.7,33.7
,Massachusetts,25,2019,2019,Colon and Rectum,21041-21052,70-74 years,70-74,Black or African American,2054-5,21,16464,127.6,79,195,27.8
,Massachusetts,25,2019,2019,Colon and Rectum,21041-21052,70-74 years,70-74,White,2106-3,278,272128,102.2,90.5,114.9,6.1
,Massachusetts,25,2019,2019,Colon and Rectum,21041-21052,75-79 years,75-79,White,2106-3,265,180096,147.1,130,166,9
,Massachusetts,25,2019,2019,Colon and Rectum,21041-21052,80-84 years,80-84,White,2106-3,237,117474,201.7,176.9,229.1,13.1
,Massachusetts,25,2019,2019,Colon and Rectum,21041-21052,85+ years,85+,White,2106-3,331,135170,244.9,219.2,272.7,13.5
,Massachusetts,25,2019,2019,Leukemias,35011-35043,1-4 years,01-Apr,White,2106-3,19,219179,8.7,5.2,13.5,2
,Massachusetts,25,2019,2019,Leukemias,35011-35043,35-39 years,35-39,White,2106-3,18,357827,5,3,8,1.2
,Massachusetts,25,2019,2019,Leukemias,35011-35043,40-44 years,40-44,White,2106-3,25,328140,7.6,4.9,11.2,1.5
,Massachusetts,25,2019,2019,Leukemias,35011-35043,45-49 years,45-49,White,2106-3,26,359891,7.2,4.7,10.6,1.4
,Massachusetts,25,2019,2019,Leukemias,35011-35043,50-54 years,50-54,White,2106-3,47,404482,11.6,8.5,15.5,1.7
,Massachusetts,25,2019,2019,Leukemias,35011-35043,55-59 years,55-59,White,2106-3,84,438792,19.1,15.3,23.7,2.1
,Massachusetts,25,2019,2019,Leukemias,35011-35043,60-64 years ,60-64,White,2106-3,118,406924,29,24,34.7,2.7
,Massachusetts,25,2019,2019,Leukemias,35011-35043,65-69 years,65-69,White,2106-3,143,339281,42.1,35.5,49.6,3.5
,Massachusetts,25,2019,2019,Leukemias,35011-35043,70-74 years,70-74,White,2106-3,154,272128,56.6,48,66.3,4.6
,Massachusetts,25,2019,2019,Leukemias,35011-35043,75-79 years,75-79,White,2106-3,139,180096,77.2,64.9,91.1,6.5
,Massachusetts,25,2019,2019,Leukemias,35011-35043,80-84 years,80-84,White,2106-3,108,117474,91.9,75.4,111,8.8
,Massachusetts,25,2019,2019,Leukemias,35011-35043,85+ years,85+,White,2106-3,146,135170,108,91.2,127,8.9
,Massachusetts,25,2019,2019,Myeloma,34000,50-54 years,50-54,White,2106-3,23,404482,5.7,3.6,8.5,1.2
,Massachusetts,25,2019,2019,Myeloma,34000,55-59 years,55-59,White,2106-3,50,438792,11.4,8.5,15,1.6
,Massachusetts,25,2019,2019,Myeloma,34000,60-64 years ,60-64,White,2106-3,54,406924,13.3,10,17.3,1.8
,Massachusetts,25,2019,2019,Myeloma,34000,65-69 years,65-69,Black or African American,2054-5,20,23818,84,51.3,129.7,18.8
,Massachusetts,25,2019,2019,Myeloma,34000,65-69 years,65-69,White,2106-3,76,339281,22.4,17.6,28,2.6
,Massachusetts,25,2019,2019,Myeloma,34000,70-74 years,70-74,White,2106-3,101,272128,37.1,30.2,45.1,3.7
,Massachusetts,25,2019,2019,Myeloma,34000,75-79 years,75-79,White,2106-3,62,180096,34.4,26.4,44.1,4.4
,Massachusetts,25,2019,2019,Myeloma,34000,80-84 years,80-84,White,2106-3,61,117474,51.9,39.7,66.7,6.6
,Massachusetts,25,2019,2019,Myeloma,34000,85+ years,85+,White,2106-3,53,135170,39.2,29.4,51.3,5.4
,Massachusetts,25,2019,2019,Stomach,21020,50-54 years,50-54,White,2106-3,34,404482,8.4,5.8,11.7,1.4
,Massachusetts,25,2019,2019,Stomach,21020,55-59 years,55-59,White,2106-3,41,438792,9.3,6.7,12.7,1.5
,Massachusetts,25,2019,2019,Stomach,21020,60-64 years ,60-64,White,2106-3,67,406924,16.5,12.8,20.9,2
,Massachusetts,25,2019,2019,Stomach,21020,65-69 years,65-69,White,2106-3,67,339281,19.7,15.3,25.1,2.4
,Massachusetts,25,2019,2019,Stomach,21020,70-74 years,70-74,White,2106-3,84,272128,30.9,24.6,38.2,3.4
,Massachusetts,25,2019,2019,Stomach,21020,75-79 years,75-79,White,2106-3,59,180096,32.8,24.9,42.3,4.3
,Massachusetts,25,2019,2019,Stomach,21020,80-84 years,80-84,White,2106-3,43,117474,36.6,26.5,49.3,5.6
,Massachusetts,25,2019,2019,Stomach,21020,85+ years,85+,White,2106-3,64,135170,47.3,36.5,60.5,5.9
,Massachusetts,25,2019,2019,Thyroid,32010,20-24 years,20-24,White,2106-3,34,381506,8.9,6.2,12.5,1.5
,Massachusetts,25,2019,2019,Thyroid,32010,25-29 years,25-29,White,2106-3,55,388850,14.1,10.7,18.4,1.9
,Massachusetts,25,2019,2019,Thyroid,32010,30-34 years,30-34,White,2106-3,70,388818,18,14,22.7,2.2
,Massachusetts,25,2019,2019,Thyroid,32010,35-39 years,35-39,White,2106-3,73,357827,20.4,16,25.7,2.4
,Massachusetts,25,2019,2019,Thyroid,32010,40-44 years,40-44,White,2106-3,67,328140,20.4,15.8,25.9,2.5
,Massachusetts,25,2019,2019,Thyroid,32010,45-49 years,45-49,White,2106-3,73,359891,20.3,15.9,25.5,2.4
,Massachusetts,25,2019,2019,Thyroid,32010,50-54 years,50-54,White,2106-3,114,404482,28.2,23.2,33.9,2.6
,Massachusetts,25,2019,2019,Thyroid,32010,55-59 years,55-59,White,2106-3,114,438792,26,21.4,31.2,2.4
,Massachusetts,25,2019,2019,Thyroid,32010,60-64 years ,60-64,White,2106-3,111,406924,27.3,22.4,32.8,2.6
,Massachusetts,25,2019,2019,Thyroid,32010,65-69 years,65-69,White,2106-3,96,339281,28.3,22.9,34.6,2.9
,Massachusetts,25,2019,2019,Thyroid,32010,70-74 years,70-74,White,2106-3,80,272128,29.4,23.3,36.6,3.3
,Massachusetts,25,2019,2019,Thyroid,32010,75-79 years,75-79,White,2106-3,46,180096,25.5,18.7,34.1,3.8
,Massachusetts,25,2019,2019,Thyroid,32010,80-84 years,80-84,White,2106-3,18,117474,15.3,9.1,24.2,3.6
,Massachusetts,25,2019,2019,Thyroid,32010,85+ years,85+,White,2106-3,27,135170,20,13.2,29.1,3.8
,Michigan,26,2019,2019,Brain and Other Nervous System,31010-31040,25-29 years,25-29,White,2106-3,18,516264,3.5,2.1,5.5,0.8
,Michigan,26,2019,2019,Brain and Other Nervous System,31010-31040,35-39 years,35-39,White,2106-3,28,488134,5.7,3.8,8.3,1.1
,Michigan,26,2019,2019,Brain and Other Nervous System,31010-31040,40-44 years,40-44,White,2106-3,21,458921,4.6,2.8,7,1
,Michigan,26,2019,2019,Brain and Other Nervous System,31010-31040,45-49 years,45-49,White,2106-3,28,496863,5.6,3.7,8.1,1.1
,Michigan,26,2019,2019,Brain and Other Nervous System,31010-31040,50-54 years,50-54,White,2106-3,36,539030,6.7,4.7,9.2,1.1
,Michigan,26,2019,2019,Brain and Other Nervous System,31010-31040,55-59 years,55-59,White,2106-3,62,611602,10.1,7.8,13,1.3
,Michigan,26,2019,2019,Brain and Other Nervous System,31010-31040,60-64 years ,60-64,White,2106-3,71,596996,11.9,9.3,15,1.4
,Michigan,26,2019,2019,Brain and Other Nervous System,31010-31040,65-69 years,65-69,White,2106-3,89,508383,17.5,14.1,21.5,1.9
,Michigan,26,2019,2019,Brain and Other Nervous System,31010-31040,70-74 years,70-74,White,2106-3,77,390585,19.7,15.6,24.6,2.2
,Michigan,26,2019,2019,Brain and Other Nervous System,31010-31040,75-79 years,75-79,White,2106-3,67,267268,25.1,19.4,31.8,3.1
,Michigan,26,2019,2019,Brain and Other Nervous System,31010-31040,80-84 years,80-84,White,2106-3,42,169429,24.8,17.9,33.5,3.8
,Michigan,26,2019,2019,Brain and Other Nervous System,31010-31040,85+ years,85+,White,2106-3,31,170018,18.2,12.4,25.9,3.3
,Michigan,26,2019,2019,Colon and Rectum,21041-21052,20-24 years,20-24,White,2106-3,17,521395,3.3,1.9,5.2,0.8
,Michigan,26,2019,2019,Colon and Rectum,21041-21052,25-29 years,25-29,White,2106-3,20,516264,3.9,2.4,6,0.9
,Michigan,26,2019,2019,Colon and Rectum,21041-21052,30-34 years,30-34,White,2106-3,32,482525,6.6,4.5,9.4,1.2
,Michigan,26,2019,2019,Colon and Rectum,21041-21052,35-39 years,35-39,White,2106-3,58,488134,11.9,9,15.4,1.6
,Michigan,26,2019,2019,Colon and Rectum,21041-21052,40-44 years,40-44,Black or African American,2054-5,21,85834,24.5,15.1,37.4,5.3
,Michigan,26,2019,2019,Colon and Rectum,21041-21052,40-44 years,40-44,White,2106-3,110,458921,24,19.7,28.9,2.3
,Michigan,26,2019,2019,Colon and Rectum,21041-21052,45-49 years,45-49,Black or African American,2054-5,50,94948,52.7,39.1,69.4,7.4
,Michigan,26,2019,2019,Colon and Rectum,21041-21052,45-49 years,45-49,White,2106-3,197,496863,39.6,34.3,45.6,2.8
,Michigan,26,2019,2019,Colon and Rectum,21041-21052,50-54 years,50-54,Black or African American,2054-5,75,88394,84.8,66.7,106.4,9.8
,Michigan,26,2019,2019,Colon and Rectum,21041-21052,50-54 years,50-54,White,2106-3,362,539030,67.2,60.4,74.4,3.5
,Michigan,26,2019,2019,Colon and Rectum,21041-21052,55-59 years,55-59,Black or African American,2054-5,64,87085,73.5,56.6,93.8,9.2
,Michigan,26,2019,2019,Colon and Rectum,21041-21052,55-59 years,55-59,White,2106-3,353,611602,57.7,51.9,64.1,3.1
,Michigan,26,2019,2019,Colon and Rectum,21041-21052,60-64 years ,60-64,Black or African American,2054-5,81,83607,96.9,76.9,120.4,10.8
,Michigan,26,2019,2019,Colon and Rectum,21041-21052,60-64 years ,60-64,White,2106-3,448,596996,75,68.3,82.3,3.5
,Michigan,26,2019,2019,Colon and Rectum,21041-21052,65-69 years,65-69,Black or African American,2054-5,114,66594,171.2,141.2,205.6,16
,Michigan,26,2019,2019,Colon and Rectum,21041-21052,65-69 years,65-69,White,2106-3,483,508383,95,86.7,103.9,4.3
,Michigan,26,2019,2019,Colon and Rectum,21041-21052,70-74 years,70-74,Black or African American,2054-5,87,48629,178.9,143.3,220.7,19.2
,Michigan,26,2019,2019,Colon and Rectum,21041-21052,70-74 years,70-74,White,2106-3,506,390585,129.5,118.5,141.3,5.8
,Michigan,26,2019,2019,Colon and Rectum,21041-21052,75-79 years,75-79,Black or African American,2054-5,59,29772,198.2,150.9,255.6,25.8
,Michigan,26,2019,2019,Colon and Rectum,21041-21052,75-79 years,75-79,White,2106-3,457,267268,171,155.7,187.4,8
,Michigan,26,2019,2019,Colon and Rectum,21041-21052,80-84 years,80-84,Black or African American,2054-5,44,18181,242,175.8,324.9,36.5
,Michigan,26,2019,2019,Colon and Rectum,21041-21052,80-84 years,80-84,White,2106-3,371,169429,219,197.3,242.4,11.4
,Michigan,26,2019,2019,Colon and Rectum,21041-21052,85+ years,85+,Black or African American,2054-5,47,19444,241.7,177.6,321.4,35.3
,Michigan,26,2019,2019,Colon and Rectum,21041-21052,85+ years,85+,White,2106-3,447,170018,262.9,239.1,288.5,12.4
,Michigan,26,2019,2019,Leukemias,35011-35043,1-4 years,01-Apr,White,2106-3,26,342297,7.6,5,11.1,1.5
,Michigan,26,2019,2019,Leukemias,35011-35043,30-34 years,30-34,White,2106-3,17,482525,3.5,2.1,5.6,0.9
,Michigan,26,2019,2019,Leukemias,35011-35043,35-39 years,35-39,White,2106-3,26,488134,5.3,3.5,7.8,1
,Michigan,26,2019,2019,Leukemias,35011-35043,40-44 years,40-44,White,2106-3,25,458921,5.4,3.5,8,1.1
,Michigan,26,2019,2019,Leukemias,35011-35043,45-49 years,45-49,White,2106-3,44,496863,8.9,6.4,11.9,1.3
,Michigan,26,2019,2019,Leukemias,35011-35043,50-54 years,50-54,White,2106-3,86,539030,16,12.8,19.7,1.7
,Michigan,26,2019,2019,Leukemias,35011-35043,55-59 years,55-59,Black or African American,2054-5,17,87085,19.5,11.4,31.3,4.7
,Michigan,26,2019,2019,Leukemias,35011-35043,55-59 years,55-59,White,2106-3,131,611602,21.4,17.9,25.4,1.9
,Michigan,26,2019,2019,Leukemias,35011-35043,60-64 years ,60-64,Black or African American,2054-5,19,83607,22.7,13.7,35.5,5.2
,Michigan,26,2019,2019,Leukemias,35011-35043,60-64 years ,60-64,White,2106-3,184,596996,30.8,26.5,35.6,2.3
,Michigan,26,2019,2019,Leukemias,35011-35043,65-69 years,65-69,Black or African American,2054-5,26,66594,39,25.5,57.2,7.7
,Michigan,26,2019,2019,Leukemias,35011-35043,65-69 years,65-69,White,2106-3,211,508383,41.5,36.1,47.5,2.9
,Michigan,26,2019,2019,Leukemias,35011-35043,70-74 years,70-74,Black or African American,2054-5,21,48629,43.2,26.7,66,9.4
,Michigan,26,2019,2019,Leukemias,35011-35043,70-74 years,70-74,White,2106-3,234,390585,59.9,52.5,68.1,3.9
,Michigan,26,2019,2019,Leukemias,35011-35043,75-79 years,75-79,Black or African American,2054-5,20,29772,67.2,41,103.7,15
,Michigan,26,2019,2019,Leukemias,35011-35043,75-79 years,75-79,White,2106-3,229,267268,85.7,74.9,97.5,5.7
,Michigan,26,2019,2019,Leukemias,35011-35043,80-84 years,80-84,White,2106-3,142,169429,83.8,70.6,98.8,7
,Michigan,26,2019,2019,Leukemias,35011-35043,85+ years,85+,White,2106-3,183,170018,107.6,92.6,124.4,8
,Michigan,26,2019,2019,Myeloma,34000,45-49 years,45-49,White,2106-3,20,496863,4,2.5,6.2,0.9
,Michigan,26,2019,2019,Myeloma,34000,50-54 years,50-54,White,2106-3,28,539030,5.2,3.5,7.5,1
,Michigan,26,2019,2019,Myeloma,34000,55-59 years,55-59,White,2106-3,55,611602,9,6.8,11.7,1.2
,Michigan,26,2019,2019,Myeloma,34000,60-64 years ,60-64,Black or African American,2054-5,31,83607,37.1,25.2,52.6,6.7
,Michigan,26,2019,2019,Myeloma,34000,60-64 years ,60-64,White,2106-3,86,596996,14.4,11.5,17.8,1.6
,Michigan,26,2019,2019,Myeloma,34000,65-69 years,65-69,Black or African American,2054-5,41,66594,61.6,44.2,83.5,9.6
,Michigan,26,2019,2019,Myeloma,34000,65-69 years,65-69,White,2106-3,101,508383,19.9,16.2,24.1,2
,Michigan,26,2019,2019,Myeloma,34000,70-74 years,70-74,Black or African American,2054-5,33,48629,67.9,46.7,95.3,11.8
,Michigan,26,2019,2019,Myeloma,34000,70-74 years,70-74,White,2106-3,107,390585,27.4,22.5,33.1,2.6
,Michigan,26,2019,2019,Myeloma,34000,75-79 years,75-79,Black or African American,2054-5,25,29772,84,54.3,124,16.8
,Michigan,26,2019,2019,Myeloma,34000,75-79 years,75-79,White,2106-3,89,267268,33.3,26.7,41,3.5
,Michigan,26,2019,2019,Myeloma,34000,80-84 years,80-84,Black or African American,2054-5,18,18181,99,58.7,156.5,23.3
,Michigan,26,2019,2019,Myeloma,34000,80-84 years,80-84,White,2106-3,82,169429,48.4,38.5,60.1,5.3
,Michigan,26,2019,2019,Myeloma,34000,85+ years,85+,White,2106-3,93,170018,54.7,44.1,67,5.7
,Michigan,26,2019,2019,Stomach,21020,50-54 years,50-54,White,2106-3,26,539030,4.8,3.2,7.1,0.9
,Michigan,26,2019,2019,Stomach,21020,55-59 years,55-59,White,2106-3,54,611602,8.8,6.6,11.5,1.2
,Michigan,26,2019,2019,Stomach,21020,60-64 years ,60-64,Black or African American,2054-5,29,83607,34.7,23.2,49.8,6.4
,Michigan,26,2019,2019,Stomach,21020,60-64 years ,60-64,White,2106-3,71,596996,11.9,9.3,15,1.4
,Michigan,26,2019,2019,Stomach,21020,65-69 years,65-69,Black or African American,2054-5,18,66594,27,16,42.7,6.4
,Michigan,26,2019,2019,Stomach,21020,65-69 years,65-69,White,2106-3,99,508383,19.5,15.8,23.7,2
,Michigan,26,2019,2019,Stomach,21020,70-74 years,70-74,Black or African American,2054-5,18,48629,37,21.9,58.5,8.7
,Michigan,26,2019,2019,Stomach,21020,70-74 years,70-74,White,2106-3,87,390585,22.3,17.8,27.5,2.4
,Michigan,26,2019,2019,Stomach,21020,75-79 years,75-79,White,2106-3,86,267268,32.2,25.7,39.7,3.5
,Michigan,26,2019,2019,Stomach,21020,80-84 years,80-84,White,2106-3,65,169429,38.4,29.6,48.9,4.8
,Michigan,26,2019,2019,Stomach,21020,85+ years,85+,White,2106-3,54,170018,31.8,23.9,41.4,4.3
,Michigan,26,2019,2019,Thyroid,32010,15-19 years,15-19,White,2106-3,18,514884,3.5,2.1,5.5,0.8
,Michigan,26,2019,2019,Thyroid,32010,20-24 years,20-24,White,2106-3,35,521395,6.7,4.7,9.3,1.1
,Michigan,26,2019,2019,Thyroid,32010,25-29 years,25-29,White,2106-3,58,516264,11.2,8.5,14.5,1.5
,Michigan,26,2019,2019,Thyroid,32010,30-34 years,30-34,White,2106-3,66,482525,13.7,10.6,17.4,1.7
,Michigan,26,2019,2019,Thyroid,32010,35-39 years,35-39,White,2106-3,99,488134,20.3,16.5,24.7,2
,Michigan,26,2019,2019,Thyroid,32010,40-44 years,40-44,White,2106-3,74,458921,16.1,12.7,20.2,1.9
,Michigan,26,2019,2019,Thyroid,32010,45-49 years,45-49,Black or African American,2054-5,18,94948,19,11.2,30,4.5
,Michigan,26,2019,2019,Thyroid,32010,45-49 years,45-49,White,2106-3,113,496863,22.7,18.7,27.3,2.1
,Michigan,26,2019,2019,Thyroid,32010,50-54 years,50-54,Black or African American,2054-5,19,88394,21.5,12.9,33.6,4.9
,Michigan,26,2019,2019,Thyroid,32010,50-54 years,50-54,White,2106-3,112,539030,20.8,17.1,25,2
,Michigan,26,2019,2019,Thyroid,32010,55-59 years,55-59,White,2106-3,111,611602,18.1,14.9,21.9,1.7
,Michigan,26,2019,2019,Thyroid,32010,60-64 years ,60-64,Black or African American,2054-5,16,83607,19.1,10.9,31.1,4.8
,Michigan,26,2019,2019,Thyroid,32010,60-64 years ,60-64,White,2106-3,125,596996,20.9,17.4,24.9,1.9
,Michigan,26,2019,2019,Thyroid,32010,65-69 years,65-69,White,2106-3,104,508383,20.5,16.7,24.8,2
,Michigan,26,2019,2019,Thyroid,32010,70-74 years,70-74,White,2106-3,76,390585,19.5,15.3,24.4,2.2
,Michigan,26,2019,2019,Thyroid,32010,75-79 years,75-79,White,2106-3,57,267268,21.3,16.2,27.6,2.8
,Michigan,26,2019,2019,Thyroid,32010,80-84 years,80-84,White,2106-3,21,169429,12.4,7.7,18.9,2.7
,Minnesota,27,2019,2019,Brain and Other Nervous System,31010-31040,35-39 years,35-39,White,2106-3,22,329146,6.7,4.2,10.1,1.4
,Minnesota,27,2019,2019,Brain and Other Nervous System,31010-31040,45-49 years,45-49,White,2106-3,22,287636,7.6,4.8,11.6,1.6
,Minnesota,27,2019,2019,Brain and Other Nervous System,31010-31040,50-54 years,50-54,White,2106-3,28,311766,9,6,13,1.7
,Minnesota,27,2019,2019,Brain and Other Nervous System,31010-31040,55-59 years,55-59,White,2106-3,56,364693,15.4,11.6,19.9,2.1
,Minnesota,27,2019,2019,Brain and Other Nervous System,31010-31040,60-64 years ,60-64,White,2106-3,55,342681,16,12.1,20.9,2.2
,Minnesota,27,2019,2019,Brain and Other Nervous System,31010-31040,65-69 years,65-69,White,2106-3,45,286741,15.7,11.4,21,2.3
,Minnesota,27,2019,2019,Brain and Other Nervous System,31010-31040,70-74 years,70-74,White,2106-3,41,213665,19.2,13.8,26,3
,Minnesota,27,2019,2019,Brain and Other Nervous System,31010-31040,75-79 years,75-79,White,2106-3,42,146691,28.6,20.6,38.7,4.4
,Minnesota,27,2019,2019,Brain and Other Nervous System,31010-31040,80-84 years,80-84,White,2106-3,21,98762,21.3,13.2,32.5,4.6
,Minnesota,27,2019,2019,Brain and Other Nervous System,31010-31040,85+ years,85+,White,2106-3,20,109527,18.3,11.2,28.2,4.1
,Minnesota,27,2019,2019,Colon and Rectum,21041-21052,25-29 years,25-29,White,2106-3,19,298050,6.4,3.8,10,1.5
,Minnesota,27,2019,2019,Colon and Rectum,21041-21052,30-34 years,30-34,White,2106-3,19,311012,6.1,3.7,9.5,1.4
,Minnesota,27,2019,2019,Colon and Rectum,21041-21052,35-39 years,35-39,White,2106-3,30,329146,9.1,6.1,13,1.7
,Minnesota,27,2019,2019,Colon and Rectum,21041-21052,40-44 years,40-44,White,2106-3,55,290021,19,14.3,24.7,2.6
,Minnesota,27,2019,2019,Colon and Rectum,21041-21052,45-49 years,45-49,Black or African American,2054-5,16,23931,66.9,38.2,108.6,16.7
,Minnesota,27,2019,2019,Colon and Rectum,21041-21052,45-49 years,45-49,White,2106-3,87,287636,30.2,24.2,37.3,3.2
,Minnesota,27,2019,2019,Colon and Rectum,21041-21052,50-54 years,50-54,White,2106-3,200,311766,64.2,55.6,73.7,4.5
,Minnesota,27,2019,2019,Colon and Rectum,21041-21052,55-59 years,55-59,White,2106-3,229,364693,62.8,54.9,71.5,4.1
,Minnesota,27,2019,2019,Colon and Rectum,21041-21052,60-64 years ,60-64,White,2106-3,237,342681,69.2,60.6,78.5,4.5
,Minnesota,27,2019,2019,Colon and Rectum,21041-21052,65-69 years,65-69,White,2106-3,257,286741,89.6,79,101.3,5.6
,Minnesota,27,2019,2019,Colon and Rectum,21041-21052,70-74 years,70-74,White,2106-3,254,213665,118.9,104.7,134.4,7.5
,Minnesota,27,2019,2019,Colon and Rectum,21041-21052,75-79 years,75-79,White,2106-3,235,146691,160.2,140.4,182,10.5
,Minnesota,27,2019,2019,Colon and Rectum,21041-21052,80-84 years,80-84,White,2106-3,255,98762,258.2,227.5,291.9,16.2
,Minnesota,27,2019,2019,Colon and Rectum,21041-21052,85+ years,85+,White,2106-3,288,109527,262.9,233.5,295.1,15.5
,Minnesota,27,2019,2019,Leukemias,35011-35043,1-4 years,01-Apr,White,2106-3,24,215562,11.1,7.1,16.6,2.3
,Minnesota,27,2019,2019,Leukemias,35011-35043,30-34 years,30-34,White,2106-3,16,311012,5.1,2.9,8.4,1.3
,Minnesota,27,2019,2019,Leukemias,35011-35043,40-44 years,40-44,White,2106-3,21,290021,7.2,4.5,11.1,1.6
,Minnesota,27,2019,2019,Leukemias,35011-35043,45-49 years,45-49,White,2106-3,34,287636,11.8,8.2,16.5,2
,Minnesota,27,2019,2019,Leukemias,35011-35043,50-54 years,50-54,White,2106-3,49,311766,15.7,11.6,20.8,2.2
,Minnesota,27,2019,2019,Leukemias,35011-35043,55-59 years,55-59,White,2106-3,66,364693,18.1,14,23,2.2
,Minnesota,27,2019,2019,Leukemias,35011-35043,60-64 years ,60-64,White,2106-3,104,342681,30.3,24.8,36.8,3
,Minnesota,27,2019,2019,Leukemias,35011-35043,65-69 years,65-69,White,2106-3,135,286741,47.1,39.5,55.7,4.1
,Minnesota,27,2019,2019,Leukemias,35011-35043,70-74 years,70-74,White,2106-3,169,213665,79.1,67.6,92,6.1
,Minnesota,27,2019,2019,Leukemias,35011-35043,75-79 years,75-79,White,2106-3,145,146691,98.8,83.4,116.3,8.2
,Minnesota,27,2019,2019,Leukemias,35011-35043,80-84 years,80-84,White,2106-3,111,98762,112.4,92.5,135.3,10.7
,Minnesota,27,2019,2019,Leukemias,35011-35043,85+ years,85+,White,2106-3,123,109527,112.3,93.3,134,10.1
,Minnesota,27,2019,2019,Myeloma,34000,45-49 years,45-49,White,2106-3,17,287636,5.9,3.4,9.5,1.4
,Minnesota,27,2019,2019,Myeloma,34000,50-54 years,50-54,White,2106-3,18,311766,5.8,3.4,9.1,1.4
,Minnesota,27,2019,2019,Myeloma,34000,55-59 years,55-59,White,2106-3,30,364693,8.2,5.6,11.7,1.5
,Minnesota,27,2019,2019,Myeloma,34000,60-64 years ,60-64,White,2106-3,68,342681,19.8,15.4,25.2,2.4
,Minnesota,27,2019,2019,Myeloma,34000,65-69 years,65-69,White,2106-3,56,286741,19.5,14.8,25.4,2.6
,Minnesota,27,2019,2019,Myeloma,34000,70-74 years,70-74,White,2106-3,82,213665,38.4,30.5,47.6,4.2
,Minnesota,27,2019,2019,Myeloma,34000,75-79 years,75-79,White,2106-3,77,146691,52.5,41.4,65.6,6
,Minnesota,27,2019,2019,Myeloma,34000,80-84 years,80-84,White,2106-3,62,98762,62.8,48.1,80.5,8
,Minnesota,27,2019,2019,Myeloma,34000,85+ years,85+,White,2106-3,34,109527,31,21.5,43.4,5.3
,Minnesota,27,2019,2019,Stomach,21020,55-59 years,55-59,White,2106-3,24,364693,6.6,4.2,9.8,1.3
,Minnesota,27,2019,2019,Stomach,21020,60-64 years ,60-64,White,2106-3,58,342681,16.9,12.9,21.9,2.2
,Minnesota,27,2019,2019,Stomach,21020,65-69 years,65-69,White,2106-3,48,286741,16.7,12.3,22.2,2.4
,Minnesota,27,2019,2019,Stomach,21020,70-74 years,70-74,White,2106-3,60,213665,28.1,21.4,36.1,3.6
,Minnesota,27,2019,2019,Stomach,21020,75-79 years,75-79,White,2106-3,45,146691,30.7,22.4,41,4.6
,Minnesota,27,2019,2019,Stomach,21020,80-84 years,80-84,White,2106-3,40,98762,40.5,28.9,55.2,6.4
,Minnesota,27,2019,2019,Stomach,21020,85+ years,85+,White,2106-3,39,109527,35.6,25.3,48.7,5.7
,Minnesota,27,2019,2019,Thyroid,32010,20-24 years,20-24,White,2106-3,18,288553,6.2,3.7,9.9,1.5
,Minnesota,27,2019,2019,Thyroid,32010,25-29 years,25-29,White,2106-3,31,298050,10.4,7.1,14.8,1.9
,Minnesota,27,2019,2019,Thyroid,32010,30-34 years,30-34,White,2106-3,52,311012,16.7,12.5,21.9,2.3
,Minnesota,27,2019,2019,Thyroid,32010,35-39 years,35-39,White,2106-3,59,329146,17.9,13.6,23.1,2.3
,Minnesota,27,2019,2019,Thyroid,32010,40-44 years,40-44,White,2106-3,61,290021,21,16.1,27,2.7
,Minnesota,27,2019,2019,Thyroid,32010,45-49 years,45-49,White,2106-3,59,287636,20.5,15.6,26.5,2.7
,Minnesota,27,2019,2019,Thyroid,32010,50-54 years,50-54,White,2106-3,80,311766,25.7,20.3,31.9,2.9
,Minnesota,27,2019,2019,Thyroid,32010,55-59 years,55-59,White,2106-3,79,364693,21.7,17.2,27,2.4
,Minnesota,27,2019,2019,Thyroid,32010,60-64 years ,60-64,White,2106-3,79,342681,23.1,18.3,28.7,2.6
,Minnesota,27,2019,2019,Thyroid,32010,65-69 years,65-69,White,2106-3,59,286741,20.6,15.7,26.5,2.7
,Minnesota,27,2019,2019,Thyroid,32010,70-74 years,70-74,White,2106-3,55,213665,25.7,19.4,33.5,3.5
,Minnesota,27,2019,2019,Thyroid,32010,75-79 years,75-79,White,2106-3,27,146691,18.4,12.1,26.8,3.5
,Mississippi,28,2019,2019,Brain and Other Nervous System,31010-31040,60-64 years ,60-64,White,2106-3,16,119526,13.4,7.7,21.7,3.3
,Mississippi,28,2019,2019,Brain and Other Nervous System,31010-31040,70-74 years,70-74,White,2106-3,18,90164,20,11.8,31.6,4.7
,Mississippi,28,2019,2019,Colon and Rectum,21041-21052,40-44 years,40-44,White,2106-3,34,103698,32.8,22.7,45.8,5.6
,Mississippi,28,2019,2019,Colon and Rectum,21041-21052,45-49 years,45-49,Black or African American,2054-5,33,67519,48.9,33.6,68.6,8.5
,Mississippi,28,2019,2019,Colon and Rectum,21041-21052,45-49 years,45-49,White,2106-3,59,111138,53.1,40.4,68.5,6.9
,Mississippi,28,2019,2019,Colon and Rectum,21041-21052,50-54 years,50-54,Black or African American,2054-5,74,65902,112.3,88.2,141,13.1
,Mississippi,28,2019,2019,Colon and Rectum,21041-21052,50-54 years,50-54,White,2106-3,85,111733,76.1,60.8,94.1,8.3
,Mississippi,28,2019,2019,Colon and Rectum,21041-21052,55-59 years,55-59,Black or African American,2054-5,86,70389,122.2,97.7,150.9,13.2
,Mississippi,28,2019,2019,Colon and Rectum,21041-21052,55-59 years,55-59,White,2106-3,115,124796,92.2,76.1,110.6,8.6
,Mississippi,28,2019,2019,Colon and Rectum,21041-21052,60-64 years ,60-64,Black or African American,2054-5,106,65918,160.8,131.7,194.5,15.6
,Mississippi,28,2019,2019,Colon and Rectum,21041-21052,60-64 years ,60-64,White,2106-3,124,119526,103.7,86.3,123.7,9.3
,Mississippi,28,2019,2019,Colon and Rectum,21041-21052,65-69 years,65-69,Black or African American,2054-5,89,52415,169.8,136.4,209,18
,Mississippi,28,2019,2019,Colon and Rectum,21041-21052,65-69 years,65-69,White,2106-3,157,105376,149,126.6,174.2,11.9
,Mississippi,28,2019,2019,Colon and Rectum,21041-21052,70-74 years,70-74,Black or African American,2054-5,69,34502,200,155.6,253.1,24.1
,Mississippi,28,2019,2019,Colon and Rectum,21041-21052,70-74 years,70-74,White,2106-3,168,90164,186.3,159.2,216.7,14.4
,Mississippi,28,2019,2019,Colon and Rectum,21041-21052,75-79 years,75-79,Black or African American,2054-5,39,20515,190.1,135.2,259.9,30.4
,Mississippi,28,2019,2019,Colon and Rectum,21041-21052,75-79 years,75-79,White,2106-3,124,62972,196.9,163.8,234.8,17.7
,Mississippi,28,2019,2019,Colon and Rectum,21041-21052,80-84 years,80-84,Black or African American,2054-5,39,12903,302.3,214.9,413.2,48.4
,Mississippi,28,2019,2019,Colon and Rectum,21041-21052,80-84 years,80-84,White,2106-3,105,41547,252.7,206.7,305.9,24.7
,Mississippi,28,2019,2019,Colon and Rectum,21041-21052,85+ years,85+,Black or African American,2054-5,36,11414,315.4,220.9,436.6,52.6
,Mississippi,28,2019,2019,Colon and Rectum,21041-21052,85+ years,85+,White,2106-3,89,36564,243.4,195.5,299.5,25.8
,Mississippi,28,2019,2019,Leukemias,35011-35043,50-54 years,50-54,White,2106-3,21,111733,18.8,11.6,28.7,4.1
,Mississippi,28,2019,2019,Leukemias,35011-35043,55-59 years,55-59,White,2106-3,21,124796,16.8,10.4,25.7,3.7
,Mississippi,28,2019,2019,Leukemias,35011-35043,60-64 years ,60-64,Black or African American,2054-5,19,65918,28.8,17.4,45,6.6
,Mississippi,28,2019,2019,Leukemias,35011-35043,60-64 years ,60-64,White,2106-3,38,119526,31.8,22.5,43.6,5.2
,Mississippi,28,2019,2019,Leukemias,35011-35043,65-69 years,65-69,White,2106-3,54,105376,51.2,38.5,66.9,7
,Mississippi,28,2019,2019,Leukemias,35011-35043,70-74 years,70-74,White,2106-3,40,90164,44.4,31.7,60.4,7
,Mississippi,28,2019,2019,Leukemias,35011-35043,75-79 years,75-79,White,2106-3,52,62972,82.6,61.7,108.3,11.5
,Mississippi,28,2019,2019,Leukemias,35011-35043,80-84 years,80-84,White,2106-3,31,41547,74.6,50.7,105.9,13.4
,Mississippi,28,2019,2019,Leukemias,35011-35043,85+ years,85+,White,2106-3,32,36564,87.5,59.9,123.5,15.5
,Mississippi,28,2019,2019,Myeloma,34000,55-59 years,55-59,Black or African American,2054-5,30,70389,42.6,28.8,60.8,7.8
,Mississippi,28,2019,2019,Myeloma,34000,60-64 years ,60-64,Black or African American,2054-5,37,65918,56.1,39.5,77.4,9.2
,Mississippi,28,2019,2019,Myeloma,34000,60-64 years ,60-64,White,2106-3,17,119526,14.2,8.3,22.8,3.4
,Mississippi,28,2019,2019,Myeloma,34000,65-69 years,65-69,Black or African American,2054-5,38,52415,72.5,51.3,99.5,11.8
,Mississippi,28,2019,2019,Myeloma,34000,65-69 years,65-69,White,2106-3,26,105376,24.7,16.1,36.2,4.8
,Mississippi,28,2019,2019,Myeloma,34000,70-74 years,70-74,Black or African American,2054-5,28,34502,81.2,53.9,117.3,15.3
,Mississippi,28,2019,2019,Myeloma,34000,70-74 years,70-74,White,2106-3,27,90164,29.9,19.7,43.6,5.8
,Mississippi,28,2019,2019,Myeloma,34000,75-79 years,75-79,Black or African American,2054-5,30,20515,146.2,98.7,208.8,26.7
,Mississippi,28,2019,2019,Myeloma,34000,75-79 years,75-79,White,2106-3,36,62972,57.2,40,79.1,9.5
,Mississippi,28,2019,2019,Stomach,21020,65-69 years,65-69,Black or African American,2054-5,25,52415,47.7,30.9,70.4,9.5
,Mississippi,28,2019,2019,Stomach,21020,65-69 years,65-69,White,2106-3,17,105376,16.1,9.4,25.8,3.9
,Mississippi,28,2019,2019,Stomach,21020,70-74 years,70-74,White,2106-3,23,90164,25.5,16.2,38.3,5.3
,Mississippi,28,2019,2019,Thyroid,32010,45-49 years,45-49,White,2106-3,20,111138,18,11,27.8,4
,Mississippi,28,2019,2019,Thyroid,32010,50-54 years,50-54,White,2106-3,18,111733,16.1,9.5,25.5,3.8
,Mississippi,28,2019,2019,Thyroid,32010,55-59 years,55-59,White,2106-3,19,124796,15.2,9.2,23.8,3.5
,Mississippi,28,2019,2019,Thyroid,32010,60-64 years ,60-64,White,2106-3,18,119526,15.1,8.9,23.8,3.5
,Mississippi,28,2019,2019,Thyroid,32010,65-69 years,65-69,White,2106-3,19,105376,18,10.9,28.2,4.1
,Mississippi,28,2019,2019,Thyroid,32010,70-74 years,70-74,White,2106-3,16,90164,17.7,10.1,28.8,4.4
,Mississippi,28,2019,2019,Thyroid,32010,75-79 years,75-79,White,2106-3,17,62972,27,15.7,43.2,6.5
,Missouri,29,2019,2019,Brain and Other Nervous System,31010-31040,35-39 years,35-39,White,2106-3,19,336848,5.6,3.4,8.8,1.3
,Missouri,29,2019,2019,Brain and Other Nervous System,31010-31040,40-44 years,40-44,White,2106-3,21,302331,6.9,4.3,10.6,1.5
,Missouri,29,2019,2019,Brain and Other Nervous System,31010-31040,45-49 years,45-49,White,2106-3,17,310202,5.5,3.2,8.8,1.3
,Missouri,29,2019,2019,Brain and Other Nervous System,31010-31040,50-54 years,50-54,White,2106-3,34,318590,10.7,7.4,14.9,1.8
,Missouri,29,2019,2019,Brain and Other Nervous System,31010-31040,55-59 years,55-59,White,2106-3,45,374543,12,8.8,16.1,1.8
,Missouri,29,2019,2019,Brain and Other Nervous System,31010-31040,60-64 years ,60-64,White,2106-3,47,354687,13.3,9.7,17.6,1.9
,Missouri,29,2019,2019,Brain and Other Nervous System,31010-31040,65-69 years,65-69,White,2106-3,68,300774,22.6,17.6,28.7,2.7
,Missouri,29,2019,2019,Brain and Other Nervous System,31010-31040,70-74 years,70-74,White,2106-3,46,238672,19.3,14.1,25.7,2.8
,Missouri,29,2019,2019,Brain and Other Nervous System,31010-31040,75-79 years,75-79,White,2106-3,33,167025,19.8,13.6,27.7,3.4
,Missouri,29,2019,2019,Brain and Other Nervous System,31010-31040,80-84 years,80-84,White,2106-3,23,108393,21.2,13.5,31.8,4.4
,Missouri,29,2019,2019,Brain and Other Nervous System,31010-31040,85+ years,85+,White,2106-3,21,110690,19,11.7,29,4.1
,Missouri,29,2019,2019,Colon and Rectum,21041-21052,30-34 years,30-34,White,2106-3,23,329199,7,4.4,10.5,1.5
,Missouri,29,2019,2019,Colon and Rectum,21041-21052,35-39 years,35-39,White,2106-3,49,336848,14.5,10.8,19.2,2.1
,Missouri,29,2019,2019,Colon and Rectum,21041-21052,40-44 years,40-44,White,2106-3,65,302331,21.5,16.6,27.4,2.7
,Missouri,29,2019,2019,Colon and Rectum,21041-21052,45-49 years,45-49,Black or African American,2054-5,19,43701,43.5,26.2,67.9,10
,Missouri,29,2019,2019,Colon and Rectum,21041-21052,45-49 years,45-49,White,2106-3,115,310202,37.1,30.6,44.5,3.5
,Missouri,29,2019,2019,Colon and Rectum,21041-21052,50-54 years,50-54,Black or African American,2054-5,35,43263,80.9,56.4,112.5,13.7
,Missouri,29,2019,2019,Colon and Rectum,21041-21052,50-54 years,50-54,White,2106-3,206,318590,64.7,56.1,74.1,4.5
,Missouri,29,2019,2019,Colon and Rectum,21041-21052,55-59 years,55-59,Black or African American,2054-5,34,45390,74.9,51.9,104.7,12.8
,Missouri,29,2019,2019,Colon and Rectum,21041-21052,55-59 years,55-59,White,2106-3,260,374543,69.4,61.2,78.4,4.3
,Missouri,29,2019,2019,Colon and Rectum,21041-21052,60-64 years ,60-64,Black or African American,2054-5,53,41220,128.6,96.3,168.2,17.7
,Missouri,29,2019,2019,Colon and Rectum,21041-21052,60-64 years ,60-64,White,2106-3,312,354687,88,78.5,98.3,5
,Missouri,29,2019,2019,Colon and Rectum,21041-21052,65-69 years,65-69,Black or African American,2054-5,51,31095,164,122.1,215.6,23
,Missouri,29,2019,2019,Colon and Rectum,21041-21052,65-69 years,65-69,White,2106-3,370,300774,123,110.8,136.2,6.4
,Missouri,29,2019,2019,Colon and Rectum,21041-21052,70-74 years,70-74,Black or African American,2054-5,40,21591,185.3,132.4,252.3,29.3
,Missouri,29,2019,2019,Colon and Rectum,21041-21052,70-74 years,70-74,White,2106-3,351,238672,147.1,132.1,163.3,7.8
,Missouri,29,2019,2019,Colon and Rectum,21041-21052,75-79 years,75-79,Black or African American,2054-5,19,14015,135.6,81.6,211.7,31.1
,Missouri,29,2019,2019,Colon and Rectum,21041-21052,75-79 years,75-79,White,2106-3,304,167025,182,162.1,203.7,10.4
,Missouri,29,2019,2019,Colon and Rectum,21041-21052,80-84 years,80-84,Black or African American,2054-5,21,8942,234.8,145.4,359,51.2
,Missouri,29,2019,2019,Colon and Rectum,21041-21052,80-84 years,80-84,White,2106-3,252,108393,232.5,204.7,263,14.6
,Missouri,29,2019,2019,Colon and Rectum,21041-21052,85+ years,85+,Black or African American,2054-5,22,8362,263.1,164.9,398.3,56.1
,Missouri,29,2019,2019,Colon and Rectum,21041-21052,85+ years,85+,White,2106-3,303,110690,273.7,243.8,306.4,15.7
,Missouri,29,2019,2019,Leukemias,35011-35043,30-34 years,30-34,White,2106-3,19,329199,5.8,3.5,9,1.3
,Missouri,29,2019,2019,Leukemias,35011-35043,35-39 years,35-39,White,2106-3,19,336848,5.6,3.4,8.8,1.3
,Missouri,29,2019,2019,Leukemias,35011-35043,40-44 years,40-44,White,2106-3,30,302331,9.9,6.7,14.2,1.8
,Missouri,29,2019,2019,Leukemias,35011-35043,45-49 years,45-49,White,2106-3,33,310202,10.6,7.3,14.9,1.9
,Missouri,29,2019,2019,Leukemias,35011-35043,50-54 years,50-54,White,2106-3,51,318590,16,11.9,21,2.2
,Missouri,29,2019,2019,Leukemias,35011-35043,55-59 years,55-59,White,2106-3,78,374543,20.8,16.5,26,2.4
,Missouri,29,2019,2019,Leukemias,35011-35043,60-64 years ,60-64,White,2106-3,114,354687,32.1,26.5,38.6,3
,Missouri,29,2019,2019,Leukemias,35011-35043,65-69 years,65-69,White,2106-3,133,300774,44.2,37,52.4,3.8
,Missouri,29,2019,2019,Leukemias,35011-35043,70-74 years,70-74,White,2106-3,106,238672,44.4,36.4,53.7,4.3
,Missouri,29,2019,2019,Leukemias,35011-35043,75-79 years,75-79,White,2106-3,154,167025,92.2,78.2,108,7.4
,Missouri,29,2019,2019,Leukemias,35011-35043,80-84 years,80-84,White,2106-3,104,108393,95.9,78.4,116.3,9.4
,Missouri,29,2019,2019,Leukemias,35011-35043,85+ years,85+,White,2106-3,99,110690,89.4,72.7,108.9,9
,Missouri,29,2019,2019,Myeloma,34000,50-54 years,50-54,White,2106-3,24,318590,7.5,4.8,11.2,1.5
,Missouri,29,2019,2019,Myeloma,34000,55-59 years,55-59,Black or African American,2054-5,19,45390,41.9,25.2,65.4,9.6
,Missouri,29,2019,2019,Myeloma,34000,55-59 years,55-59,White,2106-3,29,374543,7.7,5.2,11.1,1.4
,Missouri,29,2019,2019,Myeloma,34000,60-64 years ,60-64,Black or African American,2054-5,16,41220,38.8,22.2,63,9.7
,Missouri,29,2019,2019,Myeloma,34000,60-64 years ,60-64,White,2106-3,58,354687,16.4,12.4,21.1,2.1
,Missouri,29,2019,2019,Myeloma,34000,65-69 years,65-69,Black or African American,2054-5,26,31095,83.6,54.6,122.5,16.4
,Missouri,29,2019,2019,Myeloma,34000,65-69 years,65-69,White,2106-3,76,300774,25.3,19.9,31.6,2.9
,Missouri,29,2019,2019,Myeloma,34000,70-74 years,70-74,White,2106-3,84,238672,35.2,28.1,43.6,3.8
,Missouri,29,2019,2019,Myeloma,34000,75-79 years,75-79,White,2106-3,72,167025,43.1,33.7,54.3,5.1
,Missouri,29,2019,2019,Myeloma,34000,80-84 years,80-84,White,2106-3,39,108393,36,25.6,49.2,5.8
,Missouri,29,2019,2019,Myeloma,34000,85+ years,85+,White,2106-3,29,110690,26.2,17.5,37.6,4.9
,Missouri,29,2019,2019,Stomach,21020,50-54 years,50-54,White,2106-3,18,318590,5.6,3.3,8.9,1.3
,Missouri,29,2019,2019,Stomach,21020,55-59 years,55-59,White,2106-3,37,374543,9.9,7,13.6,1.6
,Missouri,29,2019,2019,Stomach,21020,60-64 years ,60-64,White,2106-3,51,354687,14.4,10.7,18.9,2
,Missouri,29,2019,2019,Stomach,21020,65-69 years,65-69,White,2106-3,46,300774,15.3,11.2,20.4,2.3
,Missouri,29,2019,2019,Stomach,21020,70-74 years,70-74,White,2106-3,62,238672,26,19.9,33.3,3.3
,Missouri,29,2019,2019,Stomach,21020,75-79 years,75-79,White,2106-3,36,167025,21.6,15.1,29.8,3.6
,Missouri,29,2019,2019,Stomach,21020,80-84 years,80-84,White,2106-3,38,108393,35.1,24.8,48.1,5.7
,Missouri,29,2019,2019,Stomach,21020,85+ years,85+,White,2106-3,32,110690,28.9,19.8,40.8,5.1
,Missouri,29,2019,2019,Thyroid,32010,20-24 years,20-24,White,2106-3,23,323856,7.1,4.5,10.7,1.5
,Missouri,29,2019,2019,Thyroid,32010,25-29 years,25-29,White,2106-3,36,333821,10.8,7.6,14.9,1.8
,Missouri,29,2019,2019,Thyroid,32010,30-34 years,30-34,White,2106-3,47,329199,14.3,10.5,19,2.1
,Missouri,29,2019,2019,Thyroid,32010,35-39 years,35-39,White,2106-3,52,336848,15.4,11.5,20.2,2.1
,Missouri,29,2019,2019,Thyroid,32010,40-44 years,40-44,White,2106-3,51,302331,16.9,12.6,22.2,2.4
,Missouri,29,2019,2019,Thyroid,32010,45-49 years,45-49,White,2106-3,65,310202,21,16.2,26.7,2.6
,Missouri,29,2019,2019,Thyroid,32010,50-54 years,50-54,White,2106-3,68,318590,21.3,16.6,27.1,2.6
,Missouri,29,2019,2019,Thyroid,32010,55-59 years,55-59,White,2106-3,81,374543,21.6,17.2,26.9,2.4
,Missouri,29,2019,2019,Thyroid,32010,60-64 years ,60-64,White,2106-3,81,354687,22.8,18.1,28.4,2.5
,Missouri,29,2019,2019,Thyroid,32010,65-69 years,65-69,White,2106-3,74,300774,24.6,19.3,30.9,2.9
,Missouri,29,2019,2019,Thyroid,32010,70-74 years,70-74,White,2106-3,58,238672,24.3,18.5,31.4,3.2
,Missouri,29,2019,2019,Thyroid,32010,75-79 years,75-79,White,2106-3,52,167025,31.1,23.3,40.8,4.3
,Montana,30,2019,2019,Colon and Rectum,21041-21052,45-49 years,45-49,White,2106-3,23,54648,42.1,26.7,63.2,8.8
,Montana,30,2019,2019,Colon and Rectum,21041-21052,50-54 years,50-54,White,2106-3,34,55871,60.9,42.1,85,10.4
,Montana,30,2019,2019,Colon and Rectum,21041-21052,55-59 years,55-59,White,2106-3,34,69457,49,33.9,68.4,8.4
,Montana,30,2019,2019,Colon and Rectum,21041-21052,60-64 years ,60-64,White,2106-3,46,73558,62.5,45.8,83.4,9.2
,Montana,30,2019,2019,Colon and Rectum,21041-21052,65-69 years,65-69,White,2106-3,71,67767,104.8,81.8,132.2,12.4
,Montana,30,2019,2019,Colon and Rectum,21041-21052,70-74 years,70-74,White,2106-3,58,51305,113,85.8,146.1,14.8
,Montana,30,2019,2019,Colon and Rectum,21041-21052,75-79 years,75-79,White,2106-3,59,33782,174.6,133,225.3,22.7
,Montana,30,2019,2019,Colon and Rectum,21041-21052,80-84 years,80-84,White,2106-3,51,21038,242.4,180.5,318.7,33.9
,Montana,30,2019,2019,Colon and Rectum,21041-21052,85+ years,85+,White,2106-3,53,20554,257.9,193.2,337.3,35.4
,Montana,30,2019,2019,Leukemias,35011-35043,55-59 years,55-59,White,2106-3,23,69457,33.1,21,49.7,6.9
,Montana,30,2019,2019,Leukemias,35011-35043,60-64 years ,60-64,White,2106-3,37,73558,50.3,35.4,69.3,8.3
,Montana,30,2019,2019,Leukemias,35011-35043,65-69 years,65-69,White,2106-3,32,67767,47.2,32.3,66.7,8.3
,Montana,30,2019,2019,Leukemias,35011-35043,70-74 years,70-74,White,2106-3,33,51305,64.3,44.3,90.3,11.2
,Montana,30,2019,2019,Leukemias,35011-35043,75-79 years,75-79,White,2106-3,22,33782,65.1,40.8,98.6,13.9
,Montana,30,2019,2019,Leukemias,35011-35043,80-84 years,80-84,White,2106-3,20,21038,95.1,58.1,146.8,21.3
,Montana,30,2019,2019,Leukemias,35011-35043,85+ years,85+,White,2106-3,17,20554,82.7,48.2,132.4,20.1
,Montana,30,2019,2019,Myeloma,34000,65-69 years,65-69,White,2106-3,16,67767,23.6,13.5,38.3,5.9
,Montana,30,2019,2019,Myeloma,34000,70-74 years,70-74,White,2106-3,17,51305,33.1,19.3,53.1,8
,Montana,30,2019,2019,Myeloma,34000,75-79 years,75-79,White,2106-3,20,33782,59.2,36.2,91.4,13.2
,Montana,30,2019,2019,Myeloma,34000,80-84 years,80-84,White,2106-3,17,21038,80.8,47.1,129.4,19.6
,Montana,30,2019,2019,Thyroid,32010,55-59 years,55-59,White,2106-3,21,69457,30.2,18.7,46.2,6.6
,Montana,30,2019,2019,Thyroid,32010,60-64 years ,60-64,White,2106-3,17,73558,23.1,13.5,37,5.6
,Montana,30,2019,2019,Thyroid,32010,65-69 years,65-69,White,2106-3,17,67767,25.1,14.6,40.2,6.1
,Nebraska,31,2019,2019,Brain and Other Nervous System,31010-31040,55-59 years,55-59,White,2106-3,16,117537,13.6,7.8,22.1,3.4
,Nebraska,31,2019,2019,Brain and Other Nervous System,31010-31040,70-74 years,70-74,White,2106-3,17,72991,23.3,13.6,37.3,5.6
,Nebraska,31,2019,2019,Colon and Rectum,21041-21052,35-39 years,35-39,White,2106-3,19,117844,16.1,9.7,25.2,3.7
,Nebraska,31,2019,2019,Colon and Rectum,21041-21052,40-44 years,40-44,White,2106-3,23,103189,22.3,14.1,33.4,4.6
,Nebraska,31,2019,2019,Colon and Rectum,21041-21052,45-49 years,45-49,White,2106-3,35,100117,35,24.4,48.6,5.9
,Nebraska,31,2019,2019,Colon and Rectum,21041-21052,50-54 years,50-54,White,2106-3,64,99771,64.1,49.4,81.9,8
,Nebraska,31,2019,2019,Colon and Rectum,21041-21052,55-59 years,55-59,White,2106-3,50,117537,42.5,31.6,56.1,6
,Nebraska,31,2019,2019,Colon and Rectum,21041-21052,60-64 years ,60-64,White,2106-3,95,113037,84,68,102.7,8.6
,Nebraska,31,2019,2019,Colon and Rectum,21041-21052,65-69 years,65-69,White,2106-3,114,97238,117.2,96.7,140.8,11
,Nebraska,31,2019,2019,Colon and Rectum,21041-21052,70-74 years,70-74,White,2106-3,106,72991,145.2,118.9,175.6,14.1
,Nebraska,31,2019,2019,Colon and Rectum,21041-21052,75-79 years,75-79,White,2106-3,92,49232,186.9,150.6,229.2,19.5
,Nebraska,31,2019,2019,Colon and Rectum,21041-21052,80-84 years,80-84,White,2106-3,99,34582,286.3,232.7,348.5,28.8
,Nebraska,31,2019,2019,Colon and Rectum,21041-21052,85+ years,85+,White,2106-3,100,38263,261.3,212.6,317.9,26.1
,Nebraska,31,2019,2019,Leukemias,35011-35043,50-54 years,50-54,White,2106-3,16,99771,16,9.2,26,4
,Nebraska,31,2019,2019,Leukemias,35011-35043,55-59 years,55-59,White,2106-3,24,117537,20.4,13.1,30.4,4.2
,Nebraska,31,2019,2019,Leukemias,35011-35043,60-64 years ,60-64,White,2106-3,36,113037,31.8,22.3,44.1,5.3
,Nebraska,31,2019,2019,Leukemias,35011-35043,65-69 years,65-69,White,2106-3,33,97238,33.9,23.4,47.7,5.9
,Nebraska,31,2019,2019,Leukemias,35011-35043,70-74 years,70-74,White,2106-3,50,72991,68.5,50.8,90.3,9.7
,Nebraska,31,2019,2019,Leukemias,35011-35043,75-79 years,75-79,White,2106-3,29,49232,58.9,39.4,84.6,10.9
,Nebraska,31,2019,2019,Leukemias,35011-35043,80-84 years,80-84,White,2106-3,34,34582,98.3,68.1,137.4,16.9
,Nebraska,31,2019,2019,Leukemias,35011-35043,85+ years,85+,White,2106-3,43,38263,112.4,81.3,151.4,17.1
,Nebraska,31,2019,2019,Myeloma,34000,60-64 years ,60-64,White,2106-3,18,113037,15.9,9.4,25.2,3.8
,Nebraska,31,2019,2019,Myeloma,34000,65-69 years,65-69,White,2106-3,26,97238,26.7,17.5,39.2,5.2
,Nebraska,31,2019,2019,Myeloma,34000,70-74 years,70-74,White,2106-3,21,72991,28.8,17.8,44,6.3
,Nebraska,31,2019,2019,Myeloma,34000,75-79 years,75-79,White,2106-3,17,49232,34.5,20.1,55.3,8.4
,Nebraska,31,2019,2019,Thyroid,32010,30-34 years,30-34,White,2106-3,24,110397,21.7,13.9,32.3,4.4
,Nebraska,31,2019,2019,Thyroid,32010,35-39 years,35-39,White,2106-3,27,117844,22.9,15.1,33.3,4.4
,Nebraska,31,2019,2019,Thyroid,32010,40-44 years,40-44,White,2106-3,32,103189,31,21.2,43.8,5.5
,Nebraska,31,2019,2019,Thyroid,32010,45-49 years,45-49,White,2106-3,21,100117,21,13,32.1,4.6
,Nebraska,31,2019,2019,Thyroid,32010,50-54 years,50-54,White,2106-3,16,99771,16,9.2,26,4
,Nebraska,31,2019,2019,Thyroid,32010,55-59 years,55-59,White,2106-3,35,117537,29.8,20.7,41.4,5
,Nebraska,31,2019,2019,Thyroid,32010,60-64 years ,60-64,White,2106-3,36,113037,31.8,22.3,44.1,5.3
,Nebraska,31,2019,2019,Thyroid,32010,65-69 years,65-69,White,2106-3,24,97238,24.7,15.8,36.7,5
,Nevada,32,2019,2019,Brain and Other Nervous System,31010-31040,65-69 years,65-69,White,2106-3,18,131691,13.7,8.1,21.6,3.2
,Nevada,32,2019,2019,Brain and Other Nervous System,31010-31040,75-79 years,75-79,White,2106-3,18,74672,24.1,14.3,38.1,5.7
,Nevada,32,2019,2019,Colon and Rectum,21041-21052,40-44 years,40-44,White,2106-3,25,147066,17,11,25.1,3.4
,Nevada,32,2019,2019,Colon and Rectum,21041-21052,45-49 years,45-49,White,2106-3,43,152193,28.3,20.4,38.1,4.3
,Nevada,32,2019,2019,Colon and Rectum,21041-21052,50-54 years,50-54,Asian or Pacific Islander,A-PI,21,21788,96.4,59.7,147.3,21
,Nevada,32,2019,2019,Colon and Rectum,21041-21052,50-54 years,50-54,White,2106-3,76,150695,50.4,39.7,63.1,5.8
,Nevada,32,2019,2019,Colon and Rectum,21041-21052,55-59 years,55-59,White,2106-3,90,156481,57.5,46.2,70.7,6.1
,Nevada,32,2019,2019,Colon and Rectum,21041-21052,60-64 years ,60-64,White,2106-3,108,147981,73,59.9,88.1,7
,Nevada,32,2019,2019,Colon and Rectum,21041-21052,65-69 years,65-69,Black or African American,2054-5,22,12584,174.8,109.6,264.7,37.3
,Nevada,32,2019,2019,Colon and Rectum,21041-21052,65-69 years,65-69,White,2106-3,131,131691,99.5,83.2,118,8.7
,Nevada,32,2019,2019,Colon and Rectum,21041-21052,70-74 years,70-74,Asian or Pacific Islander,A-PI,16,14386,111.2,63.6,180.6,27.8
,Nevada,32,2019,2019,Colon and Rectum,21041-21052,70-74 years,70-74,White,2106-3,148,112314,131.8,111.4,154.8,10.8
,Nevada,32,2019,2019,Colon and Rectum,21041-21052,75-79 years,75-79,White,2106-3,106,74672,142,116.2,171.7,13.8
,Nevada,32,2019,2019,Colon and Rectum,21041-21052,80-84 years,80-84,White,2106-3,105,42827,245.2,200.5,296.8,23.9
,Nevada,32,2019,2019,Colon and Rectum,21041-21052,85+ years,85+,White,2106-3,76,33859,224.5,176.8,280.9,25.7
,Nevada,32,2019,2019,Leukemias,35011-35043,55-59 years,55-59,White,2106-3,22,156481,14.1,8.8,21.3,3
,Nevada,32,2019,2019,Leukemias,35011-35043,60-64 years ,60-64,White,2106-3,23,147981,15.5,9.9,23.3,3.2
,Nevada,32,2019,2019,Leukemias,35011-35043,65-69 years,65-69,White,2106-3,39,131691,29.6,21.1,40.5,4.7
,Nevada,32,2019,2019,Leukemias,35011-35043,70-74 years,70-74,White,2106-3,57,112314,50.8,38.4,65.8,6.7
,Nevada,32,2019,2019,Leukemias,35011-35043,75-79 years,75-79,White,2106-3,39,74672,52.2,37.1,71.4,8.4
,Nevada,32,2019,2019,Leukemias,35011-35043,80-84 years,80-84,White,2106-3,33,42827,77.1,53,108.2,13.4
,Nevada,32,2019,2019,Leukemias,35011-35043,85+ years,85+,White,2106-3,30,33859,88.6,59.8,126.5,16.2
,Nevada,32,2019,2019,Myeloma,34000,55-59 years,55-59,White,2106-3,17,156481,10.9,6.3,17.4,2.6
,Nevada,32,2019,2019,Myeloma,34000,65-69 years,65-69,White,2106-3,16,131691,12.1,6.9,19.7,3
,Nevada,32,2019,2019,Myeloma,34000,70-74 years,70-74,White,2106-3,35,112314,31.2,21.7,43.3,5.3
,Nevada,32,2019,2019,Myeloma,34000,75-79 years,75-79,White,2106-3,22,74672,29.5,18.5,44.6,6.3
,Nevada,32,2019,2019,Myeloma,34000,80-84 years,80-84,White,2106-3,16,42827,37.4,21.4,60.7,9.3
,Nevada,32,2019,2019,Stomach,21020,65-69 years,65-69,White,2106-3,16,131691,12.1,6.9,19.7,3
,Nevada,32,2019,2019,Stomach,21020,70-74 years,70-74,White,2106-3,22,112314,19.6,12.3,29.7,4.2
,Nevada,32,2019,2019,Stomach,21020,75-79 years,75-79,White,2106-3,17,74672,22.8,13.3,36.5,5.5
,Nevada,32,2019,2019,Thyroid,32010,25-29 years,25-29,White,2106-3,22,161596,13.6,8.5,20.6,2.9
,Nevada,32,2019,2019,Thyroid,32010,30-34 years,30-34,White,2106-3,23,163290,14.1,8.9,21.1,2.9
,Nevada,32,2019,2019,Thyroid,32010,35-39 years,35-39,White,2106-3,29,160725,18,12.1,25.9,3.4
,Nevada,32,2019,2019,Thyroid,32010,40-44 years,40-44,White,2106-3,26,147066,17.7,11.5,25.9,3.5
,Nevada,32,2019,2019,Thyroid,32010,45-49 years,45-49,White,2106-3,36,152193,23.7,16.6,32.7,3.9
,Nevada,32,2019,2019,Thyroid,32010,50-54 years,50-54,White,2106-3,34,150695,22.6,15.6,31.5,3.9
,Nevada,32,2019,2019,Thyroid,32010,55-59 years,55-59,White,2106-3,31,156481,19.8,13.5,28.1,3.6
,Nevada,32,2019,2019,Thyroid,32010,60-64 years ,60-64,White,2106-3,28,147981,18.9,12.6,27.3,3.6
,Nevada,32,2019,2019,Thyroid,32010,65-69 years,65-69,White,2106-3,34,131691,25.8,17.9,36.1,4.4
,New Hampshire,33,2019,2019,Brain and Other Nervous System,31010-31040,60-64 years ,60-64,White,2106-3,20,102319,19.5,11.9,30.2,4.4
,New Hampshire,33,2019,2019,Brain and Other Nervous System,31010-31040,70-74 years,70-74,White,2106-3,19,65592,29,17.4,45.2,6.6
,New Hampshire,33,2019,2019,Colon and Rectum,21041-21052,40-44 years,40-44,White,2106-3,18,70918,25.4,15,40.1,6
,New Hampshire,33,2019,2019,Colon and Rectum,21041-21052,45-49 years,45-49,White,2106-3,23,82195,28,17.7,42,5.8
,New Hampshire,33,2019,2019,Colon and Rectum,21041-21052,50-54 years,50-54,White,2106-3,67,94175,71.1,55.1,90.4,8.7
,New Hampshire,33,2019,2019,Colon and Rectum,21041-21052,55-59 years,55-59,White,2106-3,72,108387,66.4,52,83.7,7.8
,New Hampshire,33,2019,2019,Colon and Rectum,21041-21052,60-64 years ,60-64,White,2106-3,66,102319,64.5,49.9,82.1,7.9
,New Hampshire,33,2019,2019,Colon and Rectum,21041-21052,65-69 years,65-69,White,2106-3,92,83231,110.5,89.1,135.6,11.5
,New Hampshire,33,2019,2019,Colon and Rectum,21041-21052,70-74 years,70-74,White,2106-3,96,65592,146.4,118.6,178.7,14.9
,New Hampshire,33,2019,2019,Colon and Rectum,21041-21052,75-79 years,75-79,White,2106-3,71,41580,170.8,133.4,215.4,20.3
,New Hampshire,33,2019,2019,Colon and Rectum,21041-21052,80-84 years,80-84,White,2106-3,55,25611,214.8,161.8,279.5,29
,New Hampshire,33,2019,2019,Colon and Rectum,21041-21052,85+ years,85+,White,2106-3,69,27528,250.7,195,317.2,30.2
,New Hampshire,33,2019,2019,Leukemias,35011-35043,55-59 years,55-59,White,2106-3,31,108387,28.6,19.4,40.6,5.1
,New Hampshire,33,2019,2019,Leukemias,35011-35043,60-64 years ,60-64,White,2106-3,29,102319,28.3,19,40.7,5.3
,New Hampshire,33,2019,2019,Leukemias,35011-35043,65-69 years,65-69,White,2106-3,29,83231,34.8,23.3,50,6.5
,New Hampshire,33,2019,2019,Leukemias,35011-35043,70-74 years,70-74,White,2106-3,43,65592,65.6,47.4,88.3,10
,New Hampshire,33,2019,2019,Leukemias,35011-35043,75-79 years,75-79,White,2106-3,34,41580,81.8,56.6,114.3,14
,New Hampshire,33,2019,2019,Leukemias,35011-35043,80-84 years,80-84,White,2106-3,26,25611,101.5,66.3,148.7,19.9
,New Hampshire,33,2019,2019,Leukemias,35011-35043,85+ years,85+,White,2106-3,32,27528,116.2,79.5,164.1,20.5
,New Hampshire,33,2019,2019,Myeloma,34000,60-64 years ,60-64,White,2106-3,16,102319,15.6,8.9,25.4,3.9
,New Hampshire,33,2019,2019,Myeloma,34000,65-69 years,65-69,White,2106-3,23,83231,27.6,17.5,41.5,5.8
,New Hampshire,33,2019,2019,Myeloma,34000,70-74 years,70-74,White,2106-3,24,65592,36.6,23.4,54.4,7.5
,New Hampshire,33,2019,2019,Myeloma,34000,75-79 years,75-79,White,2106-3,18,41580,43.3,25.7,68.4,10.2
,New Hampshire,33,2019,2019,Thyroid,32010,30-34 years,30-34,White,2106-3,16,78950,20.3,11.6,32.9,5.1
,New Hampshire,33,2019,2019,Thyroid,32010,45-49 years,45-49,White,2106-3,18,82195,21.9,13,34.6,5.2
,New Hampshire,33,2019,2019,Thyroid,32010,55-59 years,55-59,White,2106-3,17,108387,15.7,9.1,25.1,3.8
,New Hampshire,33,2019,2019,Thyroid,32010,60-64 years ,60-64,White,2106-3,19,102319,18.6,11.2,29,4.3
,New Hampshire,33,2019,2019,Thyroid,32010,65-69 years,65-69,White,2106-3,19,83231,22.8,13.7,35.6,5.2
,New Jersey,34,2019,2019,Brain and Other Nervous System,31010-31040,5-9 years,05-Sep,White,2106-3,19,380474,5,3,7.8,1.1
,New Jersey,34,2019,2019,Brain and Other Nervous System,31010-31040,30-34 years,30-34,White,2106-3,21,409181,5.1,3.2,7.8,1.1
,New Jersey,34,2019,2019,Brain and Other Nervous System,31010-31040,35-39 years,35-39,White,2106-3,23,419659,5.5,3.5,8.2,1.1
,New Jersey,34,2019,2019,Brain and Other Nervous System,31010-31040,40-44 years,40-44,White,2106-3,16,405522,3.9,2.3,6.4,1
,New Jersey,34,2019,2019,Brain and Other Nervous System,31010-31040,45-49 years,45-49,White,2106-3,20,436451,4.6,2.8,7.1,1
,New Jersey,34,2019,2019,Brain and Other Nervous System,31010-31040,50-54 years,50-54,White,2106-3,38,481428,7.9,5.6,10.8,1.3
,New Jersey,34,2019,2019,Brain and Other Nervous System,31010-31040,55-59 years,55-59,White,2106-3,54,517552,10.4,7.8,13.6,1.4
,New Jersey,34,2019,2019,Brain and Other Nervous System,31010-31040,60-64 years ,60-64,White,2106-3,62,472945,13.1,10.1,16.8,1.7
,New Jersey,34,2019,2019,Brain and Other Nervous System,31010-31040,65-69 years,65-69,White,2106-3,79,380854,20.7,16.4,25.9,2.3
,New Jersey,34,2019,2019,Brain and Other Nervous System,31010-31040,70-74 years,70-74,White,2106-3,74,306988,24.1,18.9,30.3,2.8
,New Jersey,34,2019,2019,Brain and Other Nervous System,31010-31040,75-79 years,75-79,White,2106-3,54,212202,25.4,19.1,33.2,3.5
,New Jersey,34,2019,2019,Brain and Other Nervous System,31010-31040,80-84 years,80-84,White,2106-3,32,141174,22.7,15.5,32,4
,New Jersey,34,2019,2019,Brain and Other Nervous System,31010-31040,85+ years,85+,White,2106-3,36,160988,22.4,15.7,31,3.7
,New Jersey,34,2019,2019,Colon and Rectum,21041-21052,15-19 years,15-19,White,2106-3,16,420350,3.8,2.2,6.2,1
,New Jersey,34,2019,2019,Colon and Rectum,21041-21052,30-34 years,30-34,White,2106-3,27,409181,6.6,4.3,9.6,1.3
,New Jersey,34,2019,2019,Colon and Rectum,21041-21052,35-39 years,35-39,White,2106-3,49,419659,11.7,8.6,15.4,1.7
,New Jersey,34,2019,2019,Colon and Rectum,21041-21052,40-44 years,40-44,Black or African American,2054-5,22,94896,23.2,14.5,35.1,4.9
,New Jersey,34,2019,2019,Colon and Rectum,21041-21052,40-44 years,40-44,White,2106-3,80,405522,19.7,15.6,24.6,2.2
,New Jersey,34,2019,2019,Colon and Rectum,21041-21052,45-49 years,45-49,Asian or Pacific Islander,A-PI,25,76289,32.8,21.2,48.4,6.6
,New Jersey,34,2019,2019,Colon and Rectum,21041-21052,45-49 years,45-49,Black or African American,2054-5,44,98116,44.8,32.6,60.2,6.8
,New Jersey,34,2019,2019,Colon and Rectum,21041-21052,45-49 years,45-49,White,2106-3,157,436451,36,30.6,42.1,2.9
,New Jersey,34,2019,2019,Colon and Rectum,21041-21052,50-54 years,50-54,Asian or Pacific Islander,A-PI,23,63446,36.3,23,54.4,7.6
,New Jersey,34,2019,2019,Colon and Rectum,21041-21052,50-54 years,50-54,Black or African American,2054-5,70,98571,71,55.4,89.7,8.5
,New Jersey,34,2019,2019,Colon and Rectum,21041-21052,50-54 years,50-54,White,2106-3,314,481428,65.2,58.2,72.9,3.7
,New Jersey,34,2019,2019,Colon and Rectum,21041-21052,55-59 years,55-59,Asian or Pacific Islander,A-PI,25,57900,43.2,27.9,63.7,8.6
,New Jersey,34,2019,2019,Colon and Rectum,21041-21052,55-59 years,55-59,Black or African American,2054-5,69,96327,71.6,55.7,90.7,8.6
,New Jersey,34,2019,2019,Colon and Rectum,21041-21052,55-59 years,55-59,White,2106-3,369,517552,71.3,64.2,79,3.7
,New Jersey,34,2019,2019,Colon and Rectum,21041-21052,60-64 years ,60-64,Asian or Pacific Islander,A-PI,44,50233,87.6,63.6,117.6,13.2
,New Jersey,34,2019,2019,Colon and Rectum,21041-21052,60-64 years ,60-64,Black or African American,2054-5,76,80016,95,74.8,118.9,10.9
,New Jersey,34,2019,2019,Colon and Rectum,21041-21052,60-64 years ,60-64,White,2106-3,400,472945,84.6,76.5,93.3,4.2
,New Jersey,34,2019,2019,Colon and Rectum,21041-21052,65-69 years,65-69,Asian or Pacific Islander,A-PI,20,38755,51.6,31.5,79.7,11.5
,New Jersey,34,2019,2019,Colon and Rectum,21041-21052,65-69 years,65-69,Black or African American,2054-5,68,58130,117,90.8,148.3,14.2
,New Jersey,34,2019,2019,Colon and Rectum,21041-21052,65-69 years,65-69,White,2106-3,418,380854,109.8,99.5,120.8,5.4
,New Jersey,34,2019,2019,Colon and Rectum,21041-21052,70-74 years,70-74,Asian or Pacific Islander,A-PI,35,30201,115.9,80.7,161.2,19.6
,New Jersey,34,2019,2019,Colon and Rectum,21041-21052,70-74 years,70-74,Black or African American,2054-5,63,43177,145.9,112.1,186.7,18.4
,New Jersey,34,2019,2019,Colon and Rectum,21041-21052,70-74 years,70-74,White,2106-3,469,306988,152.8,139.3,167.2,7.1
,New Jersey,34,2019,2019,Colon and Rectum,21041-21052,75-79 years,75-79,Asian or Pacific Islander,A-PI,19,19954,95.2,57.3,148.7,21.8
,New Jersey,34,2019,2019,Colon and Rectum,21041-21052,75-79 years,75-79,Black or African American,2054-5,62,29571,209.7,160.7,268.8,26.6
,New Jersey,34,2019,2019,Colon and Rectum,21041-21052,75-79 years,75-79,White,2106-3,392,212202,184.7,166.9,204,9.3
,New Jersey,34,2019,2019,Colon and Rectum,21041-21052,80-84 years,80-84,Asian or Pacific Islander,A-PI,22,12623,174.3,109.2,263.9,37.2
,New Jersey,34,2019,2019,Colon and Rectum,21041-21052,80-84 years,80-84,Black or African American,2054-5,51,19500,261.5,194.7,343.9,36.6
,New Jersey,34,2019,2019,Colon and Rectum,21041-21052,80-84 years,80-84,White,2106-3,340,141174,240.8,215.9,267.8,13.1
,New Jersey,34,2019,2019,Colon and Rectum,21041-21052,85+ years,85+,Asian or Pacific Islander,A-PI,17,10077,168.7,98.3,270.1,40.9
,New Jersey,34,2019,2019,Colon and Rectum,21041-21052,85+ years,85+,Black or African American,2054-5,42,17077,245.9,177.3,332.4,38
,New Jersey,34,2019,2019,Colon and Rectum,21041-21052,85+ years,85+,White,2106-3,501,160988,311.2,284.5,339.7,13.9
,New Jersey,34,2019,2019,Leukemias,35011-35043,1-4 years,01-Apr,White,2106-3,26,295715,8.8,5.7,12.9,1.7
,New Jersey,34,2019,2019,Leukemias,35011-35043,15-19 years,15-19,White,2106-3,17,420350,4,2.4,6.5,1
,New Jersey,34,2019,2019,Leukemias,35011-35043,30-34 years,30-34,White,2106-3,17,409181,4.2,2.4,6.7,1
,New Jersey,34,2019,2019,Leukemias,35011-35043,35-39 years,35-39,White,2106-3,28,419659,6.7,4.4,9.6,1.3
,New Jersey,34,2019,2019,Leukemias,35011-35043,40-44 years,40-44,White,2106-3,28,405522,6.9,4.6,10,1.3
,New Jersey,34,2019,2019,Leukemias,35011-35043,45-49 years,45-49,White,2106-3,49,436451,11.2,8.3,14.8,1.6
,New Jersey,34,2019,2019,Leukemias,35011-35043,50-54 years,50-54,White,2106-3,78,481428,16.2,12.8,20.2,1.8
,New Jersey,34,2019,2019,Leukemias,35011-35043,55-59 years,55-59,White,2106-3,115,517552,22.2,18.3,26.7,2.1
,New Jersey,34,2019,2019,Leukemias,35011-35043,60-64 years ,60-64,White,2106-3,135,472945,28.5,23.9,33.8,2.5
,New Jersey,34,2019,2019,Leukemias,35011-35043,65-69 years,65-69,White,2106-3,168,380854,44.1,37.7,51.3,3.4
,New Jersey,34,2019,2019,Leukemias,35011-35043,70-74 years,70-74,Black or African American,2054-5,24,43177,55.6,35.6,82.7,11.3
,New Jersey,34,2019,2019,Leukemias,35011-35043,70-74 years,70-74,White,2106-3,211,306988,68.7,59.8,78.7,4.7
,New Jersey,34,2019,2019,Leukemias,35011-35043,75-79 years,75-79,White,2106-3,198,212202,93.3,80.8,107.2,6.6
,New Jersey,34,2019,2019,Leukemias,35011-35043,80-84 years,80-84,White,2106-3,176,141174,124.7,106.9,144.5,9.4
,New Jersey,34,2019,2019,Leukemias,35011-35043,85+ years,85+,White,2106-3,169,160988,105,89.7,122.1,8.1
,New Jersey,34,2019,2019,Myeloma,34000,45-49 years,45-49,White,2106-3,17,436451,3.9,2.3,6.2,0.9
,New Jersey,34,2019,2019,Myeloma,34000,50-54 years,50-54,White,2106-3,44,481428,9.1,6.6,12.3,1.4
,New Jersey,34,2019,2019,Myeloma,34000,55-59 years,55-59,Black or African American,2054-5,24,96327,24.9,16,37.1,5.1
,New Jersey,34,2019,2019,Myeloma,34000,55-59 years,55-59,White,2106-3,57,517552,11,8.3,14.3,1.5
,New Jersey,34,2019,2019,Myeloma,34000,60-64 years ,60-64,Black or African American,2054-5,36,80016,45,31.5,62.3,7.5
,New Jersey,34,2019,2019,Myeloma,34000,60-64 years ,60-64,White,2106-3,100,472945,21.1,17.2,25.7,2.1
,New Jersey,34,2019,2019,Myeloma,34000,65-69 years,65-69,Black or African American,2054-5,29,58130,49.9,33.4,71.6,9.3
,New Jersey,34,2019,2019,Myeloma,34000,65-69 years,65-69,White,2106-3,95,380854,24.9,20.2,30.5,2.6
,New Jersey,34,2019,2019,Myeloma,34000,70-74 years,70-74,Black or African American,2054-5,29,43177,67.2,45,96.5,12.5
,New Jersey,34,2019,2019,Myeloma,34000,70-74 years,70-74,White,2106-3,95,306988,30.9,25,37.8,3.2
,New Jersey,34,2019,2019,Myeloma,34000,75-79 years,75-79,Black or African American,2054-5,29,29571,98.1,65.7,140.8,18.2
,New Jersey,34,2019,2019,Myeloma,34000,75-79 years,75-79,White,2106-3,111,212202,52.3,43,63,5
,New Jersey,34,2019,2019,Myeloma,34000,80-84 years,80-84,Black or African American,2054-5,17,19500,87.2,50.8,139.6,21.1
,New Jersey,34,2019,2019,Myeloma,34000,80-84 years,80-84,White,2106-3,73,141174,51.7,40.5,65,6.1
,New Jersey,34,2019,2019,Myeloma,34000,85+ years,85+,Black or African American,2054-5,19,17077,111.3,67,173.7,25.5
,New Jersey,34,2019,2019,Myeloma,34000,85+ years,85+,White,2106-3,69,160988,42.9,33.3,54.2,5.2
,New Jersey,34,2019,2019,Stomach,21020,40-44 years,40-44,White,2106-3,18,405522,4.4,2.6,7,1
,New Jersey,34,2019,2019,Stomach,21020,45-49 years,45-49,White,2106-3,24,436451,5.5,3.5,8.2,1.1
,New Jersey,34,2019,2019,Stomach,21020,50-54 years,50-54,White,2106-3,37,481428,7.7,5.4,10.6,1.3
,New Jersey,34,2019,2019,Stomach,21020,55-59 years,55-59,White,2106-3,63,517552,12.2,9.4,15.6,1.5
,New Jersey,34,2019,2019,Stomach,21020,60-64 years ,60-64,White,2106-3,70,472945,14.8,11.5,18.7,1.8
,New Jersey,34,2019,2019,Stomach,21020,65-69 years,65-69,Asian or Pacific Islander,A-PI,21,38755,54.2,33.5,82.8,11.8
,New Jersey,34,2019,2019,Stomach,21020,65-69 years,65-69,White,2106-3,89,380854,23.4,18.8,28.8,2.5
,New Jersey,34,2019,2019,Stomach,21020,70-74 years,70-74,Black or African American,2054-5,27,43177,62.5,41.2,91,12
,New Jersey,34,2019,2019,Stomach,21020,70-74 years,70-74,White,2106-3,78,306988,25.4,20.1,31.7,2.9
,New Jersey,34,2019,2019,Stomach,21020,75-79 years,75-79,White,2106-3,76,212202,35.8,28.2,44.8,4.1
,New Jersey,34,2019,2019,Stomach,21020,80-84 years,80-84,White,2106-3,69,141174,48.9,38,61.9,5.9
,New Jersey,34,2019,2019,Stomach,21020,85+ years,85+,Black or African American,2054-5,18,17077,105.4,62.5,166.6,24.8
,New Jersey,34,2019,2019,Stomach,21020,85+ years,85+,White,2106-3,68,160988,42.2,32.8,53.5,5.1
,New Jersey,34,2019,2019,Thyroid,32010,15-19 years,15-19,White,2106-3,31,420350,7.4,5,10.5,1.3
,New Jersey,34,2019,2019,Thyroid,32010,20-24 years,20-24,White,2106-3,44,396331,11.1,8.1,14.9,1.7
,New Jersey,34,2019,2019,Thyroid,32010,25-29 years,25-29,Asian or Pacific Islander,A-PI,18,65971,27.3,16.2,43.1,6.4
,New Jersey,34,2019,2019,Thyroid,32010,25-29 years,25-29,White,2106-3,66,404346,16.3,12.6,20.8,2
,New Jersey,34,2019,2019,Thyroid,32010,30-34 years,30-34,White,2106-3,91,409181,22.2,17.9,27.3,2.3
,New Jersey,34,2019,2019,Thyroid,32010,35-39 years,35-39,Asian or Pacific Islander,A-PI,25,87012,28.7,18.6,42.4,5.7
,New Jersey,34,2019,2019,Thyroid,32010,35-39 years,35-39,White,2106-3,99,419659,23.6,19.2,28.7,2.4
,New Jersey,34,2019,2019,Thyroid,32010,40-44 years,40-44,Asian or Pacific Islander,A-PI,24,81574,29.4,18.9,43.8,6
,New Jersey,34,2019,2019,Thyroid,32010,40-44 years,40-44,White,2106-3,122,405522,30.1,25,35.9,2.7
,New Jersey,34,2019,2019,Thyroid,32010,45-49 years,45-49,Asian or Pacific Islander,A-PI,16,76289,21,12,34.1,5.2
,New Jersey,34,2019,2019,Thyroid,32010,45-49 years,45-49,White,2106-3,137,436451,31.4,26.4,37.1,2.7
,New Jersey,34,2019,2019,Thyroid,32010,50-54 years,50-54,White,2106-3,156,481428,32.4,27.5,37.9,2.6
,New Jersey,34,2019,2019,Thyroid,32010,55-59 years,55-59,Asian or Pacific Islander,A-PI,21,57900,36.3,22.5,55.4,7.9
,New Jersey,34,2019,2019,Thyroid,32010,55-59 years,55-59,White,2106-3,167,517552,32.3,27.6,37.5,2.5
,New Jersey,34,2019,2019,Thyroid,32010,60-64 years ,60-64,White,2106-3,134,472945,28.3,23.7,33.6,2.4
,New Jersey,34,2019,2019,Thyroid,32010,65-69 years,65-69,Black or African American,2054-5,21,58130,36.1,22.4,55.2,7.9
,New Jersey,34,2019,2019,Thyroid,32010,65-69 years,65-69,White,2106-3,116,380854,30.5,25.2,36.5,2.8
,New Jersey,34,2019,2019,Thyroid,32010,70-74 years,70-74,White,2106-3,109,306988,35.5,29.2,42.8,3.4
,New Jersey,34,2019,2019,Thyroid,32010,75-79 years,75-79,White,2106-3,52,212202,24.5,18.3,32.1,3.4
,New Jersey,34,2019,2019,Thyroid,32010,80-84 years,80-84,White,2106-3,27,141174,19.1,12.6,27.8,3.7
,New Mexico,35,2019,2019,Brain and Other Nervous System,31010-31040,60-64 years ,60-64,White,2106-3,17,120385,14.1,8.2,22.6,3.4
,New Mexico,35,2019,2019,Brain and Other Nervous System,31010-31040,65-69 years,65-69,White,2106-3,19,111967,17,10.2,26.5,3.9
,New Mexico,35,2019,2019,Colon and Rectum,21041-21052,35-39 years,35-39,White,2106-3,19,112016,17,10.2,26.5,3.9
,New Mexico,35,2019,2019,Colon and Rectum,21041-21052,40-44 years,40-44,White,2106-3,21,98784,21.3,13.2,32.5,4.6
,New Mexico,35,2019,2019,Colon and Rectum,21041-21052,45-49 years,45-49,White,2106-3,38,98715,38.5,27.2,52.8,6.2
,New Mexico,35,2019,2019,Colon and Rectum,21041-21052,50-54 years,50-54,White,2106-3,64,100797,63.5,48.9,81.1,7.9
,New Mexico,35,2019,2019,Colon and Rectum,21041-21052,55-59 years,55-59,White,2106-3,63,120254,52.4,40.3,67,6.6
,New Mexico,35,2019,2019,Colon and Rectum,21041-21052,60-64 years ,60-64,White,2106-3,103,120385,85.6,69.8,103.8,8.4
,New Mexico,35,2019,2019,Colon and Rectum,21041-21052,65-69 years,65-69,White,2106-3,88,111967,78.6,63,96.8,8.4
,New Mexico,35,2019,2019,Colon and Rectum,21041-21052,70-74 years,70-74,White,2106-3,102,92455,110.3,90,133.9,10.9
,New Mexico,35,2019,2019,Colon and Rectum,21041-21052,75-79 years,75-79,White,2106-3,89,60634,146.8,117.9,180.6,15.6
,New Mexico,35,2019,2019,Colon and Rectum,21041-21052,80-84 years,80-84,White,2106-3,77,38693,199,157,248.7,22.7
,New Mexico,35,2019,2019,Colon and Rectum,21041-21052,85+ years,85+,White,2106-3,63,34777,181.2,139.2,231.8,22.8
,New Mexico,35,2019,2019,Leukemias,35011-35043,55-59 years,55-59,White,2106-3,24,120254,20,12.8,29.7,4.1
,New Mexico,35,2019,2019,Leukemias,35011-35043,60-64 years ,60-64,White,2106-3,26,120385,21.6,14.1,31.6,4.2
,New Mexico,35,2019,2019,Leukemias,35011-35043,65-69 years,65-69,White,2106-3,35,111967,31.3,21.8,43.5,5.3
,New Mexico,35,2019,2019,Leukemias,35011-35043,70-74 years,70-74,White,2106-3,48,92455,51.9,38.3,68.8,7.5
,New Mexico,35,2019,2019,Leukemias,35011-35043,75-79 years,75-79,White,2106-3,49,60634,80.8,59.8,106.8,11.5
,New Mexico,35,2019,2019,Leukemias,35011-35043,80-84 years,80-84,White,2106-3,23,38693,59.4,37.7,89.2,12.4
,New Mexico,35,2019,2019,Leukemias,35011-35043,85+ years,85+,White,2106-3,21,34777,60.4,37.4,92.3,13.2
,New Mexico,35,2019,2019,Myeloma,34000,60-64 years ,60-64,White,2106-3,16,120385,13.3,7.6,21.6,3.3
,New Mexico,35,2019,2019,Myeloma,34000,65-69 years,65-69,White,2106-3,28,111967,25,16.6,36.1,4.7
,New Mexico,35,2019,2019,Myeloma,34000,70-74 years,70-74,White,2106-3,27,92455,29.2,19.2,42.5,5.6
,New Mexico,35,2019,2019,Myeloma,34000,75-79 years,75-79,White,2106-3,32,60634,52.8,36.1,74.5,9.3
,New Mexico,35,2019,2019,Stomach,21020,55-59 years,55-59,White,2106-3,21,120254,17.5,10.8,26.7,3.8
,New Mexico,35,2019,2019,Stomach,21020,60-64 years ,60-64,White,2106-3,21,120385,17.4,10.8,26.7,3.8
,New Mexico,35,2019,2019,Stomach,21020,65-69 years,65-69,White,2106-3,26,111967,23.2,15.2,34,4.6
,New Mexico,35,2019,2019,Stomach,21020,70-74 years,70-74,White,2106-3,22,92455,23.8,14.9,36,5.1
,New Mexico,35,2019,2019,Stomach,21020,85+ years,85+,White,2106-3,18,34777,51.8,30.7,81.8,12.2
,New Mexico,35,2019,2019,Thyroid,32010,25-29 years,25-29,White,2106-3,26,112497,23.1,15.1,33.9,4.5
,New Mexico,35,2019,2019,Thyroid,32010,30-34 years,30-34,White,2106-3,26,110234,23.6,15.4,34.6,4.6
,New Mexico,35,2019,2019,Thyroid,32010,35-39 years,35-39,White,2106-3,23,112016,20.5,13,30.8,4.3
,New Mexico,35,2019,2019,Thyroid,32010,40-44 years,40-44,White,2106-3,23,98784,23.3,14.8,34.9,4.9
,New Mexico,35,2019,2019,Thyroid,32010,45-49 years,45-49,White,2106-3,34,98715,34.4,23.9,48.1,5.9
,New Mexico,35,2019,2019,Thyroid,32010,50-54 years,50-54,White,2106-3,41,100797,40.7,29.2,55.2,6.4
,New Mexico,35,2019,2019,Thyroid,32010,55-59 years,55-59,White,2106-3,36,120254,29.9,21,41.4,5
,New Mexico,35,2019,2019,Thyroid,32010,60-64 years ,60-64,White,2106-3,32,120385,26.6,18.2,37.5,4.7
,New Mexico,35,2019,2019,Thyroid,32010,65-69 years,65-69,White,2106-3,29,111967,25.9,17.3,37.2,4.8
,New Mexico,35,2019,2019,Thyroid,32010,70-74 years,70-74,White,2106-3,31,92455,33.5,22.8,47.6,6
,New York,36,2019,2019,Brain and Other Nervous System,31010-31040,1-4 years,01-Apr,White,2106-3,20,627723,3.2,1.9,4.9,0.7
,New York,36,2019,2019,Brain and Other Nervous System,31010-31040,5-9 years,05-Sep,White,2106-3,38,777100,4.9,3.5,6.7,0.8
,New York,36,2019,2019,Brain and Other Nervous System,31010-31040,10-14 years,Oct-14,White,2106-3,28,812301,3.4,2.3,5,0.7
,New York,36,2019,2019,Brain and Other Nervous System,31010-31040,15-19 years,15-19,White,2106-3,17,857053,2,1.2,3.2,0.5
,New York,36,2019,2019,Brain and Other Nervous System,31010-31040,20-24 years,20-24,White,2106-3,25,883252,2.8,1.8,4.2,0.6
,New York,36,2019,2019,Brain and Other Nervous System,31010-31040,25-29 years,25-29,White,2106-3,27,990340,2.7,1.8,4,0.5
,New York,36,2019,2019,Brain and Other Nervous System,31010-31040,30-34 years,30-34,White,2106-3,43,986296,4.4,3.2,5.9,0.7
,New York,36,2019,2019,Brain and Other Nervous System,31010-31040,35-39 years,35-39,White,2106-3,43,916407,4.7,3.4,6.3,0.7
,New York,36,2019,2019,Brain and Other Nervous System,31010-31040,40-44 years,40-44,White,2106-3,41,830786,4.9,3.5,6.7,0.8
,New York,36,2019,2019,Brain and Other Nervous System,31010-31040,45-49 years,45-49,White,2106-3,52,874681,5.9,4.4,7.8,0.8
,New York,36,2019,2019,Brain and Other Nervous System,31010-31040,50-54 years,50-54,White,2106-3,72,953170,7.6,5.9,9.5,0.9
,New York,36,2019,2019,Brain and Other Nervous System,31010-31040,55-59 years,55-59,Black or African American,2054-5,20,252349,7.9,4.8,12.2,1.8
,New York,36,2019,2019,Brain and Other Nervous System,31010-31040,55-59 years,55-59,White,2106-3,108,1027406,10.5,8.6,12.7,1
,New York,36,2019,2019,Brain and Other Nervous System,31010-31040,60-64 years ,60-64,Black or African American,2054-5,18,216872,8.3,4.9,13.1,2
,New York,36,2019,2019,Brain and Other Nervous System,31010-31040,60-64 years ,60-64,White,2106-3,111,961151,11.5,9.5,13.9,1.1
,New York,36,2019,2019,Brain and Other Nervous System,31010-31040,65-69 years,65-69,Black or African American,2054-5,19,163674,11.6,7,18.1,2.7
,New York,36,2019,2019,Brain and Other Nervous System,31010-31040,65-69 years,65-69,White,2106-3,121,812697,14.9,12.4,17.8,1.4
,New York,36,2019,2019,Brain and Other Nervous System,31010-31040,70-74 years,70-74,White,2106-3,133,657474,20.2,16.9,24,1.8
,New York,36,2019,2019,Brain and Other Nervous System,31010-31040,75-79 years,75-79,White,2106-3,93,449377,20.7,16.7,25.4,2.1
,New York,36,2019,2019,Brain and Other Nervous System,31010-31040,80-84 years,80-84,White,2106-3,78,305937,25.5,20.2,31.8,2.9
,New York,36,2019,2019,Brain and Other Nervous System,31010-31040,85+ years,85+,White,2106-3,54,348829,15.5,11.6,20.2,2.1
,New York,36,2019,2019,Colon and Rectum,21041-21052,20-24 years,20-24,White,2106-3,23,883252,2.6,1.7,3.9,0.5
,New York,36,2019,2019,Colon and Rectum,21041-21052,25-29 years,25-29,White,2106-3,48,990340,4.8,3.6,6.4,0.7
,New York,36,2019,2019,Colon and Rectum,21041-21052,30-34 years,30-34,Black or African American,2054-5,21,284116,7.4,4.6,11.3,1.6
,New York,36,2019,2019,Colon and Rectum,21041-21052,30-34 years,30-34,White,2106-3,63,986296,6.4,4.9,8.2,0.8
,New York,36,2019,2019,Colon and Rectum,21041-21052,35-39 years,35-39,Black or African American,2054-5,27,252252,10.7,7.1,15.6,2.1
,New York,36,2019,2019,Colon and Rectum,21041-21052,35-39 years,35-39,White,2106-3,122,916407,13.3,11.1,15.9,1.2
,New York,36,2019,2019,Colon and Rectum,21041-21052,40-44 years,40-44,Asian or Pacific Islander,A-PI,25,139662,17.9,11.6,26.4,3.6
,New York,36,2019,2019,Colon and Rectum,21041-21052,40-44 years,40-44,Black or African American,2054-5,41,232423,17.6,12.7,23.9,2.8
,New York,36,2019,2019,Colon and Rectum,21041-21052,40-44 years,40-44,White,2106-3,180,830786,21.7,18.6,25.1,1.6
,New York,36,2019,2019,Colon and Rectum,21041-21052,45-49 years,45-49,Asian or Pacific Islander,A-PI,32,135866,23.6,16.1,33.2,4.2
,New York,36,2019,2019,Colon and Rectum,21041-21052,45-49 years,45-49,Black or African American,2054-5,89,233605,38.1,30.6,46.9,4
,New York,36,2019,2019,Colon and Rectum,21041-21052,45-49 years,45-49,White,2106-3,308,874681,35.2,31.4,39.4,2
,New York,36,2019,2019,Colon and Rectum,21041-21052,50-54 years,50-54,Asian or Pacific Islander,A-PI,66,125666,52.5,40.6,66.8,6.5
,New York,36,2019,2019,Colon and Rectum,21041-21052,50-54 years,50-54,Black or African American,2054-5,137,247696,55.3,46.4,65.4,4.7
,New York,36,2019,2019,Colon and Rectum,21041-21052,50-54 years,50-54,White,2106-3,575,953170,60.3,55.5,65.5,2.5
,New York,36,2019,2019,Colon and Rectum,21041-21052,50-54 years,50-54,Other Races and Unknown combined,2131-1,17,Not Applicable,Not Applicable,Not Applicable,Not Applicable,Not Applicable
,New York,36,2019,2019,Colon and Rectum,21041-21052,55-59 years,55-59,Asian or Pacific Islander,A-PI,79,125196,63.1,50,78.6,7.1
,New York,36,2019,2019,Colon and Rectum,21041-21052,55-59 years,55-59,Black or African American,2054-5,212,252349,84,73.1,96.1,5.8
,New York,36,2019,2019,Colon and Rectum,21041-21052,55-59 years,55-59,White,2106-3,672,1027406,65.4,60.6,70.5,2.5
,New York,36,2019,2019,Colon and Rectum,21041-21052,55-59 years,55-59,Other Races and Unknown combined,2131-1,23,Not Applicable,Not Applicable,Not Applicable,Not Applicable,Not Applicable
,New York,36,2019,2019,Colon and Rectum,21041-21052,60-64 years ,60-64,Asian or Pacific Islander,A-PI,81,113292,71.5,56.8,88.9,7.9
,New York,36,2019,2019,Colon and Rectum,21041-21052,60-64 years ,60-64,Black or African American,2054-5,192,216872,88.5,76.5,102,6.4
,New York,36,2019,2019,Colon and Rectum,21041-21052,60-64 years ,60-64,White,2106-3,717,961151,74.6,69.2,80.3,2.8
,New York,36,2019,2019,Colon and Rectum,21041-21052,60-64 years ,60-64,Other Races and Unknown combined,2131-1,21,Not Applicable,Not Applicable,Not Applicable,Not Applicable,Not Applicable
,New York,36,2019,2019,Colon and Rectum,21041-21052,65-69 years,65-69,Asian or Pacific Islander,A-PI,91,89736,101.4,81.6,124.5,10.6
,New York,36,2019,2019,Colon and Rectum,21041-21052,65-69 years,65-69,Black or African American,2054-5,177,163674,108.1,92.8,125.3,8.1
,New York,36,2019,2019,Colon and Rectum,21041-21052,65-69 years,65-69,White,2106-3,831,812697,102.3,95.4,109.4,3.5
,New York,36,2019,2019,Colon and Rectum,21041-21052,65-69 years,65-69,Other Races and Unknown combined,2131-1,20,Not Applicable,Not Applicable,Not Applicable,Not Applicable,Not Applicable
,New York,36,2019,2019,Colon and Rectum,21041-21052,70-74 years,70-74,Asian or Pacific Islander,A-PI,72,64502,111.6,87.3,140.6,13.2
,New York,36,2019,2019,Colon and Rectum,21041-21052,70-74 years,70-74,Black or African American,2054-5,177,121167,146.1,125.4,169.3,11
,New York,36,2019,2019,Colon and Rectum,21041-21052,70-74 years,70-74,White,2106-3,853,657474,129.7,121.2,138.7,4.4
,New York,36,2019,2019,Colon and Rectum,21041-21052,75-79 years,75-79,Asian or Pacific Islander,A-PI,45,40282,111.7,81.5,149.5,16.7
,New York,36,2019,2019,Colon and Rectum,21041-21052,75-79 years,75-79,Black or African American,2054-5,139,85510,162.6,136.7,191.9,13.8
,New York,36,2019,2019,Colon and Rectum,21041-21052,75-79 years,75-79,White,2106-3,779,449377,173.4,161.4,186,6.2
,New York,36,2019,2019,Colon and Rectum,21041-21052,80-84 years,80-84,Asian or Pacific Islander,A-PI,48,27825,172.5,127.2,228.7,24.9
,New York,36,2019,2019,Colon and Rectum,21041-21052,80-84 years,80-84,Black or African American,2054-5,130,56248,231.1,193.1,274.4,20.3
,New York,36,2019,2019,Colon and Rectum,21041-21052,80-84 years,80-84,White,2106-3,728,305937,238,221,255.9,8.8
,New York,36,2019,2019,Colon and Rectum,21041-21052,85+ years,85+,Asian or Pacific Islander,A-PI,52,25858,201.1,150.2,263.7,27.9
,New York,36,2019,2019,Colon and Rectum,21041-21052,85+ years,85+,Black or African American,2054-5,131,53896,243.1,203.2,288.4,21.2
,New York,36,2019,2019,Colon and Rectum,21041-21052,85+ years,85+,White,2106-3,875,348829,250.8,234.5,268,8.5
,New York,36,2019,2019,Leukemias,35011-35043,1-4 years,01-Apr,White,2106-3,48,627723,7.6,5.6,10.1,1.1
,New York,36,2019,2019,Leukemias,35011-35043,5-9 years,05-Sep,White,2106-3,26,777100,3.3,2.2,4.9,0.7
,New York,36,2019,2019,Leukemias,35011-35043,10-14 years,Oct-14,White,2106-3,35,812301,4.3,3,6,0.7
,New York,36,2019,2019,Leukemias,35011-35043,15-19 years,15-19,White,2106-3,38,857053,4.4,3.1,6.1,0.7
,New York,36,2019,2019,Leukemias,35011-35043,20-24 years,20-24,White,2106-3,35,883252,4,2.8,5.5,0.7
,New York,36,2019,2019,Leukemias,35011-35043,25-29 years,25-29,White,2106-3,30,990340,3,2,4.3,0.6
,New York,36,2019,2019,Leukemias,35011-35043,30-34 years,30-34,White,2106-3,32,986296,3.2,2.2,4.6,0.6
,New York,36,2019,2019,Leukemias,35011-35043,35-39 years,35-39,Black or African American,2054-5,19,252252,7.5,4.5,11.8,1.7
,New York,36,2019,2019,Leukemias,35011-35043,35-39 years,35-39,White,2106-3,34,916407,3.7,2.6,5.2,0.6
,New York,36,2019,2019,Leukemias,35011-35043,40-44 years,40-44,White,2106-3,57,830786,6.9,5.2,8.9,0.9
,New York,36,2019,2019,Leukemias,35011-35043,45-49 years,45-49,Black or African American,2054-5,23,233605,9.8,6.2,14.8,2.1
,New York,36,2019,2019,Leukemias,35011-35043,45-49 years,45-49,White,2106-3,81,874681,9.3,7.4,11.5,1
,New York,36,2019,2019,Leukemias,35011-35043,50-54 years,50-54,Black or African American,2054-5,26,247696,10.5,6.9,15.4,2.1
,New York,36,2019,2019,Leukemias,35011-35043,50-54 years,50-54,White,2106-3,132,953170,13.8,11.6,16.4,1.2
,New York,36,2019,2019,Leukemias,35011-35043,55-59 years,55-59,Asian or Pacific Islander,A-PI,18,125196,14.4,8.5,22.7,3.4
,New York,36,2019,2019,Leukemias,35011-35043,55-59 years,55-59,Black or African American,2054-5,50,252349,19.8,14.7,26.1,2.8
,New York,36,2019,2019,Leukemias,35011-35043,55-59 years,55-59,White,2106-3,244,1027406,23.7,20.9,26.9,1.5
,New York,36,2019,2019,Leukemias,35011-35043,60-64 years ,60-64,Asian or Pacific Islander,A-PI,19,113292,16.8,10.1,26.2,3.8
,New York,36,2019,2019,Leukemias,35011-35043,60-64 years ,60-64,Black or African American,2054-5,50,216872,23.1,17.1,30.4,3.3
,New York,36,2019,2019,Leukemias,35011-35043,60-64 years ,60-64,White,2106-3,337,961151,35.1,31.4,39,1.9
,New York,36,2019,2019,Leukemias,35011-35043,65-69 years,65-69,Black or African American,2054-5,47,163674,28.7,21.1,38.2,4.2
,New York,36,2019,2019,Leukemias,35011-35043,65-69 years,65-69,White,2106-3,383,812697,47.1,42.5,52.1,2.4
,New York,36,2019,2019,Leukemias,35011-35043,70-74 years,70-74,Asian or Pacific Islander,A-PI,20,64502,31,18.9,47.9,6.9
,New York,36,2019,2019,Leukemias,35011-35043,70-74 years,70-74,Black or African American,2054-5,30,121167,24.8,16.7,35.3,4.5
,New York,36,2019,2019,Leukemias,35011-35043,70-74 years,70-74,White,2106-3,459,657474,69.8,63.6,76.5,3.3
,New York,36,2019,2019,Leukemias,35011-35043,75-79 years,75-79,Asian or Pacific Islander,A-PI,20,40282,49.6,30.3,76.7,11.1
,New York,36,2019,2019,Leukemias,35011-35043,75-79 years,75-79,Black or African American,2054-5,35,85510,40.9,28.5,56.9,6.9
,New York,36,2019,2019,Leukemias,35011-35043,75-79 years,75-79,White,2106-3,401,449377,89.2,80.7,98.4,4.5
,New York,36,2019,2019,Leukemias,35011-35043,80-84 years,80-84,Black or African American,2054-5,21,56248,37.3,23.1,57.1,8.1
,New York,36,2019,2019,Leukemias,35011-35043,80-84 years,80-84,White,2106-3,327,305937,106.9,95.6,119.1,5.9
,New York,36,2019,2019,Leukemias,35011-35043,85+ years,85+,Black or African American,2054-5,29,53896,53.8,36,77.3,10
,New York,36,2019,2019,Leukemias,35011-35043,85+ years,85+,White,2106-3,386,348829,110.7,99.9,122.3,5.6
,New York,36,2019,2019,Myeloma,34000,40-44 years,40-44,Black or African American,2054-5,18,232423,7.7,4.6,12.2,1.8
,New York,36,2019,2019,Myeloma,34000,40-44 years,40-44,White,2106-3,26,830786,3.1,2,4.6,0.6
,New York,36,2019,2019,Myeloma,34000,45-49 years,45-49,Black or African American,2054-5,27,233605,11.6,7.6,16.8,2.2
,New York,36,2019,2019,Myeloma,34000,45-49 years,45-49,White,2106-3,43,874681,4.9,3.6,6.6,0.7
,New York,36,2019,2019,Myeloma,34000,50-54 years,50-54,Black or African American,2054-5,35,247696,14.1,9.8,19.7,2.4
,New York,36,2019,2019,Myeloma,34000,50-54 years,50-54,White,2106-3,80,953170,8.4,6.7,10.4,0.9
,New York,36,2019,2019,Myeloma,34000,55-59 years,55-59,Asian or Pacific Islander,A-PI,16,125196,12.8,7.3,20.8,3.2
,New York,36,2019,2019,Myeloma,34000,55-59 years,55-59,Black or African American,2054-5,64,252349,25.4,19.5,32.4,3.2
,New York,36,2019,2019,Myeloma,34000,55-59 years,55-59,White,2106-3,111,1027406,10.8,8.9,13,1
,New York,36,2019,2019,Myeloma,34000,60-64 years ,60-64,Black or African American,2054-5,86,216872,39.7,31.7,49,4.3
,New York,36,2019,2019,Myeloma,34000,60-64 years ,60-64,White,2106-3,177,961151,18.4,15.8,21.3,1.4
,New York,36,2019,2019,Myeloma,34000,65-69 years,65-69,Black or African American,2054-5,79,163674,48.3,38.2,60.2,5.4
,New York,36,2019,2019,Myeloma,34000,65-69 years,65-69,White,2106-3,249,812697,30.6,27,34.7,1.9
,New York,36,2019,2019,Myeloma,34000,70-74 years,70-74,Black or African American,2054-5,84,121167,69.3,55.3,85.8,7.6
,New York,36,2019,2019,Myeloma,34000,70-74 years,70-74,White,2106-3,260,657474,39.5,34.9,44.7,2.5
,New York,36,2019,2019,Myeloma,34000,75-79 years,75-79,Black or African American,2054-5,67,85510,78.4,60.7,99.5,9.6
,New York,36,2019,2019,Myeloma,34000,75-79 years,75-79,White,2106-3,199,449377,44.3,38.3,50.9,3.1
,New York,36,2019,2019,Myeloma,34000,80-84 years,80-84,Black or African American,2054-5,49,56248,87.1,64.4,115.2,12.4
,New York,36,2019,2019,Myeloma,34000,80-84 years,80-84,White,2106-3,161,305937,52.6,44.8,61.4,4.1
,New York,36,2019,2019,Myeloma,34000,85+ years,85+,Black or African American,2054-5,37,53896,68.7,48.3,94.6,11.3
,New York,36,2019,2019,Myeloma,34000,85+ years,85+,White,2106-3,128,348829,36.7,30.6,43.6,3.2
,New York,36,2019,2019,Stomach,21020,30-34 years,30-34,White,2106-3,17,986296,1.7,1,2.8,0.4
,New York,36,2019,2019,Stomach,21020,35-39 years,35-39,White,2106-3,21,916407,2.3,1.4,3.5,0.5
,New York,36,2019,2019,Stomach,21020,40-44 years,40-44,Black or African American,2054-5,16,232423,6.9,3.9,11.2,1.7
,New York,36,2019,2019,Stomach,21020,40-44 years,40-44,White,2106-3,17,830786,2,1.2,3.3,0.5
,New York,36,2019,2019,Stomach,21020,45-49 years,45-49,Black or African American,2054-5,19,233605,8.1,4.9,12.7,1.9
,New York,36,2019,2019,Stomach,21020,45-49 years,45-49,White,2106-3,52,874681,5.9,4.4,7.8,0.8
,New York,36,2019,2019,Stomach,21020,50-54 years,50-54,Asian or Pacific Islander,A-PI,26,125666,20.7,13.5,30.3,4.1
,New York,36,2019,2019,Stomach,21020,50-54 years,50-54,Black or African American,2054-5,32,247696,12.9,8.8,18.2,2.3
,New York,36,2019,2019,Stomach,21020,50-54 years,50-54,White,2106-3,85,953170,8.9,7.1,11,1
,New York,36,2019,2019,Stomach,21020,55-59 years,55-59,Asian or Pacific Islander,A-PI,34,125196,27.2,18.8,37.9,4.7
,New York,36,2019,2019,Stomach,21020,55-59 years,55-59,Black or African American,2054-5,48,252349,19,14,25.2,2.7
,New York,36,2019,2019,Stomach,21020,55-59 years,55-59,White,2106-3,130,1027406,12.7,10.6,15,1.1
,New York,36,2019,2019,Stomach,21020,60-64 years ,60-64,Asian or Pacific Islander,A-PI,40,113292,35.3,25.2,48.1,5.6
,New York,36,2019,2019,Stomach,21020,60-64 years ,60-64,Black or African American,2054-5,55,216872,25.4,19.1,33,3.4
,New York,36,2019,2019,Stomach,21020,60-64 years ,60-64,White,2106-3,155,961151,16.1,13.7,18.9,1.3
,New York,36,2019,2019,Stomach,21020,65-69 years,65-69,Asian or Pacific Islander,A-PI,31,89736,34.5,23.5,49,6.2
,New York,36,2019,2019,Stomach,21020,65-69 years,65-69,Black or African American,2054-5,51,163674,31.2,23.2,41,4.4
,New York,36,2019,2019,Stomach,21020,65-69 years,65-69,White,2106-3,197,812697,24.2,21,27.9,1.7
,New York,36,2019,2019,Stomach,21020,70-74 years,70-74,Asian or Pacific Islander,A-PI,53,64502,82.2,61.5,107.5,11.3
,New York,36,2019,2019,Stomach,21020,70-74 years,70-74,Black or African American,2054-5,34,121167,28.1,19.4,39.2,4.8
,New York,36,2019,2019,Stomach,21020,70-74 years,70-74,White,2106-3,214,657474,32.5,28.3,37.2,2.2
,New York,36,2019,2019,Stomach,21020,75-79 years,75-79,Asian or Pacific Islander,A-PI,33,40282,81.9,56.4,115,14.3
,New York,36,2019,2019,Stomach,21020,75-79 years,75-79,Black or African American,2054-5,51,85510,59.6,44.4,78.4,8.4
,New York,36,2019,2019,Stomach,21020,75-79 years,75-79,White,2106-3,178,449377,39.6,34,45.9,3
,New York,36,2019,2019,Stomach,21020,80-84 years,80-84,Asian or Pacific Islander,A-PI,31,27825,111.4,75.7,158.1,20
,New York,36,2019,2019,Stomach,21020,80-84 years,80-84,Black or African American,2054-5,37,56248,65.8,46.3,90.7,10.8
,New York,36,2019,2019,Stomach,21020,80-84 years,80-84,White,2106-3,122,305937,39.9,33.1,47.6,3.6
,New York,36,2019,2019,Stomach,21020,85+ years,85+,Asian or Pacific Islander,A-PI,23,25858,88.9,56.4,133.5,18.5
,New York,36,2019,2019,Stomach,21020,85+ years,85+,Black or African American,2054-5,53,53896,98.3,73.7,128.6,13.5
,New York,36,2019,2019,Stomach,21020,85+ years,85+,White,2106-3,136,348829,39,32.7,46.1,3.3
,New York,36,2019,2019,Thyroid,32010,15-19 years,15-19,White,2106-3,36,857053,4.2,2.9,5.8,0.7
,New York,36,2019,2019,Thyroid,32010,20-24 years,20-24,Asian or Pacific Islander,A-PI,21,130349,16.1,10,24.6,3.5
,New York,36,2019,2019,Thyroid,32010,20-24 years,20-24,White,2106-3,123,883252,13.9,11.6,16.6,1.3
,New York,36,2019,2019,Thyroid,32010,25-29 years,25-29,Asian or Pacific Islander,A-PI,41,164269,25,17.9,33.9,3.9
,New York,36,2019,2019,Thyroid,32010,25-29 years,25-29,Black or African American,2054-5,18,319012,5.6,3.3,8.9,1.3
,New York,36,2019,2019,Thyroid,32010,25-29 years,25-29,White,2106-3,169,990340,17.1,14.6,19.8,1.3
,New York,36,2019,2019,Thyroid,32010,25-29 years,25-29,Other Races and Unknown combined,2131-1,17,Not Applicable,Not Applicable,Not Applicable,Not Applicable,Not Applicable
,New York,36,2019,2019,Thyroid,32010,30-34 years,30-34,Asian or Pacific Islander,A-PI,57,169452,33.6,25.5,43.6,4.5
,New York,36,2019,2019,Thyroid,32010,30-34 years,30-34,Black or African American,2054-5,23,284116,8.1,5.1,12.1,1.7
,New York,36,2019,2019,Thyroid,32010,30-34 years,30-34,White,2106-3,209,986296,21.2,18.4,24.3,1.5
,New York,36,2019,2019,Thyroid,32010,35-39 years,35-39,Asian or Pacific Islander,A-PI,57,154667,36.9,27.9,47.7,4.9
,New York,36,2019,2019,Thyroid,32010,35-39 years,35-39,Black or African American,2054-5,37,252252,14.7,10.3,20.2,2.4
,New York,36,2019,2019,Thyroid,32010,35-39 years,35-39,White,2106-3,255,916407,27.8,24.5,31.5,1.7
,New York,36,2019,2019,Thyroid,32010,35-39 years,35-39,Other Races and Unknown combined,2131-1,21,Not Applicable,Not Applicable,Not Applicable,Not Applicable,Not Applicable
,New York,36,2019,2019,Thyroid,32010,40-44 years,40-44,Asian or Pacific Islander,A-PI,65,139662,46.5,35.9,59.3,5.8
,New York,36,2019,2019,Thyroid,32010,40-44 years,40-44,Black or African American,2054-5,33,232423,14.2,9.8,19.9,2.5
,New York,36,2019,2019,Thyroid,32010,40-44 years,40-44,White,2106-3,264,830786,31.8,28.1,35.9,2
,New York,36,2019,2019,Thyroid,32010,40-44 years,40-44,Other Races and Unknown combined,2131-1,19,Not Applicable,Not Applicable,Not Applicable,Not Applicable,Not Applicable
,New York,36,2019,2019,Thyroid,32010,45-49 years,45-49,Asian or Pacific Islander,A-PI,55,135866,40.5,30.5,52.7,5.5
,New York,36,2019,2019,Thyroid,32010,45-49 years,45-49,Black or African American,2054-5,41,233605,17.6,12.6,23.8,2.7
,New York,36,2019,2019,Thyroid,32010,45-49 years,45-49,White,2106-3,285,874681,32.6,28.9,36.6,1.9
,New York,36,2019,2019,Thyroid,32010,45-49 years,45-49,Other Races and Unknown combined,2131-1,20,Not Applicable,Not Applicable,Not Applicable,Not Applicable,Not Applicable
,New York,36,2019,2019,Thyroid,32010,50-54 years,50-54,Asian or Pacific Islander,A-PI,62,125666,49.3,37.8,63.2,6.3
,New York,36,2019,2019,Thyroid,32010,50-54 years,50-54,Black or African American,2054-5,58,247696,23.4,17.8,30.3,3.1
,New York,36,2019,2019,Thyroid,32010,50-54 years,50-54,White,2106-3,338,953170,35.5,31.8,39.4,1.9
,New York,36,2019,2019,Thyroid,32010,50-54 years,50-54,Other Races and Unknown combined,2131-1,17,Not Applicable,Not Applicable,Not Applicable,Not Applicable,Not Applicable
,New York,36,2019,2019,Thyroid,32010,55-59 years,55-59,Asian or Pacific Islander,A-PI,64,125196,51.1,39.4,65.3,6.4
,New York,36,2019,2019,Thyroid,32010,55-59 years,55-59,Black or African American,2054-5,54,252349,21.4,16.1,27.9,2.9
,New York,36,2019,2019,Thyroid,32010,55-59 years,55-59,White,2106-3,343,1027406,33.4,29.9,37.1,1.8
,New York,36,2019,2019,Thyroid,32010,55-59 years,55-59,Other Races and Unknown combined,2131-1,16,Not Applicable,Not Applicable,Not Applicable,Not Applicable,Not Applicable
,New York,36,2019,2019,Thyroid,32010,60-64 years ,60-64,Asian or Pacific Islander,A-PI,45,113292,39.7,29,53.1,5.9
,New York,36,2019,2019,Thyroid,32010,60-64 years ,60-64,Black or African American,2054-5,37,216872,17.1,12,23.5,2.8
,New York,36,2019,2019,Thyroid,32010,60-64 years ,60-64,White,2106-3,313,961151,32.6,29.1,36.4,1.8
,New York,36,2019,2019,Thyroid,32010,65-69 years,65-69,Asian or Pacific Islander,A-PI,37,89736,41.2,29,56.8,6.8
,New York,36,2019,2019,Thyroid,32010,65-69 years,65-69,Black or African American,2054-5,30,163674,18.3,12.4,26.2,3.3
,New York,36,2019,2019,Thyroid,32010,65-69 years,65-69,White,2106-3,259,812697,31.9,28.1,36,2
,New York,36,2019,2019,Thyroid,32010,70-74 years,70-74,Asian or Pacific Islander,A-PI,22,64502,34.1,21.4,51.6,7.3
,New York,36,2019,2019,Thyroid,32010,70-74 years,70-74,Black or African American,2054-5,28,121167,23.1,15.4,33.4,4.4
,New York,36,2019,2019,Thyroid,32010,70-74 years,70-74,White,2106-3,191,657474,29.1,25.1,33.5,2.1
,New York,36,2019,2019,Thyroid,32010,75-79 years,75-79,White,2106-3,92,449377,20.5,16.5,25.1,2.1
,New York,36,2019,2019,Thyroid,32010,80-84 years,80-84,White,2106-3,73,305937,23.9,18.7,30,2.8
,New York,36,2019,2019,Thyroid,32010,85+ years,85+,White,2106-3,38,348829,10.9,7.7,15,1.8
,North Carolina,37,2019,2019,Brain and Other Nervous System,31010-31040,5-9 years,05-Sep,White,2106-3,19,413446,4.6,2.8,7.2,1.1
,North Carolina,37,2019,2019,Brain and Other Nervous System,31010-31040,10-14 years,Oct-14,White,2106-3,20,467115,4.3,2.6,6.6,1
,North Carolina,37,2019,2019,Brain and Other Nervous System,31010-31040,20-24 years,20-24,White,2106-3,17,470567,3.6,2.1,5.8,0.9
,North Carolina,37,2019,2019,Brain and Other Nervous System,31010-31040,30-34 years,30-34,White,2106-3,19,467073,4.1,2.4,6.4,0.9
,North Carolina,37,2019,2019,Brain and Other Nervous System,31010-31040,35-39 years,35-39,White,2106-3,21,465193,4.5,2.8,6.9,1
,North Carolina,37,2019,2019,Brain and Other Nervous System,31010-31040,40-44 years,40-44,White,2106-3,25,452464,5.5,3.6,8.2,1.1
,North Carolina,37,2019,2019,Brain and Other Nervous System,31010-31040,45-49 years,45-49,White,2106-3,39,497474,7.8,5.6,10.7,1.3
,North Carolina,37,2019,2019,Brain and Other Nervous System,31010-31040,50-54 years,50-54,White,2106-3,36,494509,7.3,5.1,10.1,1.2
,North Carolina,37,2019,2019,Brain and Other Nervous System,31010-31040,55-59 years,55-59,White,2106-3,62,523040,11.9,9.1,15.2,1.5
,North Carolina,37,2019,2019,Brain and Other Nervous System,31010-31040,60-64 years ,60-64,White,2106-3,65,490493,13.3,10.2,16.9,1.6
,North Carolina,37,2019,2019,Brain and Other Nervous System,31010-31040,65-69 years,65-69,White,2106-3,74,433889,17.1,13.4,21.4,2
,North Carolina,37,2019,2019,Brain and Other Nervous System,31010-31040,70-74 years,70-74,White,2106-3,69,366470,18.8,14.6,23.8,2.3
,North Carolina,37,2019,2019,Brain and Other Nervous System,31010-31040,75-79 years,75-79,White,2106-3,66,244869,27,20.8,34.3,3.3
,North Carolina,37,2019,2019,Brain and Other Nervous System,31010-31040,80-84 years,80-84,White,2106-3,35,151935,23,16,32,3.9
,North Carolina,37,2019,2019,Brain and Other Nervous System,31010-31040,85+ years,85+,White,2106-3,35,140301,24.9,17.4,34.7,4.2
,North Carolina,37,2019,2019,Colon and Rectum,21041-21052,30-34 years,30-34,White,2106-3,38,467073,8.1,5.8,11.2,1.3
,North Carolina,37,2019,2019,Colon and Rectum,21041-21052,35-39 years,35-39,Black or African American,2054-5,18,152017,11.8,7,18.7,2.8
,North Carolina,37,2019,2019,Colon and Rectum,21041-21052,35-39 years,35-39,White,2106-3,50,465193,10.7,8,14.2,1.5
,North Carolina,37,2019,2019,Colon and Rectum,21041-21052,40-44 years,40-44,Black or African American,2054-5,30,146771,20.4,13.8,29.2,3.7
,North Carolina,37,2019,2019,Colon and Rectum,21041-21052,40-44 years,40-44,White,2106-3,99,452464,21.9,17.8,26.6,2.2
,North Carolina,37,2019,2019,Colon and Rectum,21041-21052,45-49 years,45-49,Black or African American,2054-5,54,151375,35.7,26.8,46.5,4.9
,North Carolina,37,2019,2019,Colon and Rectum,21041-21052,45-49 years,45-49,White,2106-3,180,497474,36.2,31.1,41.9,2.7
,North Carolina,37,2019,2019,Colon and Rectum,21041-21052,50-54 years,50-54,Black or African American,2054-5,112,147920,75.7,62.3,91.1,7.2
,North Carolina,37,2019,2019,Colon and Rectum,21041-21052,50-54 years,50-54,White,2106-3,316,494509,63.9,57,71.4,3.6
,North Carolina,37,2019,2019,Colon and Rectum,21041-21052,55-59 years,55-59,Black or African American,2054-5,115,150462,76.4,63.1,91.7,7.1
,North Carolina,37,2019,2019,Colon and Rectum,21041-21052,55-59 years,55-59,White,2106-3,327,523040,62.5,55.9,69.7,3.5
,North Carolina,37,2019,2019,Colon and Rectum,21041-21052,60-64 years ,60-64,Black or African American,2054-5,138,136545,101.1,84.9,119.4,8.6
,North Carolina,37,2019,2019,Colon and Rectum,21041-21052,60-64 years ,60-64,White,2106-3,373,490493,76,68.5,84.2,3.9
,North Carolina,37,2019,2019,Colon and Rectum,21041-21052,65-69 years,65-69,Black or African American,2054-5,135,111148,121.5,101.8,143.8,10.5
,North Carolina,37,2019,2019,Colon and Rectum,21041-21052,65-69 years,65-69,White,2106-3,481,433889,110.9,101.2,121.2,5.1
,North Carolina,37,2019,2019,Colon and Rectum,21041-21052,70-74 years,70-74,Black or African American,2054-5,119,77839,152.9,126.6,182.9,14
,North Carolina,37,2019,2019,Colon and Rectum,21041-21052,70-74 years,70-74,White,2106-3,473,366470,129.1,117.7,141.2,5.9
,North Carolina,37,2019,2019,Colon and Rectum,21041-21052,75-79 years,75-79,Black or African American,2054-5,89,46823,190.1,152.6,233.9,20.1
,North Carolina,37,2019,2019,Colon and Rectum,21041-21052,75-79 years,75-79,White,2106-3,402,244869,164.2,148.5,181,8.2
,North Carolina,37,2019,2019,Colon and Rectum,21041-21052,80-84 years,80-84,Black or African American,2054-5,47,29019,162,119,215.4,23.6
,North Carolina,37,2019,2019,Colon and Rectum,21041-21052,80-84 years,80-84,White,2106-3,336,151935,221.1,198.1,246.1,12.1
,North Carolina,37,2019,2019,Colon and Rectum,21041-21052,85+ years,85+,Black or African American,2054-5,46,25621,179.5,131.4,239.5,26.5
,North Carolina,37,2019,2019,Colon and Rectum,21041-21052,85+ years,85+,White,2106-3,339,140301,241.6,216.6,268.8,13.1
,North Carolina,37,2019,2019,Leukemias,35011-35043,1-4 years,01-Apr,White,2106-3,35,316825,11,7.7,15.4,1.9
,North Carolina,37,2019,2019,Leukemias,35011-35043,5-9 years,05-Sep,White,2106-3,24,413446,5.8,3.7,8.6,1.2
,North Carolina,37,2019,2019,Leukemias,35011-35043,30-34 years,30-34,White,2106-3,23,467073,4.9,3.1,7.4,1
,North Carolina,37,2019,2019,Leukemias,35011-35043,35-39 years,35-39,White,2106-3,24,465193,5.2,3.3,7.7,1.1
,North Carolina,37,2019,2019,Leukemias,35011-35043,40-44 years,40-44,White,2106-3,31,452464,6.9,4.7,9.7,1.2
,North Carolina,37,2019,2019,Leukemias,35011-35043,45-49 years,45-49,White,2106-3,51,497474,10.3,7.6,13.5,1.4
,North Carolina,37,2019,2019,Leukemias,35011-35043,50-54 years,50-54,Black or African American,2054-5,25,147920,16.9,10.9,24.9,3.4
,North Carolina,37,2019,2019,Leukemias,35011-35043,50-54 years,50-54,White,2106-3,73,494509,14.8,11.6,18.6,1.7
,North Carolina,37,2019,2019,Leukemias,35011-35043,55-59 years,55-59,Black or African American,2054-5,25,150462,16.6,10.8,24.5,3.3
,North Carolina,37,2019,2019,Leukemias,35011-35043,55-59 years,55-59,White,2106-3,127,523040,24.3,20.2,28.9,2.2
,North Carolina,37,2019,2019,Leukemias,35011-35043,60-64 years ,60-64,Black or African American,2054-5,32,136545,23.4,16,33.1,4.1
,North Carolina,37,2019,2019,Leukemias,35011-35043,60-64 years ,60-64,White,2106-3,139,490493,28.3,23.8,33.5,2.4
,North Carolina,37,2019,2019,Leukemias,35011-35043,65-69 years,65-69,Black or African American,2054-5,34,111148,30.6,21.2,42.7,5.2
,North Carolina,37,2019,2019,Leukemias,35011-35043,65-69 years,65-69,White,2106-3,210,433889,48.4,42.1,55.4,3.3
,North Carolina,37,2019,2019,Leukemias,35011-35043,70-74 years,70-74,Black or African American,2054-5,32,77839,41.1,28.1,58,7.3
,North Carolina,37,2019,2019,Leukemias,35011-35043,70-74 years,70-74,White,2106-3,242,366470,66,58,74.9,4.2
,North Carolina,37,2019,2019,Leukemias,35011-35043,75-79 years,75-79,Black or African American,2054-5,24,46823,51.3,32.8,76.3,10.5
,North Carolina,37,2019,2019,Leukemias,35011-35043,75-79 years,75-79,White,2106-3,229,244869,93.5,81.8,106.4,6.2
,North Carolina,37,2019,2019,Leukemias,35011-35043,80-84 years,80-84,White,2106-3,174,151935,114.5,98.1,132.9,8.7
,North Carolina,37,2019,2019,Leukemias,35011-35043,85+ years,85+,Black or African American,2054-5,18,25621,70.3,41.6,111,16.6
,North Carolina,37,2019,2019,Leukemias,35011-35043,85+ years,85+,White,2106-3,135,140301,96.2,80.7,113.9,8.3
,North Carolina,37,2019,2019,Myeloma,34000,45-49 years,45-49,White,2106-3,22,497474,4.4,2.8,6.7,0.9
,North Carolina,37,2019,2019,Myeloma,34000,50-54 years,50-54,Black or African American,2054-5,23,147920,15.5,9.9,23.3,3.2
,North Carolina,37,2019,2019,Myeloma,34000,50-54 years,50-54,White,2106-3,36,494509,7.3,5.1,10.1,1.2
,North Carolina,37,2019,2019,Myeloma,34000,55-59 years,55-59,Black or African American,2054-5,30,150462,19.9,13.5,28.5,3.6
,North Carolina,37,2019,2019,Myeloma,34000,55-59 years,55-59,White,2106-3,49,523040,9.4,6.9,12.4,1.3
,North Carolina,37,2019,2019,Myeloma,34000,60-64 years ,60-64,Black or African American,2054-5,61,136545,44.7,34.2,57.4,5.7
,North Carolina,37,2019,2019,Myeloma,34000,60-64 years ,60-64,White,2106-3,79,490493,16.1,12.8,20.1,1.8
,North Carolina,37,2019,2019,Myeloma,34000,65-69 years,65-69,Black or African American,2054-5,50,111148,45,33.4,59.3,6.4
,North Carolina,37,2019,2019,Myeloma,34000,65-69 years,65-69,White,2106-3,103,433889,23.7,19.4,28.8,2.3
,North Carolina,37,2019,2019,Myeloma,34000,70-74 years,70-74,Black or African American,2054-5,61,77839,78.4,59.9,100.7,10
,North Carolina,37,2019,2019,Myeloma,34000,70-74 years,70-74,White,2106-3,124,366470,33.8,28.1,40.3,3
,North Carolina,37,2019,2019,Myeloma,34000,75-79 years,75-79,Black or African American,2054-5,44,46823,94,68.3,126.2,14.2
,North Carolina,37,2019,2019,Myeloma,34000,75-79 years,75-79,White,2106-3,102,244869,41.7,34,50.6,4.1
,North Carolina,37,2019,2019,Myeloma,34000,80-84 years,80-84,Black or African American,2054-5,42,29019,144.7,104.3,195.6,22.3
,North Carolina,37,2019,2019,Myeloma,34000,80-84 years,80-84,White,2106-3,78,151935,51.3,40.6,64.1,5.8
,North Carolina,37,2019,2019,Myeloma,34000,85+ years,85+,Black or African American,2054-5,23,25621,89.8,56.9,134.7,18.7
,North Carolina,37,2019,2019,Myeloma,34000,85+ years,85+,White,2106-3,74,140301,52.7,41.4,66.2,6.1
,North Carolina,37,2019,2019,Stomach,21020,40-44 years,40-44,White,2106-3,16,452464,3.5,2,5.7,0.9
,North Carolina,37,2019,2019,Stomach,21020,45-49 years,45-49,White,2106-3,22,497474,4.4,2.8,6.7,0.9
,North Carolina,37,2019,2019,Stomach,21020,50-54 years,50-54,Black or African American,2054-5,22,147920,14.9,9.3,22.5,3.2
,North Carolina,37,2019,2019,Stomach,21020,50-54 years,50-54,White,2106-3,29,494509,5.9,3.9,8.4,1.1
,North Carolina,37,2019,2019,Stomach,21020,55-59 years,55-59,Black or African American,2054-5,24,150462,16,10.2,23.7,3.3
,North Carolina,37,2019,2019,Stomach,21020,55-59 years,55-59,White,2106-3,34,523040,6.5,4.5,9.1,1.1
,North Carolina,37,2019,2019,Stomach,21020,60-64 years ,60-64,Black or African American,2054-5,29,136545,21.2,14.2,30.5,3.9
,North Carolina,37,2019,2019,Stomach,21020,60-64 years ,60-64,White,2106-3,62,490493,12.6,9.7,16.2,1.6
,North Carolina,37,2019,2019,Stomach,21020,65-69 years,65-69,Black or African American,2054-5,38,111148,34.2,24.2,46.9,5.5
,North Carolina,37,2019,2019,Stomach,21020,65-69 years,65-69,White,2106-3,80,433889,18.4,14.6,22.9,2.1
,North Carolina,37,2019,2019,Stomach,21020,70-74 years,70-74,Black or African American,2054-5,43,77839,55.2,40,74.4,8.4
,North Carolina,37,2019,2019,Stomach,21020,70-74 years,70-74,White,2106-3,95,366470,25.9,21,31.7,2.7
,North Carolina,37,2019,2019,Stomach,21020,75-79 years,75-79,Black or African American,2054-5,29,46823,61.9,41.5,88.9,11.5
,North Carolina,37,2019,2019,Stomach,21020,75-79 years,75-79,White,2106-3,65,244869,26.5,20.5,33.8,3.3
,North Carolina,37,2019,2019,Stomach,21020,80-84 years,80-84,Black or African American,2054-5,26,29019,89.6,58.5,131.3,17.6
,North Carolina,37,2019,2019,Stomach,21020,80-84 years,80-84,White,2106-3,48,151935,31.6,23.3,41.9,4.6
,North Carolina,37,2019,2019,Stomach,21020,85+ years,85+,Black or African American,2054-5,17,25621,66.4,38.7,106.2,16.1
,North Carolina,37,2019,2019,Stomach,21020,85+ years,85+,White,2106-3,54,140301,38.5,28.9,50.2,5.2
,North Carolina,37,2019,2019,Thyroid,32010,20-24 years,20-24,White,2106-3,39,470567,8.3,5.9,11.3,1.3
,North Carolina,37,2019,2019,Thyroid,32010,25-29 years,25-29,White,2106-3,65,481342,13.5,10.4,17.2,1.7
,North Carolina,37,2019,2019,Thyroid,32010,30-34 years,30-34,White,2106-3,62,467073,13.3,10.2,17,1.7
,North Carolina,37,2019,2019,Thyroid,32010,35-39 years,35-39,White,2106-3,88,465193,18.9,15.2,23.3,2
,North Carolina,37,2019,2019,Thyroid,32010,40-44 years,40-44,Black or African American,2054-5,16,146771,10.9,6.2,17.7,2.7
,North Carolina,37,2019,2019,Thyroid,32010,40-44 years,40-44,White,2106-3,80,452464,17.7,14,22,2
,North Carolina,37,2019,2019,Thyroid,32010,45-49 years,45-49,Black or African American,2054-5,19,151375,12.6,7.6,19.6,2.9
,North Carolina,37,2019,2019,Thyroid,32010,45-49 years,45-49,White,2106-3,91,497474,18.3,14.7,22.5,1.9
,North Carolina,37,2019,2019,Thyroid,32010,50-54 years,50-54,Black or African American,2054-5,19,147920,12.8,7.7,20.1,2.9
,North Carolina,37,2019,2019,Thyroid,32010,50-54 years,50-54,White,2106-3,88,494509,17.8,14.3,21.9,1.9
,North Carolina,37,2019,2019,Thyroid,32010,55-59 years,55-59,Black or African American,2054-5,18,150462,12,7.1,18.9,2.8
,North Carolina,37,2019,2019,Thyroid,32010,55-59 years,55-59,White,2106-3,105,523040,20.1,16.4,24.3,2
,North Carolina,37,2019,2019,Thyroid,32010,60-64 years ,60-64,Black or African American,2054-5,25,136545,18.3,11.8,27,3.7
,North Carolina,37,2019,2019,Thyroid,32010,60-64 years ,60-64,White,2106-3,97,490493,19.8,16,24.1,2
,North Carolina,37,2019,2019,Thyroid,32010,65-69 years,65-69,White,2106-3,81,433889,18.7,14.8,23.2,2.1
,North Carolina,37,2019,2019,Thyroid,32010,70-74 years,70-74,White,2106-3,85,366470,23.2,18.5,28.7,2.5
,North Carolina,37,2019,2019,Thyroid,32010,75-79 years,75-79,White,2106-3,43,244869,17.6,12.7,23.7,2.7
,North Carolina,37,2019,2019,Thyroid,32010,80-84 years,80-84,White,2106-3,24,151935,15.8,10.1,23.5,3.2
,North Dakota,38,2019,2019,Colon and Rectum,21041-21052,45-49 years,45-49,White,2106-3,16,35646,44.9,25.7,72.9,11.2
,North Dakota,38,2019,2019,Colon and Rectum,21041-21052,50-54 years,50-54,White,2106-3,23,37040,62.1,39.4,93.2,12.9
,North Dakota,38,2019,2019,Colon and Rectum,21041-21052,55-59 years,55-59,White,2106-3,19,45244,42,25.3,65.6,9.6
,North Dakota,38,2019,2019,Colon and Rectum,21041-21052,60-64 years ,60-64,White,2106-3,44,45356,97,70.5,130.2,14.6
,North Dakota,38,2019,2019,Colon and Rectum,21041-21052,65-69 years,65-69,White,2106-3,37,37730,98.1,69,135.2,16.1
,North Dakota,38,2019,2019,Colon and Rectum,21041-21052,70-74 years,70-74,White,2106-3,34,27380,124.2,86,173.5,21.3
,North Dakota,38,2019,2019,Colon and Rectum,21041-21052,75-79 years,75-79,White,2106-3,37,18739,197.4,139,272.2,32.5
,North Dakota,38,2019,2019,Colon and Rectum,21041-21052,80-84 years,80-84,White,2106-3,37,14103,262.4,184.7,361.6,43.1
,North Dakota,38,2019,2019,Colon and Rectum,21041-21052,85+ years,85+,White,2106-3,37,17789,208,146.4,286.7,34.2
,North Dakota,38,2019,2019,Leukemias,35011-35043,60-64 years ,60-64,White,2106-3,17,45356,37.5,21.8,60,9.1
,North Dakota,38,2019,2019,Leukemias,35011-35043,65-69 years,65-69,White,2106-3,17,37730,45.1,26.2,72.1,10.9
,North Dakota,38,2019,2019,Leukemias,35011-35043,70-74 years,70-74,White,2106-3,19,27380,69.4,41.8,108.4,15.9
,North Dakota,38,2019,2019,Leukemias,35011-35043,85+ years,85+,White,2106-3,21,17789,118.1,73.1,180.5,25.8
,North Dakota,38,2019,2019,Thyroid,32010,40-44 years,40-44,White,2106-3,20,37823,52.9,32.3,81.7,11.8
,North Dakota,38,2019,2019,Thyroid,32010,60-64 years ,60-64,White,2106-3,16,45356,35.3,20.2,57.3,8.8
,Ohio,39,2019,2019,Brain and Other Nervous System,31010-31040,1-4 years,01-Apr,White,2106-3,21,427953,4.9,3,7.5,1.1
,Ohio,39,2019,2019,Brain and Other Nervous System,31010-31040,5-9 years,05-Sep,White,2106-3,25,552021,4.5,2.9,6.7,0.9
,Ohio,39,2019,2019,Brain and Other Nervous System,31010-31040,10-14 years,Oct-14,White,2106-3,16,602961,2.7,1.5,4.3,0.7
,Ohio,39,2019,2019,Brain and Other Nervous System,31010-31040,15-19 years,15-19,White,2106-3,23,619748,3.7,2.4,5.6,0.8
,Ohio,39,2019,2019,Brain and Other Nervous System,31010-31040,25-29 years,25-29,White,2106-3,27,622540,4.3,2.9,6.3,0.8
,Ohio,39,2019,2019,Brain and Other Nervous System,31010-31040,30-34 years,30-34,White,2106-3,29,608793,4.8,3.2,6.8,0.9
,Ohio,39,2019,2019,Brain and Other Nervous System,31010-31040,35-39 years,35-39,White,2106-3,34,603962,5.6,3.9,7.9,1
,Ohio,39,2019,2019,Brain and Other Nervous System,31010-31040,40-44 years,40-44,White,2106-3,30,567339,5.3,3.6,7.5,1
,Ohio,39,2019,2019,Brain and Other Nervous System,31010-31040,45-49 years,45-49,White,2106-3,37,608299,6.1,4.3,8.4,1
,Ohio,39,2019,2019,Brain and Other Nervous System,31010-31040,50-54 years,50-54,White,2106-3,65,638028,10.2,7.9,13,1.3
,Ohio,39,2019,2019,Brain and Other Nervous System,31010-31040,55-59 years,55-59,White,2106-3,86,711025,12.1,9.7,14.9,1.3
,Ohio,39,2019,2019,Brain and Other Nervous System,31010-31040,60-64 years ,60-64,White,2106-3,104,701546,14.8,12.1,18,1.5
,Ohio,39,2019,2019,Brain and Other Nervous System,31010-31040,65-69 years,65-69,White,2106-3,92,591860,15.5,12.5,19.1,1.6
,Ohio,39,2019,2019,Brain and Other Nervous System,31010-31040,70-74 years,70-74,White,2106-3,88,463404,19,15.2,23.4,2
,Ohio,39,2019,2019,Brain and Other Nervous System,31010-31040,75-79 years,75-79,White,2106-3,82,311335,26.3,20.9,32.7,2.9
,Ohio,39,2019,2019,Brain and Other Nervous System,31010-31040,80-84 years,80-84,White,2106-3,50,208008,24,17.8,31.7,3.4
,Ohio,39,2019,2019,Brain and Other Nervous System,31010-31040,85+ years,85+,White,2106-3,35,209197,16.7,11.7,23.3,2.8
,Ohio,39,2019,2019,Colon and Rectum,21041-21052,20-24 years,20-24,White,2106-3,17,594263,2.9,1.7,4.6,0.7
,Ohio,39,2019,2019,Colon and Rectum,21041-21052,25-29 years,25-29,White,2106-3,16,622540,2.6,1.5,4.2,0.6
,Ohio,39,2019,2019,Colon and Rectum,21041-21052,30-34 years,30-34,White,2106-3,46,608793,7.6,5.5,10.1,1.1
,Ohio,39,2019,2019,Colon and Rectum,21041-21052,35-39 years,35-39,White,2106-3,72,603962,11.9,9.3,15,1.4
,Ohio,39,2019,2019,Colon and Rectum,21041-21052,40-44 years,40-44,Black or African American,2054-5,20,91718,21.8,13.3,33.7,4.9
,Ohio,39,2019,2019,Colon and Rectum,21041-21052,40-44 years,40-44,White,2106-3,95,567339,16.7,13.5,20.5,1.7
,Ohio,39,2019,2019,Colon and Rectum,21041-21052,45-49 years,45-49,Black or African American,2054-5,36,93925,38.3,26.8,53.1,6.4
,Ohio,39,2019,2019,Colon and Rectum,21041-21052,45-49 years,45-49,White,2106-3,223,608299,36.7,32,41.8,2.5
,Ohio,39,2019,2019,Colon and Rectum,21041-21052,50-54 years,50-54,Black or African American,2054-5,61,88960,68.6,52.5,88.1,8.8
,Ohio,39,2019,2019,Colon and Rectum,21041-21052,50-54 years,50-54,White,2106-3,388,638028,60.8,54.9,67.2,3.1
,Ohio,39,2019,2019,Colon and Rectum,21041-21052,55-59 years,55-59,Black or African American,2054-5,68,95183,71.4,55.5,90.6,8.7
,Ohio,39,2019,2019,Colon and Rectum,21041-21052,55-59 years,55-59,White,2106-3,464,711025,65.3,59.5,71.5,3
,Ohio,39,2019,2019,Colon and Rectum,21041-21052,60-64 years ,60-64,Black or African American,2054-5,91,88845,102.4,82.5,125.8,10.7
,Ohio,39,2019,2019,Colon and Rectum,21041-21052,60-64 years ,60-64,White,2106-3,662,701546,94.4,87.3,101.8,3.7
,Ohio,39,2019,2019,Colon and Rectum,21041-21052,65-69 years,65-69,Black or African American,2054-5,89,68273,130.4,104.7,160.4,13.8
,Ohio,39,2019,2019,Colon and Rectum,21041-21052,65-69 years,65-69,White,2106-3,681,591860,115.1,106.6,124,4.4
,Ohio,39,2019,2019,Colon and Rectum,21041-21052,70-74 years,70-74,Black or African American,2054-5,62,47351,130.9,100.4,167.9,16.6
,Ohio,39,2019,2019,Colon and Rectum,21041-21052,70-74 years,70-74,White,2106-3,667,463404,143.9,133.2,155.3,5.6
,Ohio,39,2019,2019,Colon and Rectum,21041-21052,75-79 years,75-79,Black or African American,2054-5,49,30535,160.5,118.7,212.2,22.9
,Ohio,39,2019,2019,Colon and Rectum,21041-21052,75-79 years,75-79,White,2106-3,568,311335,182.4,167.7,198.1,7.7
,Ohio,39,2019,2019,Colon and Rectum,21041-21052,80-84 years,80-84,Black or African American,2054-5,46,20856,220.6,161.5,294.2,32.5
,Ohio,39,2019,2019,Colon and Rectum,21041-21052,80-84 years,80-84,White,2106-3,526,208008,252.9,231.7,275.4,11
,Ohio,39,2019,2019,Colon and Rectum,21041-21052,85+ years,85+,Black or African American,2054-5,51,20204,252.4,187.9,331.9,35.3
,Ohio,39,2019,2019,Colon and Rectum,21041-21052,85+ years,85+,White,2106-3,553,209197,264.3,242.8,287.3,11.2
,Ohio,39,2019,2019,Leukemias,35011-35043,1-4 years,01-Apr,White,2106-3,46,427953,10.7,7.9,14.3,1.6
,Ohio,39,2019,2019,Leukemias,35011-35043,5-9 years,05-Sep,White,2106-3,18,552021,3.3,1.9,5.2,0.8
,Ohio,39,2019,2019,Leukemias,35011-35043,10-14 years,Oct-14,White,2106-3,21,602961,3.5,2.2,5.3,0.8
,Ohio,39,2019,2019,Leukemias,35011-35043,15-19 years,15-19,White,2106-3,18,619748,2.9,1.7,4.6,0.7
,Ohio,39,2019,2019,Leukemias,35011-35043,25-29 years,25-29,White,2106-3,19,622540,3.1,1.8,4.8,0.7
,Ohio,39,2019,2019,Leukemias,35011-35043,30-34 years,30-34,White,2106-3,22,608793,3.6,2.3,5.5,0.8
,Ohio,39,2019,2019,Leukemias,35011-35043,35-39 years,35-39,White,2106-3,17,603962,2.8,1.6,4.5,0.7
,Ohio,39,2019,2019,Leukemias,35011-35043,40-44 years,40-44,White,2106-3,28,567339,4.9,3.3,7.1,0.9
,Ohio,39,2019,2019,Leukemias,35011-35043,45-49 years,45-49,White,2106-3,63,608299,10.4,8,13.3,1.3
,Ohio,39,2019,2019,Leukemias,35011-35043,50-54 years,50-54,White,2106-3,75,638028,11.8,9.2,14.7,1.4
,Ohio,39,2019,2019,Leukemias,35011-35043,55-59 years,55-59,White,2106-3,155,711025,21.8,18.5,25.5,1.8
,Ohio,39,2019,2019,Leukemias,35011-35043,60-64 years ,60-64,Black or African American,2054-5,17,88845,19.1,11.1,30.6,4.6
,Ohio,39,2019,2019,Leukemias,35011-35043,60-64 years ,60-64,White,2106-3,194,701546,27.7,23.9,31.8,2
,Ohio,39,2019,2019,Leukemias,35011-35043,65-69 years,65-69,Black or African American,2054-5,16,68273,23.4,13.4,38.1,5.9
,Ohio,39,2019,2019,Leukemias,35011-35043,65-69 years,65-69,White,2106-3,232,591860,39.2,34.3,44.6,2.6
,Ohio,39,2019,2019,Leukemias,35011-35043,70-74 years,70-74,Black or African American,2054-5,17,47351,35.9,20.9,57.5,8.7
,Ohio,39,2019,2019,Leukemias,35011-35043,70-74 years,70-74,White,2106-3,215,463404,46.4,40.4,53,3.2
,Ohio,39,2019,2019,Leukemias,35011-35043,75-79 years,75-79,White,2106-3,194,311335,62.3,53.9,71.7,4.5
,Ohio,39,2019,2019,Leukemias,35011-35043,80-84 years,80-84,White,2106-3,166,208008,79.8,68.1,92.9,6.2
,Ohio,39,2019,2019,Leukemias,35011-35043,85+ years,85+,White,2106-3,194,209197,92.7,80.1,106.7,6.7
,Ohio,39,2019,2019,Myeloma,34000,45-49 years,45-49,White,2106-3,16,608299,2.6,1.5,4.3,0.7
,Ohio,39,2019,2019,Myeloma,34000,50-54 years,50-54,White,2106-3,30,638028,4.7,3.2,6.7,0.9
,Ohio,39,2019,2019,Myeloma,34000,55-59 years,55-59,Black or African American,2054-5,19,95183,20,12,31.2,4.6
,Ohio,39,2019,2019,Myeloma,34000,55-59 years,55-59,White,2106-3,74,711025,10.4,8.2,13.1,1.2
,Ohio,39,2019,2019,Myeloma,34000,60-64 years ,60-64,Black or African American,2054-5,37,88845,41.6,29.3,57.4,6.8
,Ohio,39,2019,2019,Myeloma,34000,60-64 years ,60-64,White,2106-3,91,701546,13,10.4,15.9,1.4
,Ohio,39,2019,2019,Myeloma,34000,65-69 years,65-69,Black or African American,2054-5,34,68273,49.8,34.5,69.6,8.5
,Ohio,39,2019,2019,Myeloma,34000,65-69 years,65-69,White,2106-3,121,591860,20.4,17,24.4,1.9
,Ohio,39,2019,2019,Myeloma,34000,70-74 years,70-74,Black or African American,2054-5,35,47351,73.9,51.5,102.8,12.5
,Ohio,39,2019,2019,Myeloma,34000,70-74 years,70-74,White,2106-3,133,463404,28.7,24,34,2.5
,Ohio,39,2019,2019,Myeloma,34000,75-79 years,75-79,Black or African American,2054-5,22,30535,72,45.2,109.1,15.4
,Ohio,39,2019,2019,Myeloma,34000,75-79 years,75-79,White,2106-3,123,311335,39.5,32.8,47.1,3.6
,Ohio,39,2019,2019,Myeloma,34000,80-84 years,80-84,Black or African American,2054-5,16,20856,76.7,43.8,124.6,19.2
,Ohio,39,2019,2019,Myeloma,34000,80-84 years,80-84,White,2106-3,101,208008,48.6,39.5,59,4.8
,Ohio,39,2019,2019,Myeloma,34000,85+ years,85+,White,2106-3,91,209197,43.5,35,53.4,4.6
,Ohio,39,2019,2019,Stomach,21020,45-49 years,45-49,White,2106-3,24,608299,3.9,2.5,5.9,0.8
,Ohio,39,2019,2019,Stomach,21020,50-54 years,50-54,White,2106-3,39,638028,6.1,4.3,8.4,1
,Ohio,39,2019,2019,Stomach,21020,55-59 years,55-59,White,2106-3,63,711025,8.9,6.8,11.3,1.1
,Ohio,39,2019,2019,Stomach,21020,60-64 years ,60-64,White,2106-3,73,701546,10.4,8.2,13.1,1.2
,Ohio,39,2019,2019,Stomach,21020,65-69 years,65-69,Black or African American,2054-5,22,68273,32.2,20.2,48.8,6.9
,Ohio,39,2019,2019,Stomach,21020,65-69 years,65-69,White,2106-3,99,591860,16.7,13.6,20.4,1.7
,Ohio,39,2019,2019,Stomach,21020,70-74 years,70-74,Black or African American,2054-5,23,47351,48.6,30.8,72.9,10.1
,Ohio,39,2019,2019,Stomach,21020,70-74 years,70-74,White,2106-3,110,463404,23.7,19.5,28.6,2.3
,Ohio,39,2019,2019,Stomach,21020,75-79 years,75-79,White,2106-3,107,311335,34.4,28.2,41.5,3.3
,Ohio,39,2019,2019,Stomach,21020,80-84 years,80-84,White,2106-3,65,208008,31.2,24.1,39.8,3.9
,Ohio,39,2019,2019,Stomach,21020,85+ years,85+,White,2106-3,67,209197,32,24.8,40.7,3.9
,Ohio,39,2019,2019,Thyroid,32010,15-19 years,15-19,White,2106-3,35,619748,5.6,3.9,7.9,1
,Ohio,39,2019,2019,Thyroid,32010,20-24 years,20-24,White,2106-3,55,594263,9.3,7,12,1.2
,Ohio,39,2019,2019,Thyroid,32010,25-29 years,25-29,White,2106-3,81,622540,13,10.3,16.2,1.4
,Ohio,39,2019,2019,Thyroid,32010,30-34 years,30-34,White,2106-3,103,608793,16.9,13.8,20.5,1.7
,Ohio,39,2019,2019,Thyroid,32010,35-39 years,35-39,White,2106-3,129,603962,21.4,17.8,25.4,1.9
,Ohio,39,2019,2019,Thyroid,32010,40-44 years,40-44,White,2106-3,152,567339,26.8,22.7,31.4,2.2
,Ohio,39,2019,2019,Thyroid,32010,45-49 years,45-49,White,2106-3,153,608299,25.2,21.3,29.5,2
,Ohio,39,2019,2019,Thyroid,32010,50-54 years,50-54,Black or African American,2054-5,17,88960,19.1,11.1,30.6,4.6
,Ohio,39,2019,2019,Thyroid,32010,50-54 years,50-54,White,2106-3,167,638028,26.2,22.4,30.5,2
,Ohio,39,2019,2019,Thyroid,32010,55-59 years,55-59,Black or African American,2054-5,19,95183,20,12,31.2,4.6
,Ohio,39,2019,2019,Thyroid,32010,55-59 years,55-59,White,2106-3,170,711025,23.9,20.5,27.8,1.8
,Ohio,39,2019,2019,Thyroid,32010,60-64 years ,60-64,Black or African American,2054-5,21,88845,23.6,14.6,36.1,5.2
,Ohio,39,2019,2019,Thyroid,32010,60-64 years ,60-64,White,2106-3,183,701546,26.1,22.4,30.2,1.9
,Ohio,39,2019,2019,Thyroid,32010,65-69 years,65-69,Black or African American,2054-5,18,68273,26.4,15.6,41.7,6.2
,Ohio,39,2019,2019,Thyroid,32010,65-69 years,65-69,White,2106-3,171,591860,28.9,24.7,33.6,2.2
,Ohio,39,2019,2019,Thyroid,32010,70-74 years,70-74,White,2106-3,99,463404,21.4,17.4,26,2.1
,Ohio,39,2019,2019,Thyroid,32010,75-79 years,75-79,White,2106-3,74,311335,23.8,18.7,29.8,2.8
,Ohio,39,2019,2019,Thyroid,32010,80-84 years,80-84,White,2106-3,46,208008,22.1,16.2,29.5,3.3
,Ohio,39,2019,2019,Thyroid,32010,85+ years,85+,White,2106-3,23,209197,11,7,16.5,2.3
,Oklahoma,40,2019,2019,Brain and Other Nervous System,31010-31040,50-54 years,50-54,White,2106-3,19,179165,10.6,6.4,16.6,2.4
,Oklahoma,40,2019,2019,Brain and Other Nervous System,31010-31040,60-64 years ,60-64,White,2106-3,23,198578,11.6,7.3,17.4,2.4
,Oklahoma,40,2019,2019,Brain and Other Nervous System,31010-31040,65-69 years,65-69,White,2106-3,30,171309,17.5,11.8,25,3.2
,Oklahoma,40,2019,2019,Brain and Other Nervous System,31010-31040,70-74 years,70-74,White,2106-3,30,138411,21.7,14.6,30.9,4
,Oklahoma,40,2019,2019,Brain and Other Nervous System,31010-31040,75-79 years,75-79,White,2106-3,16,98036,16.3,9.3,26.5,4.1
,Oklahoma,40,2019,2019,Colon and Rectum,21041-21052,35-39 years,35-39,White,2106-3,27,205829,13.1,8.6,19.1,2.5
,Oklahoma,40,2019,2019,Colon and Rectum,21041-21052,40-44 years,40-44,White,2106-3,36,182431,19.7,13.8,27.3,3.3
,Oklahoma,40,2019,2019,Colon and Rectum,21041-21052,45-49 years,45-49,American Indian or Alaska Native,1002-5,17,22691,74.9,43.6,120,18.2
,Oklahoma,40,2019,2019,Colon and Rectum,21041-21052,45-49 years,45-49,White,2106-3,67,182898,36.6,28.4,46.5,4.5
,Oklahoma,40,2019,2019,Colon and Rectum,21041-21052,50-54 years,50-54,American Indian or Alaska Native,1002-5,26,20778,125.1,81.7,183.3,24.5
,Oklahoma,40,2019,2019,Colon and Rectum,21041-21052,50-54 years,50-54,White,2106-3,116,179165,64.7,53.5,77.7,6
,Oklahoma,40,2019,2019,Colon and Rectum,21041-21052,55-59 years,55-59,American Indian or Alaska Native,1002-5,28,22043,127,84.4,183.6,24
,Oklahoma,40,2019,2019,Colon and Rectum,21041-21052,55-59 years,55-59,White,2106-3,145,207077,70,59.1,82.4,5.8
,Oklahoma,40,2019,2019,Colon and Rectum,21041-21052,60-64 years ,60-64,American Indian or Alaska Native,1002-5,35,19091,183.3,127.7,255,31
,Oklahoma,40,2019,2019,Colon and Rectum,21041-21052,60-64 years ,60-64,Black or African American,2054-5,18,17014,105.8,62.7,167.2,24.9
,Oklahoma,40,2019,2019,Colon and Rectum,21041-21052,60-64 years ,60-64,White,2106-3,184,198578,92.7,79.8,107.1,6.8
,Oklahoma,40,2019,2019,Colon and Rectum,21041-21052,65-69 years,65-69,American Indian or Alaska Native,1002-5,24,14726,163,104.4,242.5,33.3
,Oklahoma,40,2019,2019,Colon and Rectum,21041-21052,65-69 years,65-69,Black or African American,2054-5,25,12886,194,125.6,286.4,38.8
,Oklahoma,40,2019,2019,Colon and Rectum,21041-21052,65-69 years,65-69,White,2106-3,241,171309,140.7,123.5,159.6,9.1
,Oklahoma,40,2019,2019,Colon and Rectum,21041-21052,70-74 years,70-74,American Indian or Alaska Native,1002-5,27,10794,250.1,164.8,363.9,48.1
,Oklahoma,40,2019,2019,Colon and Rectum,21041-21052,70-74 years,70-74,White,2106-3,212,138411,153.2,133.2,175.2,10.5
,Oklahoma,40,2019,2019,Colon and Rectum,21041-21052,75-79 years,75-79,American Indian or Alaska Native,1002-5,21,6754,310.9,192.5,475.3,67.8
,Oklahoma,40,2019,2019,Colon and Rectum,21041-21052,75-79 years,75-79,White,2106-3,167,98036,170.3,145.5,198.2,13.2
,Oklahoma,40,2019,2019,Colon and Rectum,21041-21052,80-84 years,80-84,White,2106-3,124,63758,194.5,161.8,231.9,17.5
,Oklahoma,40,2019,2019,Colon and Rectum,21041-21052,85+ years,85+,White,2106-3,130,60635,214.4,179.1,254.6,18.8
,Oklahoma,40,2019,2019,Leukemias,35011-35043,45-49 years,45-49,White,2106-3,17,182898,9.3,5.4,14.9,2.3
,Oklahoma,40,2019,2019,Leukemias,35011-35043,50-54 years,50-54,White,2106-3,20,179165,11.2,6.8,17.2,2.5
,Oklahoma,40,2019,2019,Leukemias,35011-35043,55-59 years,55-59,White,2106-3,43,207077,20.8,15,28,3.2
,Oklahoma,40,2019,2019,Leukemias,35011-35043,60-64 years ,60-64,White,2106-3,44,198578,22.2,16.1,29.7,3.3
,Oklahoma,40,2019,2019,Leukemias,35011-35043,65-69 years,65-69,White,2106-3,61,171309,35.6,27.2,45.7,4.6
,Oklahoma,40,2019,2019,Leukemias,35011-35043,70-74 years,70-74,White,2106-3,71,138411,51.3,40.1,64.7,6.1
,Oklahoma,40,2019,2019,Leukemias,35011-35043,75-79 years,75-79,White,2106-3,55,98036,56.1,42.3,73,7.6
,Oklahoma,40,2019,2019,Leukemias,35011-35043,80-84 years,80-84,White,2106-3,48,63758,75.3,55.5,99.8,10.9
,Oklahoma,40,2019,2019,Leukemias,35011-35043,85+ years,85+,White,2106-3,47,60635,77.5,57,103.1,11.3
,Oklahoma,40,2019,2019,Myeloma,34000,55-59 years,55-59,White,2106-3,22,207077,10.6,6.7,16.1,2.3
,Oklahoma,40,2019,2019,Myeloma,34000,60-64 years ,60-64,White,2106-3,37,198578,18.6,13.1,25.7,3.1
,Oklahoma,40,2019,2019,Myeloma,34000,65-69 years,65-69,White,2106-3,36,171309,21,14.7,29.1,3.5
,Oklahoma,40,2019,2019,Myeloma,34000,70-74 years,70-74,White,2106-3,31,138411,22.4,15.2,31.8,4
,Oklahoma,40,2019,2019,Myeloma,34000,75-79 years,75-79,White,2106-3,37,98036,37.7,26.6,52,6.2
,Oklahoma,40,2019,2019,Myeloma,34000,80-84 years,80-84,White,2106-3,28,63758,43.9,29.2,63.5,8.3
,Oklahoma,40,2019,2019,Myeloma,34000,85+ years,85+,White,2106-3,17,60635,28,16.3,44.9,6.8
,Oklahoma,40,2019,2019,Stomach,21020,55-59 years,55-59,White,2106-3,16,207077,7.7,4.4,12.5,1.9
,Oklahoma,40,2019,2019,Stomach,21020,60-64 years ,60-64,White,2106-3,26,198578,13.1,8.6,19.2,2.6
,Oklahoma,40,2019,2019,Stomach,21020,65-69 years,65-69,White,2106-3,25,171309,14.6,9.4,21.5,2.9
,Oklahoma,40,2019,2019,Stomach,21020,70-74 years,70-74,White,2106-3,28,138411,20.2,13.4,29.2,3.8
,Oklahoma,40,2019,2019,Stomach,21020,75-79 years,75-79,White,2106-3,29,98036,29.6,19.8,42.5,5.5
,Oklahoma,40,2019,2019,Stomach,21020,80-84 years,80-84,White,2106-3,23,63758,36.1,22.9,54.1,7.5
,Oklahoma,40,2019,2019,Stomach,21020,85+ years,85+,White,2106-3,18,60635,29.7,17.6,46.9,7
,Oklahoma,40,2019,2019,Thyroid,32010,25-29 years,25-29,White,2106-3,22,200780,11,6.9,16.6,2.3
,Oklahoma,40,2019,2019,Thyroid,32010,30-34 years,30-34,White,2106-3,26,199683,13,8.5,19.1,2.6
,Oklahoma,40,2019,2019,Thyroid,32010,35-39 years,35-39,White,2106-3,36,205829,17.5,12.2,24.2,2.9
,Oklahoma,40,2019,2019,Thyroid,32010,40-44 years,40-44,White,2106-3,27,182431,14.8,9.8,21.5,2.8
,Oklahoma,40,2019,2019,Thyroid,32010,45-49 years,45-49,White,2106-3,38,182898,20.8,14.7,28.5,3.4
,Oklahoma,40,2019,2019,Thyroid,32010,50-54 years,50-54,White,2106-3,41,179165,22.9,16.4,31,3.6
,Oklahoma,40,2019,2019,Thyroid,32010,55-59 years,55-59,White,2106-3,36,207077,17.4,12.2,24.1,2.9
,Oklahoma,40,2019,2019,Thyroid,32010,60-64 years ,60-64,White,2106-3,34,198578,17.1,11.9,23.9,2.9
,Oklahoma,40,2019,2019,Thyroid,32010,65-69 years,65-69,White,2106-3,37,171309,21.6,15.2,29.8,3.6
,Oklahoma,40,2019,2019,Thyroid,32010,70-74 years,70-74,White,2106-3,28,138411,20.2,13.4,29.2,3.8
,Oklahoma,40,2019,2019,Thyroid,32010,75-79 years,75-79,White,2106-3,21,98036,21.4,13.3,32.7,4.7
,Oregon,41,2019,2019,Brain and Other Nervous System,31010-31040,50-54 years,50-54,White,2106-3,17,224982,7.6,4.4,12.1,1.8
,Oregon,41,2019,2019,Brain and Other Nervous System,31010-31040,55-59 years,55-59,White,2106-3,24,246022,9.8,6.3,14.5,2
,Oregon,41,2019,2019,Brain and Other Nervous System,31010-31040,60-64 years ,60-64,White,2106-3,30,253137,11.9,8,16.9,2.2
,Oregon,41,2019,2019,Brain and Other Nervous System,31010-31040,65-69 years,65-69,White,2106-3,27,241528,11.2,7.4,16.3,2.2
,Oregon,41,2019,2019,Brain and Other Nervous System,31010-31040,70-74 years,70-74,White,2106-3,47,191433,24.6,18,32.6,3.6
,Oregon,41,2019,2019,Brain and Other Nervous System,31010-31040,75-79 years,75-79,White,2106-3,28,123630,22.6,15,32.7,4.3
,Oregon,41,2019,2019,Brain and Other Nervous System,31010-31040,80-84 years,80-84,White,2106-3,16,73675,21.7,12.4,35.3,5.4
,Oregon,41,2019,2019,Colon and Rectum,21041-21052,30-34 years,30-34,White,2106-3,16,259675,6.2,3.5,10,1.5
,Oregon,41,2019,2019,Colon and Rectum,21041-21052,35-39 years,35-39,White,2106-3,37,264100,14,9.9,19.3,2.3
,Oregon,41,2019,2019,Colon and Rectum,21041-21052,40-44 years,40-44,White,2106-3,47,241099,19.5,14.3,25.9,2.8
,Oregon,41,2019,2019,Colon and Rectum,21041-21052,45-49 years,45-49,White,2106-3,81,233576,34.7,27.5,43.1,3.9
,Oregon,41,2019,2019,Colon and Rectum,21041-21052,50-54 years,50-54,White,2106-3,139,224982,61.8,51.9,72.9,5.2
,Oregon,41,2019,2019,Colon and Rectum,21041-21052,55-59 years,55-59,White,2106-3,156,246022,63.4,53.8,74.2,5.1
,Oregon,41,2019,2019,Colon and Rectum,21041-21052,60-64 years ,60-64,White,2106-3,189,253137,74.7,64.4,86.1,5.4
,Oregon,41,2019,2019,Colon and Rectum,21041-21052,65-69 years,65-69,White,2106-3,214,241528,88.6,77.1,101.3,6.1
,Oregon,41,2019,2019,Colon and Rectum,21041-21052,70-74 years,70-74,White,2106-3,197,191433,102.9,89,118.3,7.3
,Oregon,41,2019,2019,Colon and Rectum,21041-21052,75-79 years,75-79,White,2106-3,214,123630,173.1,150.7,197.9,11.8
,Oregon,41,2019,2019,Colon and Rectum,21041-21052,80-84 years,80-84,White,2106-3,164,73675,222.6,189.8,259.4,17.4
,Oregon,41,2019,2019,Colon and Rectum,21041-21052,85+ years,85+,White,2106-3,187,73711,253.7,218.6,292.8,18.6
,Oregon,41,2019,2019,Leukemias,35011-35043,45-49 years,45-49,White,2106-3,26,233576,11.1,7.3,16.3,2.2
,Oregon,41,2019,2019,Leukemias,35011-35043,50-54 years,50-54,White,2106-3,26,224982,11.6,7.5,16.9,2.3
,Oregon,41,2019,2019,Leukemias,35011-35043,55-59 years,55-59,White,2106-3,47,246022,19.1,14,25.4,2.8
,Oregon,41,2019,2019,Leukemias,35011-35043,60-64 years ,60-64,White,2106-3,66,253137,26.1,20.2,33.2,3.2
,Oregon,41,2019,2019,Leukemias,35011-35043,65-69 years,65-69,White,2106-3,121,241528,50.1,41.6,59.9,4.6
,Oregon,41,2019,2019,Leukemias,35011-35043,70-74 years,70-74,White,2106-3,100,191433,52.2,42.5,63.5,5.2
,Oregon,41,2019,2019,Leukemias,35011-35043,75-79 years,75-79,White,2106-3,82,123630,66.3,52.8,82.3,7.3
,Oregon,41,2019,2019,Leukemias,35011-35043,80-84 years,80-84,White,2106-3,73,73675,99.1,77.7,124.6,11.6
,Oregon,41,2019,2019,Leukemias,35011-35043,85+ years,85+,White,2106-3,78,73711,105.8,83.6,132.1,12
,Oregon,41,2019,2019,Myeloma,34000,60-64 years ,60-64,White,2106-3,25,253137,9.9,6.4,14.6,2
,Oregon,41,2019,2019,Myeloma,34000,65-69 years,65-69,White,2106-3,61,241528,25.3,19.3,32.4,3.2
,Oregon,41,2019,2019,Myeloma,34000,70-74 years,70-74,White,2106-3,46,191433,24,17.6,32.1,3.5
,Oregon,41,2019,2019,Myeloma,34000,75-79 years,75-79,White,2106-3,59,123630,47.7,36.3,61.6,6.2
,Oregon,41,2019,2019,Myeloma,34000,80-84 years,80-84,White,2106-3,20,73675,27.1,16.6,41.9,6.1
,Oregon,41,2019,2019,Myeloma,34000,85+ years,85+,White,2106-3,33,73711,44.8,30.8,62.9,7.8
,Oregon,41,2019,2019,Stomach,21020,55-59 years,55-59,White,2106-3,16,246022,6.5,3.7,10.6,1.6
,Oregon,41,2019,2019,Stomach,21020,60-64 years ,60-64,White,2106-3,33,253137,13,9,18.3,2.3
,Oregon,41,2019,2019,Stomach,21020,65-69 years,65-69,White,2106-3,41,241528,17,12.2,23,2.7
,Oregon,41,2019,2019,Stomach,21020,70-74 years,70-74,White,2106-3,33,191433,17.2,11.9,24.2,3
,Oregon,41,2019,2019,Stomach,21020,75-79 years,75-79,White,2106-3,30,123630,24.3,16.4,34.6,4.4
,Oregon,41,2019,2019,Stomach,21020,80-84 years,80-84,White,2106-3,22,73675,29.9,18.7,45.2,6.4
,Oregon,41,2019,2019,Stomach,21020,85+ years,85+,White,2106-3,27,73711,36.6,24.1,53.3,7
,Oregon,41,2019,2019,Thyroid,32010,20-24 years,20-24,White,2106-3,19,223040,8.5,5.1,13.3,2
,Oregon,41,2019,2019,Thyroid,32010,25-29 years,25-29,White,2106-3,26,255748,10.2,6.6,14.9,2
,Oregon,41,2019,2019,Thyroid,32010,30-34 years,30-34,White,2106-3,47,259675,18.1,13.3,24.1,2.6
,Oregon,41,2019,2019,Thyroid,32010,35-39 years,35-39,White,2106-3,53,264100,20.1,15,26.2,2.8
,Oregon,41,2019,2019,Thyroid,32010,40-44 years,40-44,White,2106-3,46,241099,19.1,14,25.4,2.8
,Oregon,41,2019,2019,Thyroid,32010,45-49 years,45-49,White,2106-3,51,233576,21.8,16.3,28.7,3.1
,Oregon,41,2019,2019,Thyroid,32010,50-54 years,50-54,White,2106-3,46,224982,20.4,15,27.3,3
,Oregon,41,2019,2019,Thyroid,32010,55-59 years,55-59,White,2106-3,40,246022,16.3,11.6,22.1,2.6
,Oregon,41,2019,2019,Thyroid,32010,60-64 years ,60-64,White,2106-3,46,253137,18.2,13.3,24.2,2.7
,Oregon,41,2019,2019,Thyroid,32010,65-69 years,65-69,White,2106-3,47,241528,19.5,14.3,25.9,2.8
,Oregon,41,2019,2019,Thyroid,32010,70-74 years,70-74,White,2106-3,45,191433,23.5,17.1,31.5,3.5
,Oregon,41,2019,2019,Thyroid,32010,75-79 years,75-79,White,2106-3,28,123630,22.6,15,32.7,4.3
,Oregon,41,2019,2019,Thyroid,32010,80-84 years,80-84,White,2106-3,16,73675,21.7,12.4,35.3,5.4
,Pennsylvania,42,2019,2019,Brain and Other Nervous System,31010-31040,1-4 years,01-Apr,White,2106-3,27,430818,6.3,4.1,9.1,1.2
,Pennsylvania,42,2019,2019,Brain and Other Nervous System,31010-31040,5-9 years,05-Sep,White,2106-3,23,560821,4.1,2.6,6.2,0.9
,Pennsylvania,42,2019,2019,Brain and Other Nervous System,31010-31040,10-14 years,Oct-14,White,2106-3,16,618750,2.6,1.5,4.2,0.6
,Pennsylvania,42,2019,2019,Brain and Other Nervous System,31010-31040,15-19 years,15-19,White,2106-3,18,656581,2.7,1.6,4.3,0.6
,Pennsylvania,42,2019,2019,Brain and Other Nervous System,31010-31040,20-24 years,20-24,White,2106-3,17,629199,2.7,1.6,4.3,0.7
,Pennsylvania,42,2019,2019,Brain and Other Nervous System,31010-31040,30-34 years,30-34,White,2106-3,34,682149,5,3.5,7,0.9
,Pennsylvania,42,2019,2019,Brain and Other Nervous System,31010-31040,35-39 years,35-39,White,2106-3,36,657287,5.5,3.8,7.6,0.9
,Pennsylvania,42,2019,2019,Brain and Other Nervous System,31010-31040,40-44 years,40-44,White,2106-3,24,602219,4,2.6,5.9,0.8
,Pennsylvania,42,2019,2019,Brain and Other Nervous System,31010-31040,45-49 years,45-49,White,2106-3,51,658570,7.7,5.8,10.2,1.1
,Pennsylvania,42,2019,2019,Brain and Other Nervous System,31010-31040,50-54 years,50-54,White,2106-3,52,722803,7.2,5.4,9.4,1
,Pennsylvania,42,2019,2019,Brain and Other Nervous System,31010-31040,55-59 years,55-59,White,2106-3,95,809328,11.7,9.5,14.3,1.2
,Pennsylvania,42,2019,2019,Brain and Other Nervous System,31010-31040,60-64 years ,60-64,White,2106-3,98,803157,12.2,9.9,14.9,1.2
,Pennsylvania,42,2019,2019,Brain and Other Nervous System,31010-31040,65-69 years,65-69,White,2106-3,110,684097,16.1,13.2,19.4,1.5
,Pennsylvania,42,2019,2019,Brain and Other Nervous System,31010-31040,70-74 years,70-74,White,2106-3,129,539897,23.9,19.9,28.4,2.1
,Pennsylvania,42,2019,2019,Brain and Other Nervous System,31010-31040,75-79 years,75-79,White,2106-3,82,372587,22,17.5,27.3,2.4
,Pennsylvania,42,2019,2019,Brain and Other Nervous System,31010-31040,80-84 years,80-84,White,2106-3,62,252860,24.5,18.8,31.4,3.1
,Pennsylvania,42,2019,2019,Brain and Other Nervous System,31010-31040,85+ years,85+,White,2106-3,69,281066,24.5,19.1,31.1,3
,Pennsylvania,42,2019,2019,Colon and Rectum,21041-21052,20-24 years,20-24,White,2106-3,16,629199,2.5,1.5,4.1,0.6
,Pennsylvania,42,2019,2019,Colon and Rectum,21041-21052,25-29 years,25-29,White,2106-3,17,662265,2.6,1.5,4.1,0.6
,Pennsylvania,42,2019,2019,Colon and Rectum,21041-21052,30-34 years,30-34,White,2106-3,47,682149,6.9,5.1,9.2,1
,Pennsylvania,42,2019,2019,Colon and Rectum,21041-21052,35-39 years,35-39,White,2106-3,63,657287,9.6,7.4,12.3,1.2
,Pennsylvania,42,2019,2019,Colon and Rectum,21041-21052,40-44 years,40-44,White,2106-3,134,602219,22.3,18.6,26.4,1.9
,Pennsylvania,42,2019,2019,Colon and Rectum,21041-21052,45-49 years,45-49,Black or African American,2054-5,44,94644,46.5,33.8,62.4,7
,Pennsylvania,42,2019,2019,Colon and Rectum,21041-21052,45-49 years,45-49,White,2106-3,261,658570,39.6,35,44.7,2.5
,Pennsylvania,42,2019,2019,Colon and Rectum,21041-21052,50-54 years,50-54,Asian or Pacific Islander,A-PI,22,30267,72.7,45.6,110,15.5
,Pennsylvania,42,2019,2019,Colon and Rectum,21041-21052,50-54 years,50-54,Black or African American,2054-5,74,95796,77.2,60.7,97,9
,Pennsylvania,42,2019,2019,Colon and Rectum,21041-21052,50-54 years,50-54,White,2106-3,449,722803,62.1,56.5,68.1,2.9
,Pennsylvania,42,2019,2019,Colon and Rectum,21041-21052,50-54 years,50-54,Other Races and Unknown combined,2131-1,16,Not Applicable,Not Applicable,Not Applicable,Not Applicable,Not Applicable
,Pennsylvania,42,2019,2019,Colon and Rectum,21041-21052,55-59 years,55-59,Asian or Pacific Islander,A-PI,21,26624,78.9,48.8,120.6,17.2
,Pennsylvania,42,2019,2019,Colon and Rectum,21041-21052,55-59 years,55-59,Black or African American,2054-5,68,96219,70.7,54.9,89.6,8.6
,Pennsylvania,42,2019,2019,Colon and Rectum,21041-21052,55-59 years,55-59,White,2106-3,539,809328,66.6,61.1,72.5,2.9
,Pennsylvania,42,2019,2019,Colon and Rectum,21041-21052,55-59 years,55-59,Other Races and Unknown combined,2131-1,17,Not Applicable,Not Applicable,Not Applicable,Not Applicable,Not Applicable
,Pennsylvania,42,2019,2019,Colon and Rectum,21041-21052,60-64 years ,60-64,Black or African American,2054-5,76,85731,88.6,69.8,111,10.2
,Pennsylvania,42,2019,2019,Colon and Rectum,21041-21052,60-64 years ,60-64,White,2106-3,654,803157,81.4,75.3,87.9,3.2
,Pennsylvania,42,2019,2019,Colon and Rectum,21041-21052,65-69 years,65-69,Black or African American,2054-5,78,65175,119.7,94.6,149.4,13.6
,Pennsylvania,42,2019,2019,Colon and Rectum,21041-21052,65-69 years,65-69,White,2106-3,760,684097,111.1,103.3,119.3,4
,Pennsylvania,42,2019,2019,Colon and Rectum,21041-21052,65-69 years,65-69,Other Races and Unknown combined,2131-1,17,Not Applicable,Not Applicable,Not Applicable,Not Applicable,Not Applicable
,Pennsylvania,42,2019,2019,Colon and Rectum,21041-21052,70-74 years,70-74,Black or African American,2054-5,55,46144,119.2,89.8,155.1,16.1
,Pennsylvania,42,2019,2019,Colon and Rectum,21041-21052,70-74 years,70-74,White,2106-3,805,539897,149.1,139,159.8,5.3
,Pennsylvania,42,2019,2019,Colon and Rectum,21041-21052,70-74 years,70-74,Other Races and Unknown combined,2131-1,17,Not Applicable,Not Applicable,Not Applicable,Not Applicable,Not Applicable
,Pennsylvania,42,2019,2019,Colon and Rectum,21041-21052,75-79 years,75-79,Black or African American,2054-5,44,29994,146.7,106.6,196.9,22.1
,Pennsylvania,42,2019,2019,Colon and Rectum,21041-21052,75-79 years,75-79,White,2106-3,751,372587,201.6,187.4,216.5,7.4
,Pennsylvania,42,2019,2019,Colon and Rectum,21041-21052,80-84 years,80-84,Black or African American,2054-5,42,19641,213.8,154.1,289,33
,Pennsylvania,42,2019,2019,Colon and Rectum,21041-21052,80-84 years,80-84,White,2106-3,643,252860,254.3,235,274.7,10
,Pennsylvania,42,2019,2019,Colon and Rectum,21041-21052,85+ years,85+,Black or African American,2054-5,44,19699,223.4,162.3,299.9,33.7
,Pennsylvania,42,2019,2019,Colon and Rectum,21041-21052,85+ years,85+,White,2106-3,760,281066,270.4,251.5,290.3,9.8
,Pennsylvania,42,2019,2019,Leukemias,35011-35043,1-4 years,01-Apr,White,2106-3,36,430818,8.4,5.9,11.6,1.4
,Pennsylvania,42,2019,2019,Leukemias,35011-35043,10-14 years,Oct-14,White,2106-3,21,618750,3.4,2.1,5.2,0.7
,Pennsylvania,42,2019,2019,Leukemias,35011-35043,20-24 years,20-24,White,2106-3,17,629199,2.7,1.6,4.3,0.7
,Pennsylvania,42,2019,2019,Leukemias,35011-35043,25-29 years,25-29,White,2106-3,21,662265,3.2,2,4.8,0.7
,Pennsylvania,42,2019,2019,Leukemias,35011-35043,30-34 years,30-34,White,2106-3,29,682149,4.3,2.8,6.1,0.8
,Pennsylvania,42,2019,2019,Leukemias,35011-35043,35-39 years,35-39,White,2106-3,32,657287,4.9,3.3,6.9,0.9
,Pennsylvania,42,2019,2019,Leukemias,35011-35043,40-44 years,40-44,White,2106-3,46,602219,7.6,5.6,10.2,1.1
,Pennsylvania,42,2019,2019,Leukemias,35011-35043,45-49 years,45-49,White,2106-3,62,658570,9.4,7.2,12.1,1.2
,Pennsylvania,42,2019,2019,Leukemias,35011-35043,50-54 years,50-54,White,2106-3,99,722803,13.7,11.1,16.7,1.4
,Pennsylvania,42,2019,2019,Leukemias,35011-35043,55-59 years,55-59,Black or African American,2054-5,18,96219,18.7,11.1,29.6,4.4
,Pennsylvania,42,2019,2019,Leukemias,35011-35043,55-59 years,55-59,White,2106-3,178,809328,22,18.9,25.5,1.6
,Pennsylvania,42,2019,2019,Leukemias,35011-35043,60-64 years ,60-64,Black or African American,2054-5,17,85731,19.8,11.6,31.7,4.8
,Pennsylvania,42,2019,2019,Leukemias,35011-35043,60-64 years ,60-64,White,2106-3,253,803157,31.5,27.7,35.6,2
,Pennsylvania,42,2019,2019,Leukemias,35011-35043,65-69 years,65-69,Black or African American,2054-5,17,65175,26.1,15.2,41.8,6.3
,Pennsylvania,42,2019,2019,Leukemias,35011-35043,65-69 years,65-69,White,2106-3,313,684097,45.8,40.8,51.1,2.6
,Pennsylvania,42,2019,2019,Leukemias,35011-35043,70-74 years,70-74,Black or African American,2054-5,25,46144,54.2,35.1,80,10.8
,Pennsylvania,42,2019,2019,Leukemias,35011-35043,70-74 years,70-74,White,2106-3,307,539897,56.9,50.7,63.6,3.2
,Pennsylvania,42,2019,2019,Leukemias,35011-35043,75-79 years,75-79,Black or African American,2054-5,18,29994,60,35.6,94.8,14.1
,Pennsylvania,42,2019,2019,Leukemias,35011-35043,75-79 years,75-79,White,2106-3,283,372587,76,67.4,85.3,4.5
,Pennsylvania,42,2019,2019,Leukemias,35011-35043,80-84 years,80-84,White,2106-3,232,252860,91.8,80.3,104.3,6
,Pennsylvania,42,2019,2019,Leukemias,35011-35043,85+ years,85+,White,2106-3,241,281066,85.7,75.3,97.3,5.5
,Pennsylvania,42,2019,2019,Myeloma,34000,45-49 years,45-49,Black or African American,2054-5,17,94644,18,10.5,28.8,4.4
,Pennsylvania,42,2019,2019,Myeloma,34000,45-49 years,45-49,White,2106-3,32,658570,4.9,3.3,6.9,0.9
,Pennsylvania,42,2019,2019,Myeloma,34000,50-54 years,50-54,Black or African American,2054-5,19,95796,19.8,11.9,31,4.6
,Pennsylvania,42,2019,2019,Myeloma,34000,50-54 years,50-54,White,2106-3,51,722803,7.1,5.3,9.3,1
,Pennsylvania,42,2019,2019,Myeloma,34000,55-59 years,55-59,Black or African American,2054-5,24,96219,24.9,16,37.1,5.1
,Pennsylvania,42,2019,2019,Myeloma,34000,55-59 years,55-59,White,2106-3,75,809328,9.3,7.3,11.6,1.1
,Pennsylvania,42,2019,2019,Myeloma,34000,60-64 years ,60-64,Black or African American,2054-5,37,85731,43.2,30.4,59.5,7.1
,Pennsylvania,42,2019,2019,Myeloma,34000,60-64 years ,60-64,White,2106-3,148,803157,18.4,15.6,21.6,1.5
,Pennsylvania,42,2019,2019,Myeloma,34000,65-69 years,65-69,Black or African American,2054-5,29,65175,44.5,29.8,63.9,8.3
,Pennsylvania,42,2019,2019,Myeloma,34000,65-69 years,65-69,White,2106-3,147,684097,21.5,18.2,25.3,1.8
,Pennsylvania,42,2019,2019,Myeloma,34000,70-74 years,70-74,Black or African American,2054-5,41,46144,88.9,63.8,120.5,13.9
,Pennsylvania,42,2019,2019,Myeloma,34000,70-74 years,70-74,White,2106-3,186,539897,34.5,29.7,39.8,2.5
,Pennsylvania,42,2019,2019,Myeloma,34000,75-79 years,75-79,Black or African American,2054-5,29,29994,96.7,64.8,138.9,18
,Pennsylvania,42,2019,2019,Myeloma,34000,75-79 years,75-79,White,2106-3,147,372587,39.5,33.3,46.4,3.3
,Pennsylvania,42,2019,2019,Myeloma,34000,80-84 years,80-84,Black or African American,2054-5,23,19641,117.1,74.2,175.7,24.4
,Pennsylvania,42,2019,2019,Myeloma,34000,80-84 years,80-84,White,2106-3,119,252860,47.1,39,56.3,4.3
,Pennsylvania,42,2019,2019,Myeloma,34000,85+ years,85+,White,2106-3,94,281066,33.4,27,40.9,3.4
,Pennsylvania,42,2019,2019,Stomach,21020,40-44 years,40-44,White,2106-3,18,602219,3,1.8,4.7,0.7
,Pennsylvania,42,2019,2019,Stomach,21020,45-49 years,45-49,White,2106-3,26,658570,3.9,2.6,5.8,0.8
,Pennsylvania,42,2019,2019,Stomach,21020,50-54 years,50-54,White,2106-3,40,722803,5.5,4,7.5,0.9
,Pennsylvania,42,2019,2019,Stomach,21020,55-59 years,55-59,White,2106-3,84,809328,10.4,8.3,12.8,1.1
,Pennsylvania,42,2019,2019,Stomach,21020,60-64 years ,60-64,Black or African American,2054-5,23,85731,26.8,17,40.3,5.6
,Pennsylvania,42,2019,2019,Stomach,21020,60-64 years ,60-64,White,2106-3,120,803157,14.9,12.4,17.9,1.4
,Pennsylvania,42,2019,2019,Stomach,21020,65-69 years,65-69,White,2106-3,137,684097,20,16.8,23.7,1.7
,Pennsylvania,42,2019,2019,Stomach,21020,70-74 years,70-74,White,2106-3,128,539897,23.7,19.8,28.2,2.1
,Pennsylvania,42,2019,2019,Stomach,21020,75-79 years,75-79,White,2106-3,124,372587,33.3,27.7,39.7,3
,Pennsylvania,42,2019,2019,Stomach,21020,80-84 years,80-84,White,2106-3,90,252860,35.6,28.6,43.7,3.8
,Pennsylvania,42,2019,2019,Stomach,21020,85+ years,85+,White,2106-3,99,281066,35.2,28.6,42.9,3.5
,Pennsylvania,42,2019,2019,Thyroid,32010,15-19 years,15-19,White,2106-3,27,656581,4.1,2.7,6,0.8
,Pennsylvania,42,2019,2019,Thyroid,32010,20-24 years,20-24,White,2106-3,67,629199,10.6,8.3,13.5,1.3
,Pennsylvania,42,2019,2019,Thyroid,32010,25-29 years,25-29,White,2106-3,104,662265,15.7,12.8,19,1.5
,Pennsylvania,42,2019,2019,Thyroid,32010,30-34 years,30-34,White,2106-3,121,682149,17.7,14.7,21.2,1.6
,Pennsylvania,42,2019,2019,Thyroid,32010,35-39 years,35-39,White,2106-3,160,657287,24.3,20.7,28.4,1.9
,Pennsylvania,42,2019,2019,Thyroid,32010,40-44 years,40-44,White,2106-3,180,602219,29.9,25.7,34.6,2.2
,Pennsylvania,42,2019,2019,Thyroid,32010,45-49 years,45-49,White,2106-3,189,658570,28.7,24.8,33.1,2.1
,Pennsylvania,42,2019,2019,Thyroid,32010,50-54 years,50-54,White,2106-3,222,722803,30.7,26.8,35,2.1
,Pennsylvania,42,2019,2019,Thyroid,32010,55-59 years,55-59,Black or African American,2054-5,24,96219,24.9,16,37.1,5.1
,Pennsylvania,42,2019,2019,Thyroid,32010,55-59 years,55-59,White,2106-3,220,809328,27.2,23.7,31,1.8
,Pennsylvania,42,2019,2019,Thyroid,32010,60-64 years ,60-64,Black or African American,2054-5,17,85731,19.8,11.6,31.7,4.8
,Pennsylvania,42,2019,2019,Thyroid,32010,60-64 years ,60-64,White,2106-3,238,803157,29.6,26,33.6,1.9
,Pennsylvania,42,2019,2019,Thyroid,32010,65-69 years,65-69,Black or African American,2054-5,22,65175,33.8,21.2,51.1,7.2
,Pennsylvania,42,2019,2019,Thyroid,32010,65-69 years,65-69,White,2106-3,199,684097,29.1,25.2,33.4,2.1
,Pennsylvania,42,2019,2019,Thyroid,32010,70-74 years,70-74,Black or African American,2054-5,18,46144,39,23.1,61.6,9.2
,Pennsylvania,42,2019,2019,Thyroid,32010,70-74 years,70-74,White,2106-3,143,539897,26.5,22.3,31.2,2.2
,Pennsylvania,42,2019,2019,Thyroid,32010,75-79 years,75-79,White,2106-3,110,372587,29.5,24.3,35.6,2.8
,Pennsylvania,42,2019,2019,Thyroid,32010,80-84 years,80-84,White,2106-3,54,252860,21.4,16,27.9,2.9
,Pennsylvania,42,2019,2019,Thyroid,32010,85+ years,85+,White,2106-3,32,281066,11.4,7.8,16.1,2
,Rhode Island,44,2019,2019,Colon and Rectum,21041-21052,45-49 years,45-49,White,2106-3,19,57606,33,19.9,51.5,7.6
,Rhode Island,44,2019,2019,Colon and Rectum,21041-21052,50-54 years,50-54,White,2106-3,37,65646,56.4,39.7,77.7,9.3
,Rhode Island,44,2019,2019,Colon and Rectum,21041-21052,55-59 years,55-59,White,2106-3,41,71865,57.1,40.9,77.4,8.9
,Rhode Island,44,2019,2019,Colon and Rectum,21041-21052,60-64 years ,60-64,White,2106-3,50,68757,72.7,54,95.9,10.3
,Rhode Island,44,2019,2019,Colon and Rectum,21041-21052,65-69 years,65-69,White,2106-3,51,56534,90.2,67.2,118.6,12.6
,Rhode Island,44,2019,2019,Colon and Rectum,21041-21052,70-74 years,70-74,White,2106-3,49,44809,109.4,80.9,144.6,15.6
,Rhode Island,44,2019,2019,Colon and Rectum,21041-21052,75-79 years,75-79,White,2106-3,41,30056,136.4,97.9,185.1,21.3
,Rhode Island,44,2019,2019,Colon and Rectum,21041-21052,80-84 years,80-84,White,2106-3,49,19618,249.8,184.8,330.2,35.7
,Rhode Island,44,2019,2019,Colon and Rectum,21041-21052,85+ years,85+,White,2106-3,60,24446,245.4,187.3,315.9,31.7
,Rhode Island,44,2019,2019,Leukemias,35011-35043,60-64 years ,60-64,White,2106-3,16,68757,23.3,13.3,37.8,5.8
,Rhode Island,44,2019,2019,Leukemias,35011-35043,65-69 years,65-69,White,2106-3,17,56534,30.1,17.5,48.1,7.3
,Rhode Island,44,2019,2019,Leukemias,35011-35043,70-74 years,70-74,White,2106-3,24,44809,53.6,34.3,79.7,10.9
,Rhode Island,44,2019,2019,Leukemias,35011-35043,75-79 years,75-79,White,2106-3,20,30056,66.5,40.6,102.8,14.9
,Rhode Island,44,2019,2019,Leukemias,35011-35043,80-84 years,80-84,White,2106-3,20,19618,101.9,62.3,157.4,22.8
,Rhode Island,44,2019,2019,Leukemias,35011-35043,85+ years,85+,White,2106-3,24,24446,98.2,62.9,146.1,20
,Rhode Island,44,2019,2019,Myeloma,34000,75-79 years,75-79,White,2106-3,16,30056,53.2,30.4,86.4,13.3
,Rhode Island,44,2019,2019,Thyroid,32010,35-39 years,35-39,White,2106-3,24,56910,42.2,27,62.7,8.6
,Rhode Island,44,2019,2019,Thyroid,32010,45-49 years,45-49,White,2106-3,16,57606,27.8,15.9,45.1,6.9
,Rhode Island,44,2019,2019,Thyroid,32010,50-54 years,50-54,White,2106-3,18,65646,27.4,16.3,43.3,6.5
,South Carolina,45,2019,2019,Brain and Other Nervous System,31010-31040,55-59 years,55-59,White,2106-3,29,249781,11.6,7.8,16.7,2.2
,South Carolina,45,2019,2019,Brain and Other Nervous System,31010-31040,60-64 years ,60-64,White,2106-3,38,242762,15.7,11.1,21.5,2.5
,South Carolina,45,2019,2019,Brain and Other Nervous System,31010-31040,65-69 years,65-69,White,2106-3,40,226713,17.6,12.6,24,2.8
,South Carolina,45,2019,2019,Brain and Other Nervous System,31010-31040,70-74 years,70-74,White,2106-3,53,197753,26.8,20.1,35.1,3.7
,South Carolina,45,2019,2019,Brain and Other Nervous System,31010-31040,75-79 years,75-79,White,2106-3,29,130847,22.2,14.8,31.8,4.1
,South Carolina,45,2019,2019,Brain and Other Nervous System,31010-31040,80-84 years,80-84,White,2106-3,19,76112,25,15,39,5.7
,South Carolina,45,2019,2019,Brain and Other Nervous System,31010-31040,85+ years,85+,White,2106-3,16,65549,24.4,14,39.6,6.1
,South Carolina,45,2019,2019,Colon and Rectum,21041-21052,30-34 years,30-34,White,2106-3,21,220132,9.5,5.9,14.6,2.1
,South Carolina,45,2019,2019,Colon and Rectum,21041-21052,35-39 years,35-39,Black or African American,2054-5,19,89780,21.2,12.7,33,4.9
,South Carolina,45,2019,2019,Colon and Rectum,21041-21052,35-39 years,35-39,White,2106-3,29,219057,13.2,8.9,19,2.5
,South Carolina,45,2019,2019,Colon and Rectum,21041-21052,40-44 years,40-44,White,2106-3,46,207213,22.2,16.3,29.6,3.3
,South Carolina,45,2019,2019,Colon and Rectum,21041-21052,45-49 years,45-49,Black or African American,2054-5,35,82679,42.3,29.5,58.9,7.2
,South Carolina,45,2019,2019,Colon and Rectum,21041-21052,45-49 years,45-49,White,2106-3,78,224423,34.8,27.5,43.4,3.9
,South Carolina,45,2019,2019,Colon and Rectum,21041-21052,50-54 years,50-54,Black or African American,2054-5,58,85007,68.2,51.8,88.2,9
,South Carolina,45,2019,2019,Colon and Rectum,21041-21052,50-54 years,50-54,White,2106-3,164,227068,72.2,61.6,84.2,5.6
,South Carolina,45,2019,2019,Colon and Rectum,21041-21052,55-59 years,55-59,Black or African American,2054-5,80,90257,88.6,70.3,110.3,9.9
,South Carolina,45,2019,2019,Colon and Rectum,21041-21052,55-59 years,55-59,White,2106-3,169,249781,67.7,57.8,78.7,5.2
,South Carolina,45,2019,2019,Colon and Rectum,21041-21052,60-64 years ,60-64,Black or African American,2054-5,68,84255,80.7,62.7,102.3,9.8
,South Carolina,45,2019,2019,Colon and Rectum,21041-21052,60-64 years ,60-64,White,2106-3,210,242762,86.5,75.2,99,6
,South Carolina,45,2019,2019,Colon and Rectum,21041-21052,65-69 years,65-69,Black or African American,2054-5,87,70540,123.3,98.8,152.1,13.2
,South Carolina,45,2019,2019,Colon and Rectum,21041-21052,65-69 years,65-69,White,2106-3,269,226713,118.7,104.9,133.7,7.2
,South Carolina,45,2019,2019,Colon and Rectum,21041-21052,70-74 years,70-74,Black or African American,2054-5,78,50727,153.8,121.5,191.9,17.4
,South Carolina,45,2019,2019,Colon and Rectum,21041-21052,70-74 years,70-74,White,2106-3,253,197753,127.9,112.7,144.7,8
,South Carolina,45,2019,2019,Colon and Rectum,21041-21052,75-79 years,75-79,Black or African American,2054-5,47,30355,154.8,113.8,205.9,22.6
,South Carolina,45,2019,2019,Colon and Rectum,21041-21052,75-79 years,75-79,White,2106-3,210,130847,160.5,139.5,183.7,11.1
,South Carolina,45,2019,2019,Colon and Rectum,21041-21052,80-84 years,80-84,Black or African American,2054-5,30,17808,168.5,113.7,240.5,30.8
,South Carolina,45,2019,2019,Colon and Rectum,21041-21052,80-84 years,80-84,White,2106-3,156,76112,205,174.1,239.8,16.4
,South Carolina,45,2019,2019,Colon and Rectum,21041-21052,85+ years,85+,Black or African American,2054-5,40,15657,255.5,182.5,347.9,40.4
,South Carolina,45,2019,2019,Colon and Rectum,21041-21052,85+ years,85+,White,2106-3,139,65549,212.1,178.3,250.4,18
,South Carolina,45,2019,2019,Leukemias,35011-35043,45-49 years,45-49,White,2106-3,19,224423,8.5,5.1,13.2,1.9
,South Carolina,45,2019,2019,Leukemias,35011-35043,50-54 years,50-54,White,2106-3,24,227068,10.6,6.8,15.7,2.2
,South Carolina,45,2019,2019,Leukemias,35011-35043,55-59 years,55-59,Black or African American,2054-5,21,90257,23.3,14.4,35.6,5.1
,South Carolina,45,2019,2019,Leukemias,35011-35043,55-59 years,55-59,White,2106-3,42,249781,16.8,12.1,22.7,2.6
,South Carolina,45,2019,2019,Leukemias,35011-35043,60-64 years ,60-64,White,2106-3,64,242762,26.4,20.3,33.7,3.3
,South Carolina,45,2019,2019,Leukemias,35011-35043,65-69 years,65-69,Black or African American,2054-5,21,70540,29.8,18.4,45.5,6.5
,South Carolina,45,2019,2019,Leukemias,35011-35043,65-69 years,65-69,White,2106-3,71,226713,31.3,24.5,39.5,3.7
,South Carolina,45,2019,2019,Leukemias,35011-35043,70-74 years,70-74,White,2106-3,103,197753,52.1,42.5,63.2,5.1
,South Carolina,45,2019,2019,Leukemias,35011-35043,75-79 years,75-79,White,2106-3,91,130847,69.5,56,85.4,7.3
,South Carolina,45,2019,2019,Leukemias,35011-35043,80-84 years,80-84,White,2106-3,60,76112,78.8,60.2,101.5,10.2
,South Carolina,45,2019,2019,Leukemias,35011-35043,85+ years,85+,White,2106-3,57,65549,87,65.9,112.7,11.5
,South Carolina,45,2019,2019,Myeloma,34000,50-54 years,50-54,Black or African American,2054-5,17,85007,20,11.6,32,4.9
,South Carolina,45,2019,2019,Myeloma,34000,55-59 years,55-59,White,2106-3,27,249781,10.8,7.1,15.7,2.1
,South Carolina,45,2019,2019,Myeloma,34000,60-64 years ,60-64,Black or African American,2054-5,24,84255,28.5,18.3,42.4,5.8
,South Carolina,45,2019,2019,Myeloma,34000,60-64 years ,60-64,White,2106-3,36,242762,14.8,10.4,20.5,2.5
,South Carolina,45,2019,2019,Myeloma,34000,65-69 years,65-69,Black or African American,2054-5,28,70540,39.7,26.4,57.4,7.5
,South Carolina,45,2019,2019,Myeloma,34000,65-69 years,65-69,White,2106-3,44,226713,19.4,14.1,26.1,2.9
,South Carolina,45,2019,2019,Myeloma,34000,70-74 years,70-74,Black or African American,2054-5,35,50727,69,48.1,96,11.7
,South Carolina,45,2019,2019,Myeloma,34000,70-74 years,70-74,White,2106-3,62,197753,31.4,24,40.2,4
,South Carolina,45,2019,2019,Myeloma,34000,75-79 years,75-79,Black or African American,2054-5,26,30355,85.7,56,125.5,16.8
,South Carolina,45,2019,2019,Myeloma,34000,75-79 years,75-79,White,2106-3,56,130847,42.8,32.3,55.6,5.7
,South Carolina,45,2019,2019,Myeloma,34000,80-84 years,80-84,White,2106-3,32,76112,42,28.8,59.4,7.4
,South Carolina,45,2019,2019,Myeloma,34000,85+ years,85+,White,2106-3,20,65549,30.5,18.6,47.1,6.8
,South Carolina,45,2019,2019,Stomach,21020,50-54 years,50-54,White,2106-3,18,227068,7.9,4.7,12.5,1.9
,South Carolina,45,2019,2019,Stomach,21020,55-59 years,55-59,White,2106-3,34,249781,13.6,9.4,19,2.3
,South Carolina,45,2019,2019,Stomach,21020,60-64 years ,60-64,Black or African American,2054-5,24,84255,28.5,18.3,42.4,5.8
,South Carolina,45,2019,2019,Stomach,21020,60-64 years ,60-64,White,2106-3,29,242762,11.9,8,17.2,2.2
,South Carolina,45,2019,2019,Stomach,21020,65-69 years,65-69,Black or African American,2054-5,22,70540,31.2,19.5,47.2,6.6
,South Carolina,45,2019,2019,Stomach,21020,65-69 years,65-69,White,2106-3,42,226713,18.5,13.4,25,2.9
,South Carolina,45,2019,2019,Stomach,21020,70-74 years,70-74,Black or African American,2054-5,22,50727,43.4,27.2,65.7,9.2
,South Carolina,45,2019,2019,Stomach,21020,70-74 years,70-74,White,2106-3,32,197753,16.2,11.1,22.8,2.9
,South Carolina,45,2019,2019,Stomach,21020,75-79 years,75-79,White,2106-3,35,130847,26.7,18.6,37.2,4.5
,South Carolina,45,2019,2019,Stomach,21020,80-84 years,80-84,White,2106-3,25,76112,32.8,21.3,48.5,6.6
,South Carolina,45,2019,2019,Stomach,21020,85+ years,85+,White,2106-3,23,65549,35.1,22.2,52.6,7.3
,South Carolina,45,2019,2019,Thyroid,32010,20-24 years,20-24,White,2106-3,17,210686,8.1,4.7,12.9,2
,South Carolina,45,2019,2019,Thyroid,32010,25-29 years,25-29,White,2106-3,17,221698,7.7,4.5,12.3,1.9
,South Carolina,45,2019,2019,Thyroid,32010,30-34 years,30-34,White,2106-3,29,220132,13.2,8.8,18.9,2.4
,South Carolina,45,2019,2019,Thyroid,32010,35-39 years,35-39,White,2106-3,35,219057,16,11.1,22.2,2.7
,South Carolina,45,2019,2019,Thyroid,32010,40-44 years,40-44,White,2106-3,39,207213,18.8,13.4,25.7,3
,South Carolina,45,2019,2019,Thyroid,32010,45-49 years,45-49,White,2106-3,44,224423,19.6,14.2,26.3,3
,South Carolina,45,2019,2019,Thyroid,32010,50-54 years,50-54,White,2106-3,49,227068,21.6,16,28.5,3.1
,South Carolina,45,2019,2019,Thyroid,32010,55-59 years,55-59,White,2106-3,47,249781,18.8,13.8,25,2.7
,South Carolina,45,2019,2019,Thyroid,32010,60-64 years ,60-64,White,2106-3,29,242762,11.9,8,17.2,2.2
,South Carolina,45,2019,2019,Thyroid,32010,65-69 years,65-69,White,2106-3,41,226713,18.1,13,24.5,2.8
,South Carolina,45,2019,2019,Thyroid,32010,70-74 years,70-74,White,2106-3,51,197753,25.8,19.2,33.9,3.6
,South Carolina,45,2019,2019,Thyroid,32010,75-79 years,75-79,White,2106-3,16,130847,12.2,7,19.9,3.1
,South Carolina,45,2019,2019,Thyroid,32010,80-84 years,80-84,White,2106-3,17,76112,22.3,13,35.8,5.4
,South Dakota,46,2019,2019,Colon and Rectum,21041-21052,45-49 years,45-49,White,2106-3,18,41310,43.6,25.8,68.9,10.3
,South Dakota,46,2019,2019,Colon and Rectum,21041-21052,50-54 years,50-54,White,2106-3,29,43323,66.9,44.8,96.1,12.4
,South Dakota,46,2019,2019,Colon and Rectum,21041-21052,55-59 years,55-59,White,2106-3,38,54335,69.9,49.5,96,11.3
,South Dakota,46,2019,2019,Colon and Rectum,21041-21052,60-64 years ,60-64,White,2106-3,50,54965,91,67.5,119.9,12.9
,South Dakota,46,2019,2019,Colon and Rectum,21041-21052,65-69 years,65-69,White,2106-3,51,49291,103.5,77,136,14.5
,South Dakota,46,2019,2019,Colon and Rectum,21041-21052,70-74 years,70-74,White,2106-3,51,34753,146.7,109.3,192.9,20.5
,South Dakota,46,2019,2019,Colon and Rectum,21041-21052,75-79 years,75-79,White,2106-3,50,22618,221.1,164.1,291.4,31.3
,South Dakota,46,2019,2019,Colon and Rectum,21041-21052,80-84 years,80-84,White,2106-3,41,15846,258.7,185.7,351,40.4
,South Dakota,46,2019,2019,Colon and Rectum,21041-21052,85+ years,85+,White,2106-3,64,19006,336.7,259.3,430,42.1
,South Dakota,46,2019,2019,Leukemias,35011-35043,60-64 years ,60-64,White,2106-3,19,54965,34.6,20.8,54,7.9
,South Dakota,46,2019,2019,Leukemias,35011-35043,65-69 years,65-69,White,2106-3,27,49291,54.8,36.1,79.7,10.5
,South Dakota,46,2019,2019,Leukemias,35011-35043,70-74 years,70-74,White,2106-3,30,34753,86.3,58.2,123.2,15.8
,South Dakota,46,2019,2019,Leukemias,35011-35043,75-79 years,75-79,White,2106-3,27,22618,119.4,78.7,173.7,23
,South Dakota,46,2019,2019,Thyroid,32010,40-44 years,40-44,White,2106-3,21,42979,48.9,30.2,74.7,10.7
,Tennessee,47,2019,2019,Brain and Other Nervous System,31010-31040,25-29 years,25-29,White,2106-3,16,370761,4.3,2.5,7,1.1
,Tennessee,47,2019,2019,Brain and Other Nervous System,31010-31040,35-39 years,35-39,White,2106-3,17,347823,4.9,2.8,7.8,1.2
,Tennessee,47,2019,2019,Brain and Other Nervous System,31010-31040,45-49 years,45-49,White,2106-3,19,357519,5.3,3.2,8.3,1.2
,Tennessee,47,2019,2019,Brain and Other Nervous System,31010-31040,50-54 years,50-54,White,2106-3,26,356555,7.3,4.8,10.7,1.4
,Tennessee,47,2019,2019,Brain and Other Nervous System,31010-31040,55-59 years,55-59,White,2106-3,40,382223,10.5,7.5,14.3,1.7
,Tennessee,47,2019,2019,Brain and Other Nervous System,31010-31040,60-64 years ,60-64,White,2106-3,47,360394,13,9.6,17.3,1.9
,Tennessee,47,2019,2019,Brain and Other Nervous System,31010-31040,65-69 years,65-69,White,2106-3,49,314423,15.6,11.5,20.6,2.2
,Tennessee,47,2019,2019,Brain and Other Nervous System,31010-31040,70-74 years,70-74,White,2106-3,64,264578,24.2,18.6,30.9,3
,Tennessee,47,2019,2019,Brain and Other Nervous System,31010-31040,75-79 years,75-79,White,2106-3,32,178545,17.9,12.3,25.3,3.2
,Tennessee,47,2019,2019,Brain and Other Nervous System,31010-31040,80-84 years,80-84,White,2106-3,27,109775,24.6,16.2,35.8,4.7
,Tennessee,47,2019,2019,Brain and Other Nervous System,31010-31040,85+ years,85+,White,2106-3,20,97310,20.6,12.6,31.7,4.6
,Tennessee,47,2019,2019,Colon and Rectum,21041-21052,30-34 years,30-34,White,2106-3,20,351138,5.7,3.5,8.8,1.3
,Tennessee,47,2019,2019,Colon and Rectum,21041-21052,35-39 years,35-39,White,2106-3,50,347823,14.4,10.7,19,2
,Tennessee,47,2019,2019,Colon and Rectum,21041-21052,40-44 years,40-44,Black or African American,2054-5,19,72174,26.3,15.8,41.1,6
,Tennessee,47,2019,2019,Colon and Rectum,21041-21052,40-44 years,40-44,White,2106-3,72,332285,21.7,17,27.3,2.6
,Tennessee,47,2019,2019,Colon and Rectum,21041-21052,45-49 years,45-49,Black or African American,2054-5,28,73034,38.3,25.5,55.4,7.2
,Tennessee,47,2019,2019,Colon and Rectum,21041-21052,45-49 years,45-49,White,2106-3,145,357519,40.6,34.2,47.7,3.4
,Tennessee,47,2019,2019,Colon and Rectum,21041-21052,50-54 years,50-54,Black or African American,2054-5,56,70601,79.3,59.9,103,10.6
,Tennessee,47,2019,2019,Colon and Rectum,21041-21052,50-54 years,50-54,White,2106-3,260,356555,72.9,64.3,82.3,4.5
,Tennessee,47,2019,2019,Colon and Rectum,21041-21052,55-59 years,55-59,Black or African American,2054-5,75,73074,102.6,80.7,128.7,11.9
,Tennessee,47,2019,2019,Colon and Rectum,21041-21052,55-59 years,55-59,White,2106-3,297,382223,77.7,69.1,87.1,4.5
,Tennessee,47,2019,2019,Colon and Rectum,21041-21052,60-64 years ,60-64,Black or African American,2054-5,77,66402,116,91.5,144.9,13.2
,Tennessee,47,2019,2019,Colon and Rectum,21041-21052,60-64 years ,60-64,White,2106-3,299,360394,83,73.8,92.9,4.8
,Tennessee,47,2019,2019,Colon and Rectum,21041-21052,65-69 years,65-69,Black or African American,2054-5,80,51768,154.5,122.5,192.3,17.3
,Tennessee,47,2019,2019,Colon and Rectum,21041-21052,65-69 years,65-69,White,2106-3,388,314423,123.4,111.4,136.3,6.3
,Tennessee,47,2019,2019,Colon and Rectum,21041-21052,70-74 years,70-74,Black or African American,2054-5,44,33425,131.6,95.6,176.7,19.8
,Tennessee,47,2019,2019,Colon and Rectum,21041-21052,70-74 years,70-74,White,2106-3,391,264578,147.8,133.5,163.2,7.5
,Tennessee,47,2019,2019,Colon and Rectum,21041-21052,75-79 years,75-79,Black or African American,2054-5,29,19665,147.5,98.8,211.8,27.4
,Tennessee,47,2019,2019,Colon and Rectum,21041-21052,75-79 years,75-79,White,2106-3,333,178545,186.5,167,207.7,10.2
,Tennessee,47,2019,2019,Colon and Rectum,21041-21052,80-84 years,80-84,Black or African American,2054-5,24,12079,198.7,127.3,295.6,40.6
,Tennessee,47,2019,2019,Colon and Rectum,21041-21052,80-84 years,80-84,White,2106-3,225,109775,205,179.1,233.6,13.7
,Tennessee,47,2019,2019,Colon and Rectum,21041-21052,85+ years,85+,Black or African American,2054-5,22,10978,200.4,125.6,303.4,42.7
,Tennessee,47,2019,2019,Colon and Rectum,21041-21052,85+ years,85+,White,2106-3,220,97310,226.1,197.2,258,15.2
,Tennessee,47,2019,2019,Leukemias,35011-35043,1-4 years,01-Apr,White,2106-3,22,246687,8.9,5.6,13.5,1.9
,Tennessee,47,2019,2019,Leukemias,35011-35043,40-44 years,40-44,White,2106-3,23,332285,6.9,4.4,10.4,1.4
,Tennessee,47,2019,2019,Leukemias,35011-35043,45-49 years,45-49,White,2106-3,28,357519,7.8,5.2,11.3,1.5
,Tennessee,47,2019,2019,Leukemias,35011-35043,50-54 years,50-54,White,2106-3,52,356555,14.6,10.9,19.1,2
,Tennessee,47,2019,2019,Leukemias,35011-35043,55-59 years,55-59,White,2106-3,80,382223,20.9,16.6,26,2.3
,Tennessee,47,2019,2019,Leukemias,35011-35043,60-64 years ,60-64,White,2106-3,85,360394,23.6,18.8,29.2,2.6
,Tennessee,47,2019,2019,Leukemias,35011-35043,65-69 years,65-69,White,2106-3,98,314423,31.2,25.3,38,3.1
,Tennessee,47,2019,2019,Leukemias,35011-35043,70-74 years,70-74,White,2106-3,134,264578,50.6,42.4,60,4.4
,Tennessee,47,2019,2019,Leukemias,35011-35043,75-79 years,75-79,White,2106-3,104,178545,58.2,47.6,70.6,5.7
,Tennessee,47,2019,2019,Leukemias,35011-35043,80-84 years,80-84,White,2106-3,75,109775,68.3,53.7,85.6,7.9
,Tennessee,47,2019,2019,Leukemias,35011-35043,85+ years,85+,White,2106-3,83,97310,85.3,67.9,105.7,9.4
,Tennessee,47,2019,2019,Myeloma,34000,50-54 years,50-54,White,2106-3,27,356555,7.6,5,11,1.5
,Tennessee,47,2019,2019,Myeloma,34000,55-59 years,55-59,White,2106-3,42,382223,11,7.9,14.9,1.7
,Tennessee,47,2019,2019,Myeloma,34000,60-64 years ,60-64,Black or African American,2054-5,20,66402,30.1,18.4,46.5,6.7
,Tennessee,47,2019,2019,Myeloma,34000,60-64 years ,60-64,White,2106-3,47,360394,13,9.6,17.3,1.9
,Tennessee,47,2019,2019,Myeloma,34000,65-69 years,65-69,Black or African American,2054-5,26,51768,50.2,32.8,73.6,9.8
,Tennessee,47,2019,2019,Myeloma,34000,65-69 years,65-69,White,2106-3,73,314423,23.2,18.2,29.2,2.7
,Tennessee,47,2019,2019,Myeloma,34000,70-74 years,70-74,Black or African American,2054-5,25,33425,74.8,48.4,110.4,15
,Tennessee,47,2019,2019,Myeloma,34000,70-74 years,70-74,White,2106-3,73,264578,27.6,21.6,34.7,3.2
,Tennessee,47,2019,2019,Myeloma,34000,75-79 years,75-79,Black or African American,2054-5,22,19665,111.9,70.1,169.4,23.9
,Tennessee,47,2019,2019,Myeloma,34000,75-79 years,75-79,White,2106-3,71,178545,39.8,31.1,50.2,4.7
,Tennessee,47,2019,2019,Myeloma,34000,80-84 years,80-84,White,2106-3,37,109775,33.7,23.7,46.5,5.5
,Tennessee,47,2019,2019,Myeloma,34000,85+ years,85+,White,2106-3,26,97310,26.7,17.5,39.1,5.2
,Tennessee,47,2019,2019,Stomach,21020,50-54 years,50-54,White,2106-3,31,356555,8.7,5.9,12.3,1.6
,Tennessee,47,2019,2019,Stomach,21020,55-59 years,55-59,White,2106-3,38,382223,9.9,7,13.6,1.6
,Tennessee,47,2019,2019,Stomach,21020,60-64 years ,60-64,Black or African American,2054-5,17,66402,25.6,14.9,41,6.2
,Tennessee,47,2019,2019,Stomach,21020,60-64 years ,60-64,White,2106-3,51,360394,14.2,10.5,18.6,2
,Tennessee,47,2019,2019,Stomach,21020,65-69 years,65-69,Black or African American,2054-5,16,51768,30.9,17.7,50.2,7.7
,Tennessee,47,2019,2019,Stomach,21020,65-69 years,65-69,White,2106-3,50,314423,15.9,11.8,21,2.2
,Tennessee,47,2019,2019,Stomach,21020,70-74 years,70-74,White,2106-3,65,264578,24.6,19,31.3,3
,Tennessee,47,2019,2019,Stomach,21020,75-79 years,75-79,White,2106-3,50,178545,28,20.8,36.9,4
,Tennessee,47,2019,2019,Stomach,21020,80-84 years,80-84,White,2106-3,28,109775,25.5,16.9,36.9,4.8
,Tennessee,47,2019,2019,Stomach,21020,85+ years,85+,White,2106-3,19,97310,19.5,11.8,30.5,4.5
,Tennessee,47,2019,2019,Thyroid,32010,20-24 years,20-24,White,2106-3,25,336881,7.4,4.8,11,1.5
,Tennessee,47,2019,2019,Thyroid,32010,25-29 years,25-29,White,2106-3,31,370761,8.4,5.7,11.9,1.5
,Tennessee,47,2019,2019,Thyroid,32010,30-34 years,30-34,White,2106-3,51,351138,14.5,10.8,19.1,2
,Tennessee,47,2019,2019,Thyroid,32010,35-39 years,35-39,White,2106-3,53,347823,15.2,11.4,19.9,2.1
,Tennessee,47,2019,2019,Thyroid,32010,40-44 years,40-44,White,2106-3,59,332285,17.8,13.5,22.9,2.3
,Tennessee,47,2019,2019,Thyroid,32010,45-49 years,45-49,White,2106-3,67,357519,18.7,14.5,23.8,2.3
,Tennessee,47,2019,2019,Thyroid,32010,50-54 years,50-54,White,2106-3,47,356555,13.2,9.7,17.5,1.9
,Tennessee,47,2019,2019,Thyroid,32010,55-59 years,55-59,White,2106-3,72,382223,18.8,14.7,23.7,2.2
,Tennessee,47,2019,2019,Thyroid,32010,60-64 years ,60-64,White,2106-3,75,360394,20.8,16.4,26.1,2.4
,Tennessee,47,2019,2019,Thyroid,32010,65-69 years,65-69,White,2106-3,69,314423,21.9,17.1,27.8,2.6
,Tennessee,47,2019,2019,Thyroid,32010,70-74 years,70-74,White,2106-3,64,264578,24.2,18.6,30.9,3
,Tennessee,47,2019,2019,Thyroid,32010,75-79 years,75-79,White,2106-3,33,178545,18.5,12.7,26,3.2
,Texas,48,2019,2019,Brain and Other Nervous System,31010-31040,1-4 years,01-Apr,White,2106-3,48,1242665,3.9,2.8,5.1,0.6
,Texas,48,2019,2019,Brain and Other Nervous System,31010-31040,5-9 years,05-Sep,White,2106-3,52,1608096,3.2,2.4,4.2,0.4
,Texas,48,2019,2019,Brain and Other Nervous System,31010-31040,10-14 years,Oct-14,White,2106-3,34,1709569,2,1.4,2.8,0.3
,Texas,48,2019,2019,Brain and Other Nervous System,31010-31040,15-19 years,15-19,White,2106-3,37,1647711,2.2,1.6,3.1,0.4
,Texas,48,2019,2019,Brain and Other Nervous System,31010-31040,20-24 years,20-24,White,2106-3,30,1546668,1.9,1.3,2.8,0.4
,Texas,48,2019,2019,Brain and Other Nervous System,31010-31040,25-29 years,25-29,White,2106-3,46,1625812,2.8,2.1,3.8,0.4
,Texas,48,2019,2019,Brain and Other Nervous System,31010-31040,30-34 years,30-34,White,2106-3,52,1611342,3.2,2.4,4.2,0.4
,Texas,48,2019,2019,Brain and Other Nervous System,31010-31040,35-39 years,35-39,White,2106-3,61,1608642,3.8,2.9,4.9,0.5
,Texas,48,2019,2019,Brain and Other Nervous System,31010-31040,40-44 years,40-44,White,2106-3,62,1464159,4.2,3.2,5.4,0.5
,Texas,48,2019,2019,Brain and Other Nervous System,31010-31040,45-49 years,45-49,White,2106-3,100,1459220,6.9,5.6,8.3,0.7
,Texas,48,2019,2019,Brain and Other Nervous System,31010-31040,50-54 years,50-54,White,2106-3,115,1360513,8.5,7,10.1,0.8
,Texas,48,2019,2019,Brain and Other Nervous System,31010-31040,55-59 years,55-59,White,2106-3,122,1405669,8.7,7.2,10.4,0.8
,Texas,48,2019,2019,Brain and Other Nervous System,31010-31040,60-64 years ,60-64,White,2106-3,153,1271111,12,10.2,14.1,1
,Texas,48,2019,2019,Brain and Other Nervous System,31010-31040,65-69 years,65-69,White,2106-3,188,1044984,18,15.5,20.8,1.3
,Texas,48,2019,2019,Brain and Other Nervous System,31010-31040,70-74 years,70-74,White,2106-3,167,823112,20.3,17.3,23.6,1.6
,Texas,48,2019,2019,Brain and Other Nervous System,31010-31040,75-79 years,75-79,White,2106-3,127,547456,23.2,19.3,27.6,2.1
,Texas,48,2019,2019,Brain and Other Nervous System,31010-31040,80-84 years,80-84,White,2106-3,73,347762,21,16.5,26.4,2.5
,Texas,48,2019,2019,Brain and Other Nervous System,31010-31040,85+ years,85+,White,2106-3,77,325449,23.7,18.7,29.6,2.7
,Texas,48,2019,2019,Colon and Rectum,21041-21052,15-19 years,15-19,White,2106-3,24,1647711,1.5,0.9,2.2,0.3
,Texas,48,2019,2019,Colon and Rectum,21041-21052,20-24 years,20-24,White,2106-3,32,1546668,2.1,1.4,2.9,0.4
,Texas,48,2019,2019,Colon and Rectum,21041-21052,25-29 years,25-29,White,2106-3,50,1625812,3.1,2.3,4.1,0.4
,Texas,48,2019,2019,Colon and Rectum,21041-21052,30-34 years,30-34,White,2106-3,101,1611342,6.3,5.1,7.6,0.6
,Texas,48,2019,2019,Colon and Rectum,21041-21052,35-39 years,35-39,Black or African American,2054-5,25,291585,8.6,5.5,12.7,1.7
,Texas,48,2019,2019,Colon and Rectum,21041-21052,35-39 years,35-39,White,2106-3,193,1608642,12,10.4,13.8,0.9
,Texas,48,2019,2019,Colon and Rectum,21041-21052,40-44 years,40-44,Asian or Pacific Islander,A-PI,19,138187,13.7,8.3,21.5,3.2
,Texas,48,2019,2019,Colon and Rectum,21041-21052,40-44 years,40-44,Black or African American,2054-5,58,258035,22.5,17.1,29.1,3
,Texas,48,2019,2019,Colon and Rectum,21041-21052,40-44 years,40-44,White,2106-3,296,1464159,20.2,18,22.7,1.2
,Texas,48,2019,2019,Colon and Rectum,21041-21052,45-49 years,45-49,Asian or Pacific Islander,A-PI,34,128865,26.4,18.3,36.9,4.5
,Texas,48,2019,2019,Colon and Rectum,21041-21052,45-49 years,45-49,Black or African American,2054-5,89,249834,35.6,28.6,43.8,3.8
,Texas,48,2019,2019,Colon and Rectum,21041-21052,45-49 years,45-49,White,2106-3,522,1459220,35.8,32.8,39,1.6
,Texas,48,2019,2019,Colon and Rectum,21041-21052,50-54 years,50-54,Asian or Pacific Islander,A-PI,53,100597,52.7,39.5,68.9,7.2
,Texas,48,2019,2019,Colon and Rectum,21041-21052,50-54 years,50-54,Black or African American,2054-5,168,227877,73.7,63,85.8,5.7
,Texas,48,2019,2019,Colon and Rectum,21041-21052,50-54 years,50-54,White,2106-3,885,1360513,65,60.8,69.5,2.2
,Texas,48,2019,2019,Colon and Rectum,21041-21052,55-59 years,55-59,Asian or Pacific Islander,A-PI,49,84839,57.8,42.7,76.4,8.3
,Texas,48,2019,2019,Colon and Rectum,21041-21052,55-59 years,55-59,Black or African American,2054-5,208,224449,92.7,80.5,106.2,6.4
,Texas,48,2019,2019,Colon and Rectum,21041-21052,55-59 years,55-59,White,2106-3,1056,1405669,75.1,70.7,79.8,2.3
,Texas,48,2019,2019,Colon and Rectum,21041-21052,60-64 years ,60-64,Asian or Pacific Islander,A-PI,65,72014,90.3,69.7,115,11.2
,Texas,48,2019,2019,Colon and Rectum,21041-21052,60-64 years ,60-64,Black or African American,2054-5,259,193777,133.7,117.9,151,8.3
,Texas,48,2019,2019,Colon and Rectum,21041-21052,60-64 years ,60-64,White,2106-3,1230,1271111,96.8,91.4,102.3,2.8
,Texas,48,2019,2019,Colon and Rectum,21041-21052,65-69 years,65-69,Asian or Pacific Islander,A-PI,57,59867,95.2,72.1,123.4,12.6
,Texas,48,2019,2019,Colon and Rectum,21041-21052,65-69 years,65-69,Black or African American,2054-5,247,142425,173.4,152.5,196.5,11
,Texas,48,2019,2019,Colon and Rectum,21041-21052,65-69 years,65-69,White,2106-3,1377,1044984,131.8,124.9,138.9,3.6
,Texas,48,2019,2019,Colon and Rectum,21041-21052,70-74 years,70-74,Asian or Pacific Islander,A-PI,53,43349,122.3,91.6,159.9,16.8
,Texas,48,2019,2019,Colon and Rectum,21041-21052,70-74 years,70-74,Black or African American,2054-5,168,94667,177.5,151.6,206.4,13.7
,Texas,48,2019,2019,Colon and Rectum,21041-21052,70-74 years,70-74,White,2106-3,1191,823112,144.7,136.6,153.2,4.2
,Texas,48,2019,2019,Colon and Rectum,21041-21052,75-79 years,75-79,Asian or Pacific Islander,A-PI,35,26590,131.6,91.7,183.1,22.2
,Texas,48,2019,2019,Colon and Rectum,21041-21052,75-79 years,75-79,Black or African American,2054-5,117,56046,208.8,172.6,250.2,19.3
,Texas,48,2019,2019,Colon and Rectum,21041-21052,75-79 years,75-79,White,2106-3,946,547456,172.8,162,184.2,5.6
,Texas,48,2019,2019,Colon and Rectum,21041-21052,80-84 years,80-84,Asian or Pacific Islander,A-PI,18,15225,118.2,70.1,186.8,27.9
,Texas,48,2019,2019,Colon and Rectum,21041-21052,80-84 years,80-84,Black or African American,2054-5,67,33240,201.6,156.2,256,24.6
,Texas,48,2019,2019,Colon and Rectum,21041-21052,80-84 years,80-84,White,2106-3,768,347762,220.8,205.5,237,8
,Texas,48,2019,2019,Colon and Rectum,21041-21052,85+ years,85+,Asian or Pacific Islander,A-PI,21,11673,179.9,111.4,275,39.3
,Texas,48,2019,2019,Colon and Rectum,21041-21052,85+ years,85+,Black or African American,2054-5,75,29849,251.3,197.6,315,29
,Texas,48,2019,2019,Colon and Rectum,21041-21052,85+ years,85+,White,2106-3,795,325449,244.3,227.6,261.9,8.7
,Texas,48,2019,2019,Leukemias,35011-35043,< 1 year,1,White,2106-3,16,286314,5.6,3.2,9.1,1.4
,Texas,48,2019,2019,Leukemias,35011-35043,1-4 years,01-Apr,White,2106-3,124,1242665,10,8.3,11.9,0.9
,Texas,48,2019,2019,Leukemias,35011-35043,5-9 years,05-Sep,White,2106-3,102,1608096,6.3,5.2,7.7,0.6
,Texas,48,2019,2019,Leukemias,35011-35043,10-14 years,Oct-14,White,2106-3,75,1709569,4.4,3.5,5.5,0.5
,Texas,48,2019,2019,Leukemias,35011-35043,15-19 years,15-19,White,2106-3,75,1647711,4.6,3.6,5.7,0.5
,Texas,48,2019,2019,Leukemias,35011-35043,20-24 years,20-24,White,2106-3,46,1546668,3,2.2,4,0.4
,Texas,48,2019,2019,Leukemias,35011-35043,25-29 years,25-29,White,2106-3,57,1625812,3.5,2.7,4.5,0.5
,Texas,48,2019,2019,Leukemias,35011-35043,30-34 years,30-34,White,2106-3,57,1611342,3.5,2.7,4.6,0.5
,Texas,48,2019,2019,Leukemias,35011-35043,35-39 years,35-39,White,2106-3,94,1608642,5.8,4.7,7.2,0.6
,Texas,48,2019,2019,Leukemias,35011-35043,40-44 years,40-44,Black or African American,2054-5,16,258035,6.2,3.5,10.1,1.6
,Texas,48,2019,2019,Leukemias,35011-35043,40-44 years,40-44,White,2106-3,92,1464159,6.3,5.1,7.7,0.7
,Texas,48,2019,2019,Leukemias,35011-35043,45-49 years,45-49,Black or African American,2054-5,23,249834,9.2,5.8,13.8,1.9
,Texas,48,2019,2019,Leukemias,35011-35043,45-49 years,45-49,White,2106-3,116,1459220,7.9,6.6,9.5,0.7
,Texas,48,2019,2019,Leukemias,35011-35043,50-54 years,50-54,Black or African American,2054-5,29,227877,12.7,8.5,18.3,2.4
,Texas,48,2019,2019,Leukemias,35011-35043,50-54 years,50-54,White,2106-3,178,1360513,13.1,11.2,15.2,1
,Texas,48,2019,2019,Leukemias,35011-35043,55-59 years,55-59,Black or African American,2054-5,52,224449,23.2,17.3,30.4,3.2
,Texas,48,2019,2019,Leukemias,35011-35043,55-59 years,55-59,White,2106-3,272,1405669,19.4,17.1,21.8,1.2
,Texas,48,2019,2019,Leukemias,35011-35043,60-64 years ,60-64,Black or African American,2054-5,50,193777,25.8,19.2,34,3.6
,Texas,48,2019,2019,Leukemias,35011-35043,60-64 years ,60-64,White,2106-3,360,1271111,28.3,25.5,31.4,1.5
,Texas,48,2019,2019,Leukemias,35011-35043,65-69 years,65-69,Black or African American,2054-5,45,142425,31.6,23,42.3,4.7
,Texas,48,2019,2019,Leukemias,35011-35043,65-69 years,65-69,White,2106-3,404,1044984,38.7,35,42.6,1.9
,Texas,48,2019,2019,Leukemias,35011-35043,70-74 years,70-74,Black or African American,2054-5,60,94667,63.4,48.4,81.6,8.2
,Texas,48,2019,2019,Leukemias,35011-35043,70-74 years,70-74,White,2106-3,485,823112,58.9,53.8,64.4,2.7
,Texas,48,2019,2019,Leukemias,35011-35043,75-79 years,75-79,Black or African American,2054-5,27,56046,48.2,31.7,70.1,9.3
,Texas,48,2019,2019,Leukemias,35011-35043,75-79 years,75-79,White,2106-3,412,547456,75.3,68.2,82.9,3.7
,Texas,48,2019,2019,Leukemias,35011-35043,80-84 years,80-84,White,2106-3,331,347762,95.2,85.2,106,5.2
,Texas,48,2019,2019,Leukemias,35011-35043,85+ years,85+,Black or African American,2054-5,25,29849,83.8,54.2,123.6,16.8
,Texas,48,2019,2019,Leukemias,35011-35043,85+ years,85+,White,2106-3,350,325449,107.5,96.6,119.4,5.7
,Texas,48,2019,2019,Myeloma,34000,40-44 years,40-44,White,2106-3,27,1464159,1.8,1.2,2.7,0.4
,Texas,48,2019,2019,Myeloma,34000,45-49 years,45-49,Black or African American,2054-5,32,249834,12.8,8.8,18.1,2.3
,Texas,48,2019,2019,Myeloma,34000,45-49 years,45-49,White,2106-3,53,1459220,3.6,2.7,4.8,0.5
,Texas,48,2019,2019,Myeloma,34000,50-54 years,50-54,Black or African American,2054-5,39,227877,17.1,12.2,23.4,2.7
,Texas,48,2019,2019,Myeloma,34000,50-54 years,50-54,White,2106-3,95,1360513,7,5.6,8.5,0.7
,Texas,48,2019,2019,Myeloma,34000,55-59 years,55-59,Black or African American,2054-5,53,224449,23.6,17.7,30.9,3.2
,Texas,48,2019,2019,Myeloma,34000,55-59 years,55-59,White,2106-3,178,1405669,12.7,10.9,14.7,0.9
,Texas,48,2019,2019,Myeloma,34000,60-64 years ,60-64,Black or African American,2054-5,88,193777,45.4,36.4,56,4.8
,Texas,48,2019,2019,Myeloma,34000,60-64 years ,60-64,White,2106-3,198,1271111,15.6,13.5,17.9,1.1
,Texas,48,2019,2019,Myeloma,34000,65-69 years,65-69,Asian or Pacific Islander,A-PI,18,59867,30.1,17.8,47.5,7.1
,Texas,48,2019,2019,Myeloma,34000,65-69 years,65-69,Black or African American,2054-5,93,142425,65.3,52.7,80,6.8
,Texas,48,2019,2019,Myeloma,34000,65-69 years,65-69,White,2106-3,298,1044984,28.5,25.4,31.9,1.7
,Texas,48,2019,2019,Myeloma,34000,70-74 years,70-74,Black or African American,2054-5,63,94667,66.5,51.1,85.1,8.4
,Texas,48,2019,2019,Myeloma,34000,70-74 years,70-74,White,2106-3,289,823112,35.1,31.2,39.4,2.1
,Texas,48,2019,2019,Myeloma,34000,75-79 years,75-79,Black or African American,2054-5,63,56046,112.4,86.4,143.8,14.2
,Texas,48,2019,2019,Myeloma,34000,75-79 years,75-79,White,2106-3,278,547456,50.8,45,57.1,3
,Texas,48,2019,2019,Myeloma,34000,80-84 years,80-84,Black or African American,2054-5,42,33240,126.4,91.1,170.8,19.5
,Texas,48,2019,2019,Myeloma,34000,80-84 years,80-84,White,2106-3,199,347762,57.2,49.5,65.7,4.1
,Texas,48,2019,2019,Myeloma,34000,85+ years,85+,Black or African American,2054-5,41,29849,137.4,98.6,186.3,21.5
,Texas,48,2019,2019,Myeloma,34000,85+ years,85+,White,2106-3,148,325449,45.5,38.4,53.4,3.7
,Texas,48,2019,2019,Stomach,21020,30-34 years,30-34,White,2106-3,18,1611342,1.1,0.7,1.8,0.3
,Texas,48,2019,2019,Stomach,21020,35-39 years,35-39,White,2106-3,27,1608642,1.7,1.1,2.4,0.3
,Texas,48,2019,2019,Stomach,21020,40-44 years,40-44,White,2106-3,64,1464159,4.4,3.4,5.6,0.5
,Texas,48,2019,2019,Stomach,21020,45-49 years,45-49,White,2106-3,80,1459220,5.5,4.3,6.8,0.6
,Texas,48,2019,2019,Stomach,21020,50-54 years,50-54,Black or African American,2054-5,23,227877,10.1,6.4,15.1,2.1
,Texas,48,2019,2019,Stomach,21020,50-54 years,50-54,White,2106-3,114,1360513,8.4,6.9,10.1,0.8
,Texas,48,2019,2019,Stomach,21020,55-59 years,55-59,Asian or Pacific Islander,A-PI,17,84839,20,11.7,32.1,4.9
,Texas,48,2019,2019,Stomach,21020,55-59 years,55-59,Black or African American,2054-5,35,224449,15.6,10.9,21.7,2.6
,Texas,48,2019,2019,Stomach,21020,55-59 years,55-59,White,2106-3,146,1405669,10.4,8.8,12.2,0.9
,Texas,48,2019,2019,Stomach,21020,60-64 years ,60-64,Black or African American,2054-5,50,193777,25.8,19.2,34,3.6
,Texas,48,2019,2019,Stomach,21020,60-64 years ,60-64,White,2106-3,214,1271111,16.8,14.7,19.2,1.2
,Texas,48,2019,2019,Stomach,21020,65-69 years,65-69,Black or African American,2054-5,48,142425,33.7,24.8,44.7,4.9
,Texas,48,2019,2019,Stomach,21020,65-69 years,65-69,White,2106-3,230,1044984,22,19.3,25,1.5
,Texas,48,2019,2019,Stomach,21020,70-74 years,70-74,Black or African American,2054-5,40,94667,42.3,30.2,57.5,6.7
,Texas,48,2019,2019,Stomach,21020,70-74 years,70-74,White,2106-3,225,823112,27.3,23.9,31.2,1.8
,Texas,48,2019,2019,Stomach,21020,75-79 years,75-79,Black or African American,2054-5,42,56046,74.9,54,101.3,11.6
,Texas,48,2019,2019,Stomach,21020,75-79 years,75-79,White,2106-3,170,547456,31.1,26.6,36.1,2.4
,Texas,48,2019,2019,Stomach,21020,80-84 years,80-84,Black or African American,2054-5,25,33240,75.2,48.7,111,15
,Texas,48,2019,2019,Stomach,21020,80-84 years,80-84,White,2106-3,140,347762,40.3,33.9,47.5,3.4
,Texas,48,2019,2019,Stomach,21020,85+ years,85+,Black or African American,2054-5,16,29849,53.6,30.6,87,13.4
,Texas,48,2019,2019,Stomach,21020,85+ years,85+,White,2106-3,129,325449,39.6,33.1,47.1,3.5
,Texas,48,2019,2019,Thyroid,32010,10-14 years,Oct-14,White,2106-3,18,1709569,1.1,0.6,1.7,0.2
,Texas,48,2019,2019,Thyroid,32010,15-19 years,15-19,White,2106-3,61,1647711,3.7,2.8,4.8,0.5
,Texas,48,2019,2019,Thyroid,32010,20-24 years,20-24,White,2106-3,101,1546668,6.5,5.3,7.9,0.6
,Texas,48,2019,2019,Thyroid,32010,25-29 years,25-29,White,2106-3,165,1625812,10.1,8.7,11.8,0.8
,Texas,48,2019,2019,Thyroid,32010,30-34 years,30-34,Asian or Pacific Islander,A-PI,23,147479,15.6,9.9,23.4,3.3
,Texas,48,2019,2019,Thyroid,32010,30-34 years,30-34,White,2106-3,244,1611342,15.1,13.3,17.2,1
,Texas,48,2019,2019,Thyroid,32010,35-39 years,35-39,Asian or Pacific Islander,A-PI,27,151128,17.9,11.8,26,3.4
,Texas,48,2019,2019,Thyroid,32010,35-39 years,35-39,Black or African American,2054-5,20,291585,6.9,4.2,10.6,1.5
,Texas,48,2019,2019,Thyroid,32010,35-39 years,35-39,White,2106-3,250,1608642,15.5,13.7,17.6,1
,Texas,48,2019,2019,Thyroid,32010,40-44 years,40-44,Asian or Pacific Islander,A-PI,24,138187,17.4,11.1,25.8,3.5
,Texas,48,2019,2019,Thyroid,32010,40-44 years,40-44,White,2106-3,308,1464159,21,18.8,23.5,1.2
,Texas,48,2019,2019,Thyroid,32010,45-49 years,45-49,Asian or Pacific Islander,A-PI,25,128865,19.4,12.6,28.6,3.9
,Texas,48,2019,2019,Thyroid,32010,45-49 years,45-49,Black or African American,2054-5,26,249834,10.4,6.8,15.2,2
,Texas,48,2019,2019,Thyroid,32010,45-49 years,45-49,White,2106-3,326,1459220,22.3,20,24.9,1.2
,Texas,48,2019,2019,Thyroid,32010,50-54 years,50-54,Asian or Pacific Islander,A-PI,22,100597,21.9,13.7,33.1,4.7
,Texas,48,2019,2019,Thyroid,32010,50-54 years,50-54,Black or African American,2054-5,39,227877,17.1,12.2,23.4,2.7
,Texas,48,2019,2019,Thyroid,32010,50-54 years,50-54,White,2106-3,310,1360513,22.8,20.3,25.5,1.3
,Texas,48,2019,2019,Thyroid,32010,55-59 years,55-59,Asian or Pacific Islander,A-PI,20,84839,23.6,14.4,36.4,5.3
,Texas,48,2019,2019,Thyroid,32010,55-59 years,55-59,Black or African American,2054-5,29,224449,12.9,8.7,18.6,2.4
,Texas,48,2019,2019,Thyroid,32010,55-59 years,55-59,White,2106-3,300,1405669,21.3,19,23.9,1.2
,Texas,48,2019,2019,Thyroid,32010,60-64 years ,60-64,Black or African American,2054-5,32,193777,16.5,11.3,23.3,2.9
,Texas,48,2019,2019,Thyroid,32010,60-64 years ,60-64,White,2106-3,286,1271111,22.5,20,25.3,1.3
,Texas,48,2019,2019,Thyroid,32010,65-69 years,65-69,Black or African American,2054-5,33,142425,23.2,15.9,32.5,4
,Texas,48,2019,2019,Thyroid,32010,65-69 years,65-69,White,2106-3,282,1044984,27,23.9,30.3,1.6
,Texas,48,2019,2019,Thyroid,32010,70-74 years,70-74,Black or African American,2054-5,17,94667,18,10.5,28.8,4.4
,Texas,48,2019,2019,Thyroid,32010,70-74 years,70-74,White,2106-3,182,823112,22.1,19,25.6,1.6
,Texas,48,2019,2019,Thyroid,32010,75-79 years,75-79,White,2106-3,117,547456,21.4,17.7,25.6,2
,Texas,48,2019,2019,Thyroid,32010,80-84 years,80-84,White,2106-3,65,347762,18.7,14.4,23.8,2.3
,Texas,48,2019,2019,Thyroid,32010,85+ years,85+,White,2106-3,51,325449,15.7,11.7,20.6,2.2
,Utah,49,2019,2019,Brain and Other Nervous System,31010-31040,65-69 years,65-69,White,2106-3,20,118254,16.9,10.3,26.1,3.8
,Utah,49,2019,2019,Brain and Other Nervous System,31010-31040,70-74 years,70-74,White,2106-3,23,89891,25.6,16.2,38.4,5.3
,Utah,49,2019,2019,Colon and Rectum,21041-21052,30-34 years,30-34,White,2106-3,19,199797,9.5,5.7,14.9,2.2
,Utah,49,2019,2019,Colon and Rectum,21041-21052,35-39 years,35-39,White,2106-3,24,216146,11.1,7.1,16.5,2.3
,Utah,49,2019,2019,Colon and Rectum,21041-21052,40-44 years,40-44,White,2106-3,39,200224,19.5,13.9,26.6,3.1
,Utah,49,2019,2019,Colon and Rectum,21041-21052,45-49 years,45-49,White,2106-3,56,166309,33.7,25.4,43.7,4.5
,Utah,49,2019,2019,Colon and Rectum,21041-21052,50-54 years,50-54,White,2106-3,91,142512,63.9,51.4,78.4,6.7
,Utah,49,2019,2019,Colon and Rectum,21041-21052,55-59 years,55-59,White,2106-3,65,147579,44,34,56.1,5.5
,Utah,49,2019,2019,Colon and Rectum,21041-21052,60-64 years ,60-64,White,2106-3,90,140019,64.3,51.7,79,6.8
,Utah,49,2019,2019,Colon and Rectum,21041-21052,65-69 years,65-69,White,2106-3,85,118254,71.9,57.4,88.9,7.8
,Utah,49,2019,2019,Colon and Rectum,21041-21052,70-74 years,70-74,White,2106-3,109,89891,121.3,99.6,146.3,11.6
,Utah,49,2019,2019,Colon and Rectum,21041-21052,75-79 years,75-79,White,2106-3,68,61030,111.4,86.5,141.3,13.5
,Utah,49,2019,2019,Colon and Rectum,21041-21052,80-84 years,80-84,White,2106-3,58,38529,150.5,114.3,194.6,19.8
,Utah,49,2019,2019,Colon and Rectum,21041-21052,85+ years,85+,White,2106-3,53,33636,157.6,118,206.1,21.6
,Utah,49,2019,2019,Leukemias,35011-35043,45-49 years,45-49,White,2106-3,21,166309,12.6,7.8,19.3,2.8
,Utah,49,2019,2019,Leukemias,35011-35043,50-54 years,50-54,White,2106-3,19,142512,13.3,8,20.8,3.1
,Utah,49,2019,2019,Leukemias,35011-35043,55-59 years,55-59,White,2106-3,35,147579,23.7,16.5,33,4
,Utah,49,2019,2019,Leukemias,35011-35043,60-64 years ,60-64,White,2106-3,44,140019,31.4,22.8,42.2,4.7
,Utah,49,2019,2019,Leukemias,35011-35043,65-69 years,65-69,White,2106-3,40,118254,33.8,24.2,46.1,5.3
,Utah,49,2019,2019,Leukemias,35011-35043,70-74 years,70-74,White,2106-3,57,89891,63.4,48,82.2,8.4
,Utah,49,2019,2019,Leukemias,35011-35043,75-79 years,75-79,White,2106-3,47,61030,77,56.6,102.4,11.2
,Utah,49,2019,2019,Leukemias,35011-35043,80-84 years,80-84,White,2106-3,30,38529,77.9,52.5,111.2,14.2
,Utah,49,2019,2019,Leukemias,35011-35043,85+ years,85+,White,2106-3,46,33636,136.8,100.1,182.4,20.2
,Utah,49,2019,2019,Myeloma,34000,55-59 years,55-59,White,2106-3,18,147579,12.2,7.2,19.3,2.9
,Utah,49,2019,2019,Myeloma,34000,60-64 years ,60-64,White,2106-3,25,140019,17.9,11.6,26.4,3.6
,Utah,49,2019,2019,Myeloma,34000,65-69 years,65-69,White,2106-3,29,118254,24.5,16.4,35.2,4.6
,Utah,49,2019,2019,Myeloma,34000,70-74 years,70-74,White,2106-3,38,89891,42.3,29.9,58,6.9
,Utah,49,2019,2019,Myeloma,34000,75-79 years,75-79,White,2106-3,30,61030,49.2,33.2,70.2,9
,Utah,49,2019,2019,Myeloma,34000,80-84 years,80-84,White,2106-3,16,38529,41.5,23.7,67.4,10.4
,Utah,49,2019,2019,Myeloma,34000,85+ years,85+,White,2106-3,17,33636,50.5,29.4,80.9,12.3
,Utah,49,2019,2019,Stomach,21020,70-74 years,70-74,White,2106-3,17,89891,18.9,11,30.3,4.6
,Utah,49,2019,2019,Stomach,21020,75-79 years,75-79,White,2106-3,20,61030,32.8,20,50.6,7.3
,Utah,49,2019,2019,Thyroid,32010,20-24 years,20-24,White,2106-3,19,240620,7.9,4.8,12.3,1.8
,Utah,49,2019,2019,Thyroid,32010,25-29 years,25-29,White,2106-3,38,222670,17.1,12.1,23.4,2.8
,Utah,49,2019,2019,Thyroid,32010,30-34 years,30-34,White,2106-3,42,199797,21,15.2,28.4,3.2
,Utah,49,2019,2019,Thyroid,32010,35-39 years,35-39,White,2106-3,58,216146,26.8,20.4,34.7,3.5
,Utah,49,2019,2019,Thyroid,32010,40-44 years,40-44,White,2106-3,50,200224,25,18.5,32.9,3.5
,Utah,49,2019,2019,Thyroid,32010,45-49 years,45-49,White,2106-3,52,166309,31.3,23.4,41,4.3
,Utah,49,2019,2019,Thyroid,32010,50-54 years,50-54,White,2106-3,35,142512,24.6,17.1,34.2,4.2
,Utah,49,2019,2019,Thyroid,32010,55-59 years,55-59,White,2106-3,37,147579,25.1,17.7,34.6,4.1
,Utah,49,2019,2019,Thyroid,32010,60-64 years ,60-64,White,2106-3,39,140019,27.9,19.8,38.1,4.5
,Utah,49,2019,2019,Thyroid,32010,65-69 years,65-69,White,2106-3,29,118254,24.5,16.4,35.2,4.6
,Utah,49,2019,2019,Thyroid,32010,70-74 years,70-74,White,2106-3,27,89891,30,19.8,43.7,5.8
,Vermont,50,2019,2019,Colon and Rectum,21041-21052,50-54 years,50-54,White,2106-3,18,40945,44,26.1,69.5,10.4
,Vermont,50,2019,2019,Colon and Rectum,21041-21052,55-59 years,55-59,White,2106-3,22,48256,45.6,28.6,69,9.7
,Vermont,50,2019,2019,Colon and Rectum,21041-21052,60-64 years ,60-64,White,2106-3,36,48514,74.2,52,102.7,12.4
,Vermont,50,2019,2019,Colon and Rectum,21041-21052,65-69 years,65-69,White,2106-3,43,42514,101.1,73.2,136.2,15.4
,Vermont,50,2019,2019,Colon and Rectum,21041-21052,70-74 years,70-74,White,2106-3,36,33204,108.4,75.9,150.1,18.1
,Vermont,50,2019,2019,Colon and Rectum,21041-21052,75-79 years,75-79,White,2106-3,36,21501,167.4,117.3,231.8,27.9
,Vermont,50,2019,2019,Colon and Rectum,21041-21052,80-84 years,80-84,White,2106-3,27,12912,209.1,137.8,304.2,40.2
,Vermont,50,2019,2019,Colon and Rectum,21041-21052,85+ years,85+,White,2106-3,26,13178,197.3,128.9,289.1,38.7
,Vermont,50,2019,2019,Leukemias,35011-35043,60-64 years ,60-64,White,2106-3,18,48514,37.1,22,58.6,8.7
,Vermont,50,2019,2019,Leukemias,35011-35043,65-69 years,65-69,White,2106-3,16,42514,37.6,21.5,61.1,9.4
,Vermont,50,2019,2019,Leukemias,35011-35043,70-74 years,70-74,White,2106-3,17,33204,51.2,29.8,82,12.4
,Vermont,50,2019,2019,Thyroid,32010,45-49 years,45-49,White,2106-3,16,37166,43.1,24.6,69.9,10.8
,Virginia,51,2019,2019,Brain and Other Nervous System,31010-31040,30-34 years,30-34,White,2106-3,20,404594,4.9,3,7.6,1.1
,Virginia,51,2019,2019,Brain and Other Nervous System,31010-31040,35-39 years,35-39,White,2106-3,26,408639,6.4,4.2,9.3,1.2
,Virginia,51,2019,2019,Brain and Other Nervous System,31010-31040,40-44 years,40-44,White,2106-3,21,372827,5.6,3.5,8.6,1.2
,Virginia,51,2019,2019,Brain and Other Nervous System,31010-31040,45-49 years,45-49,White,2106-3,22,391600,5.6,3.5,8.5,1.2
,Virginia,51,2019,2019,Brain and Other Nervous System,31010-31040,50-54 years,50-54,White,2106-3,40,401880,10,7.1,13.6,1.6
,Virginia,51,2019,2019,Brain and Other Nervous System,31010-31040,55-59 years,55-59,White,2106-3,43,434954,9.9,7.2,13.3,1.5
,Virginia,51,2019,2019,Brain and Other Nervous System,31010-31040,60-64 years ,60-64,White,2106-3,58,395597,14.7,11.1,19,1.9
,Virginia,51,2019,2019,Brain and Other Nervous System,31010-31040,65-69 years,65-69,White,2106-3,62,335543,18.5,14.2,23.7,2.3
,Virginia,51,2019,2019,Brain and Other Nervous System,31010-31040,70-74 years,70-74,White,2106-3,44,281352,15.6,11.4,21,2.4
,Virginia,51,2019,2019,Brain and Other Nervous System,31010-31040,75-79 years,75-79,White,2106-3,38,190180,20,14.1,27.4,3.2
,Virginia,51,2019,2019,Brain and Other Nervous System,31010-31040,80-84 years,80-84,White,2106-3,25,118087,21.2,13.7,31.3,4.2
,Virginia,51,2019,2019,Brain and Other Nervous System,31010-31040,85+ years,85+,White,2106-3,32,115096,27.8,19,39.2,4.9
,Virginia,51,2019,2019,Colon and Rectum,21041-21052,30-34 years,30-34,White,2106-3,34,404594,8.4,5.8,11.7,1.4
,Virginia,51,2019,2019,Colon and Rectum,21041-21052,35-39 years,35-39,Black or African American,2054-5,18,122826,14.7,8.7,23.2,3.5
,Virginia,51,2019,2019,Colon and Rectum,21041-21052,35-39 years,35-39,White,2106-3,47,408639,11.5,8.5,15.3,1.7
,Virginia,51,2019,2019,Colon and Rectum,21041-21052,40-44 years,40-44,Black or African American,2054-5,21,109274,19.2,11.9,29.4,4.2
,Virginia,51,2019,2019,Colon and Rectum,21041-21052,40-44 years,40-44,White,2106-3,86,372827,23.1,18.5,28.5,2.5
,Virginia,51,2019,2019,Colon and Rectum,21041-21052,45-49 years,45-49,Black or African American,2054-5,34,108799,31.3,21.6,43.7,5.4
,Virginia,51,2019,2019,Colon and Rectum,21041-21052,45-49 years,45-49,White,2106-3,145,391600,37,31.2,43.6,3.1
,Virginia,51,2019,2019,Colon and Rectum,21041-21052,50-54 years,50-54,Asian or Pacific Islander,A-PI,22,41658,52.8,33.1,80,11.3
,Virginia,51,2019,2019,Colon and Rectum,21041-21052,50-54 years,50-54,Black or African American,2054-5,82,114108,71.9,57.2,89.2,7.9
,Virginia,51,2019,2019,Colon and Rectum,21041-21052,50-54 years,50-54,White,2106-3,226,401880,56.2,49.1,64.1,3.7
,Virginia,51,2019,2019,Colon and Rectum,21041-21052,55-59 years,55-59,Black or African American,2054-5,81,119390,67.8,53.9,84.3,7.5
,Virginia,51,2019,2019,Colon and Rectum,21041-21052,55-59 years,55-59,White,2106-3,246,434954,56.6,49.7,64.1,3.6
,Virginia,51,2019,2019,Colon and Rectum,21041-21052,55-59 years,55-59,Other Races and Unknown combined,2131-1,19,Not Applicable,Not Applicable,Not Applicable,Not Applicable,Not Applicable
,Virginia,51,2019,2019,Colon and Rectum,21041-21052,60-64 years ,60-64,Black or African American,2054-5,100,105290,95,77.3,115.5,9.5
,Virginia,51,2019,2019,Colon and Rectum,21041-21052,60-64 years ,60-64,White,2106-3,275,395597,69.5,61.5,78.2,4.2
,Virginia,51,2019,2019,Colon and Rectum,21041-21052,65-69 years,65-69,Black or African American,2054-5,97,80964,119.8,97.2,146.2,12.2
,Virginia,51,2019,2019,Colon and Rectum,21041-21052,65-69 years,65-69,White,2106-3,349,335543,104,93.4,115.5,5.6
,Virginia,51,2019,2019,Colon and Rectum,21041-21052,70-74 years,70-74,Asian or Pacific Islander,A-PI,21,18497,113.5,70.3,173.5,24.8
,Virginia,51,2019,2019,Colon and Rectum,21041-21052,70-74 years,70-74,Black or African American,2054-5,78,56322,138.5,109.5,172.8,15.7
,Virginia,51,2019,2019,Colon and Rectum,21041-21052,70-74 years,70-74,White,2106-3,354,281352,125.8,113.1,139.6,6.7
,Virginia,51,2019,2019,Colon and Rectum,21041-21052,75-79 years,75-79,Black or African American,2054-5,56,35964,155.7,117.6,202.2,20.8
,Virginia,51,2019,2019,Colon and Rectum,21041-21052,75-79 years,75-79,White,2106-3,314,190180,165.1,147.3,184.4,9.3
,Virginia,51,2019,2019,Colon and Rectum,21041-21052,80-84 years,80-84,Black or African American,2054-5,38,22546,168.5,119.3,231.3,27.3
,Virginia,51,2019,2019,Colon and Rectum,21041-21052,80-84 years,80-84,White,2106-3,234,118087,198.2,173.6,225.2,13
,Virginia,51,2019,2019,Colon and Rectum,21041-21052,85+ years,85+,Black or African American,2054-5,57,20490,278.2,210.7,360.4,36.8
,Virginia,51,2019,2019,Colon and Rectum,21041-21052,85+ years,85+,White,2106-3,237,115096,205.9,180.5,233.9,13.4
,Virginia,51,2019,2019,Leukemias,35011-35043,1-4 years,01-Apr,White,2106-3,26,276108,9.4,6.2,13.8,1.8
,Virginia,51,2019,2019,Leukemias,35011-35043,40-44 years,40-44,White,2106-3,19,372827,5.1,3.1,8,1.2
,Virginia,51,2019,2019,Leukemias,35011-35043,45-49 years,45-49,White,2106-3,38,391600,9.7,6.9,13.3,1.6
,Virginia,51,2019,2019,Leukemias,35011-35043,50-54 years,50-54,White,2106-3,33,401880,8.2,5.7,11.5,1.4
,Virginia,51,2019,2019,Leukemias,35011-35043,55-59 years,55-59,White,2106-3,64,434954,14.7,11.3,18.8,1.8
,Virginia,51,2019,2019,Leukemias,35011-35043,60-64 years ,60-64,Black or African American,2054-5,21,105290,19.9,12.3,30.5,4.4
,Virginia,51,2019,2019,Leukemias,35011-35043,60-64 years ,60-64,White,2106-3,101,395597,25.5,20.8,31,2.5
,Virginia,51,2019,2019,Leukemias,35011-35043,65-69 years,65-69,White,2106-3,118,335543,35.2,29.1,42.1,3.2
,Virginia,51,2019,2019,Leukemias,35011-35043,70-74 years,70-74,Black or African American,2054-5,22,56322,39.1,24.5,59.1,8.3
,Virginia,51,2019,2019,Leukemias,35011-35043,70-74 years,70-74,White,2106-3,132,281352,46.9,39.3,55.6,4.1
,Virginia,51,2019,2019,Leukemias,35011-35043,75-79 years,75-79,Black or African American,2054-5,17,35964,47.3,27.5,75.7,11.5
,Virginia,51,2019,2019,Leukemias,35011-35043,75-79 years,75-79,White,2106-3,128,190180,67.3,56.2,80,5.9
,Virginia,51,2019,2019,Leukemias,35011-35043,80-84 years,80-84,White,2106-3,91,118087,77.1,62,94.6,8.1
,Virginia,51,2019,2019,Leukemias,35011-35043,85+ years,85+,White,2106-3,95,115096,82.5,66.8,100.9,8.5
,Virginia,51,2019,2019,Myeloma,34000,50-54 years,50-54,Black or African American,2054-5,17,114108,14.9,8.7,23.9,3.6
,Virginia,51,2019,2019,Myeloma,34000,50-54 years,50-54,White,2106-3,26,401880,6.5,4.2,9.5,1.3
,Virginia,51,2019,2019,Myeloma,34000,55-59 years,55-59,Black or African American,2054-5,29,119390,24.3,16.3,34.9,4.5
,Virginia,51,2019,2019,Myeloma,34000,55-59 years,55-59,White,2106-3,44,434954,10.1,7.4,13.6,1.5
,Virginia,51,2019,2019,Myeloma,34000,60-64 years ,60-64,Black or African American,2054-5,36,105290,34.2,23.9,47.3,5.7
,Virginia,51,2019,2019,Myeloma,34000,60-64 years ,60-64,White,2106-3,49,395597,12.4,9.2,16.4,1.8
,Virginia,51,2019,2019,Myeloma,34000,65-69 years,65-69,Black or African American,2054-5,45,80964,55.6,40.5,74.4,8.3
,Virginia,51,2019,2019,Myeloma,34000,65-69 years,65-69,White,2106-3,68,335543,20.3,15.7,25.7,2.5
,Virginia,51,2019,2019,Myeloma,34000,70-74 years,70-74,Black or African American,2054-5,38,56322,67.5,47.7,92.6,10.9
,Virginia,51,2019,2019,Myeloma,34000,70-74 years,70-74,White,2106-3,87,281352,30.9,24.8,38.1,3.3
,Virginia,51,2019,2019,Myeloma,34000,75-79 years,75-79,Black or African American,2054-5,34,35964,94.5,65.5,132.1,16.2
,Virginia,51,2019,2019,Myeloma,34000,75-79 years,75-79,White,2106-3,80,190180,42.1,33.4,52.4,4.7
,Virginia,51,2019,2019,Myeloma,34000,80-84 years,80-84,Black or African American,2054-5,19,22546,84.3,50.7,131.6,19.3
,Virginia,51,2019,2019,Myeloma,34000,80-84 years,80-84,White,2106-3,49,118087,41.5,30.7,54.9,5.9
,Virginia,51,2019,2019,Myeloma,34000,85+ years,85+,Black or African American,2054-5,18,20490,87.8,52.1,138.8,20.7
,Virginia,51,2019,2019,Myeloma,34000,85+ years,85+,White,2106-3,53,115096,46,34.5,60.2,6.3
,Virginia,51,2019,2019,Stomach,21020,45-49 years,45-49,White,2106-3,17,391600,4.3,2.5,7,1.1
,Virginia,51,2019,2019,Stomach,21020,55-59 years,55-59,White,2106-3,30,434954,6.9,4.7,9.8,1.3
,Virginia,51,2019,2019,Stomach,21020,60-64 years ,60-64,Black or African American,2054-5,24,105290,22.8,14.6,33.9,4.7
,Virginia,51,2019,2019,Stomach,21020,60-64 years ,60-64,White,2106-3,48,395597,12.1,8.9,16.1,1.8
,Virginia,51,2019,2019,Stomach,21020,65-69 years,65-69,Black or African American,2054-5,25,80964,30.9,20,45.6,6.2
,Virginia,51,2019,2019,Stomach,21020,65-69 years,65-69,White,2106-3,44,335543,13.1,9.5,17.6,2
,Virginia,51,2019,2019,Stomach,21020,70-74 years,70-74,Black or African American,2054-5,16,56322,28.4,16.2,46.1,7.1
,Virginia,51,2019,2019,Stomach,21020,70-74 years,70-74,White,2106-3,54,281352,19.2,14.4,25,2.6
,Virginia,51,2019,2019,Stomach,21020,75-79 years,75-79,Black or African American,2054-5,20,35964,55.6,34,85.9,12.4
,Virginia,51,2019,2019,Stomach,21020,75-79 years,75-79,White,2106-3,60,190180,31.5,24.1,40.6,4.1
,Virginia,51,2019,2019,Stomach,21020,80-84 years,80-84,Black or African American,2054-5,18,22546,79.8,47.3,126.2,18.8
,Virginia,51,2019,2019,Stomach,21020,80-84 years,80-84,White,2106-3,25,118087,21.2,13.7,31.3,4.2
,Virginia,51,2019,2019,Stomach,21020,85+ years,85+,White,2106-3,30,115096,26.1,17.6,37.2,4.8
,Virginia,51,2019,2019,Thyroid,32010,15-19 years,15-19,White,2106-3,16,380759,4.2,2.4,6.8,1.1
,Virginia,51,2019,2019,Thyroid,32010,20-24 years,20-24,White,2106-3,17,389188,4.4,2.5,7,1.1
,Virginia,51,2019,2019,Thyroid,32010,25-29 years,25-29,White,2106-3,45,398650,11.3,8.2,15.1,1.7
,Virginia,51,2019,2019,Thyroid,32010,30-34 years,30-34,White,2106-3,50,404594,12.4,9.2,16.3,1.7
,Virginia,51,2019,2019,Thyroid,32010,35-39 years,35-39,White,2106-3,73,408639,17.9,14,22.5,2.1
,Virginia,51,2019,2019,Thyroid,32010,40-44 years,40-44,Black or African American,2054-5,20,109274,18.3,11.2,28.3,4.1
,Virginia,51,2019,2019,Thyroid,32010,40-44 years,40-44,White,2106-3,66,372827,17.7,13.7,22.5,2.2
,Virginia,51,2019,2019,Thyroid,32010,45-49 years,45-49,Black or African American,2054-5,17,108799,15.6,9.1,25,3.8
,Virginia,51,2019,2019,Thyroid,32010,45-49 years,45-49,White,2106-3,70,391600,17.9,13.9,22.6,2.1
,Virginia,51,2019,2019,Thyroid,32010,50-54 years,50-54,Asian or Pacific Islander,A-PI,17,41658,40.8,23.8,65.3,9.9
,Virginia,51,2019,2019,Thyroid,32010,50-54 years,50-54,Black or African American,2054-5,16,114108,14,8,22.8,3.5
,Virginia,51,2019,2019,Thyroid,32010,50-54 years,50-54,White,2106-3,87,401880,21.6,17.3,26.7,2.3
,Virginia,51,2019,2019,Thyroid,32010,55-59 years,55-59,White,2106-3,84,434954,19.3,15.4,23.9,2.1
,Virginia,51,2019,2019,Thyroid,32010,60-64 years ,60-64,Black or African American,2054-5,17,105290,16.1,9.4,25.9,3.9
,Virginia,51,2019,2019,Thyroid,32010,60-64 years ,60-64,White,2106-3,80,395597,20.2,16,25.2,2.3
,Virginia,51,2019,2019,Thyroid,32010,65-69 years,65-69,White,2106-3,56,335543,16.7,12.6,21.7,2.2
,Virginia,51,2019,2019,Thyroid,32010,70-74 years,70-74,White,2106-3,50,281352,17.8,13.2,23.4,2.5
,Virginia,51,2019,2019,Thyroid,32010,75-79 years,75-79,White,2106-3,30,190180,15.8,10.6,22.5,2.9
,Virginia,51,2019,2019,Thyroid,32010,85+ years,85+,White,2106-3,18,115096,15.6,9.3,24.7,3.7
,Washington,53,2019,2019,Brain and Other Nervous System,31010-31040,5-9 years,05-Sep,White,2106-3,17,362189,4.7,2.7,7.5,1.1
,Washington,53,2019,2019,Brain and Other Nervous System,31010-31040,35-39 years,35-39,White,2106-3,18,437289,4.1,2.4,6.5,1
,Washington,53,2019,2019,Brain and Other Nervous System,31010-31040,40-44 years,40-44,White,2106-3,21,384659,5.5,3.4,8.3,1.2
,Washington,53,2019,2019,Brain and Other Nervous System,31010-31040,45-49 years,45-49,White,2106-3,19,381743,5,3,7.8,1.1
,Washington,53,2019,2019,Brain and Other Nervous System,31010-31040,50-54 years,50-54,White,2106-3,30,382780,7.8,5.3,11.2,1.4
,Washington,53,2019,2019,Brain and Other Nervous System,31010-31040,55-59 years,55-59,White,2106-3,50,420946,11.9,8.8,15.7,1.7
,Washington,53,2019,2019,Brain and Other Nervous System,31010-31040,60-64 years ,60-64,White,2106-3,79,409576,19.3,15.3,24,2.2
,Washington,53,2019,2019,Brain and Other Nervous System,31010-31040,65-69 years,65-69,White,2106-3,66,360694,18.3,14.2,23.3,2.3
,Washington,53,2019,2019,Brain and Other Nervous System,31010-31040,70-74 years,70-74,White,2106-3,79,283784,27.8,22,34.7,3.1
,Washington,53,2019,2019,Brain and Other Nervous System,31010-31040,75-79 years,75-79,White,2106-3,45,182633,24.6,18,33,3.7
,Washington,53,2019,2019,Brain and Other Nervous System,31010-31040,80-84 years,80-84,White,2106-3,32,109420,29.2,20,41.3,5.2
,Washington,53,2019,2019,Brain and Other Nervous System,31010-31040,85+ years,85+,White,2106-3,20,110867,18,11,27.9,4
,Washington,53,2019,2019,Colon and Rectum,21041-21052,25-29 years,25-29,White,2106-3,17,446074,3.8,2.2,6.1,0.9
,Washington,53,2019,2019,Colon and Rectum,21041-21052,30-34 years,30-34,White,2106-3,33,446020,7.4,5.1,10.4,1.3
,Washington,53,2019,2019,Colon and Rectum,21041-21052,35-39 years,35-39,White,2106-3,60,437289,13.7,10.5,17.7,1.8
,Washington,53,2019,2019,Colon and Rectum,21041-21052,40-44 years,40-44,Asian or Pacific Islander,A-PI,20,62810,31.8,19.4,49.2,7.1
,Washington,53,2019,2019,Colon and Rectum,21041-21052,40-44 years,40-44,White,2106-3,62,384659,16.1,12.4,20.7,2
,Washington,53,2019,2019,Colon and Rectum,21041-21052,45-49 years,45-49,Asian or Pacific Islander,A-PI,18,58794,30.6,18.1,48.4,7.2
,Washington,53,2019,2019,Colon and Rectum,21041-21052,45-49 years,45-49,White,2106-3,130,381743,34.1,28.5,40.4,3
,Washington,53,2019,2019,Colon and Rectum,21041-21052,50-54 years,50-54,Asian or Pacific Islander,A-PI,39,49184,79.3,56.4,108.4,12.7
,Washington,53,2019,2019,Colon and Rectum,21041-21052,50-54 years,50-54,White,2106-3,225,382780,58.8,51.4,67,3.9
,Washington,53,2019,2019,Colon and Rectum,21041-21052,55-59 years,55-59,Asian or Pacific Islander,A-PI,29,44972,64.5,43.2,92.6,12
,Washington,53,2019,2019,Colon and Rectum,21041-21052,55-59 years,55-59,White,2106-3,254,420946,60.3,53.1,68.2,3.8
,Washington,53,2019,2019,Colon and Rectum,21041-21052,60-64 years ,60-64,Asian or Pacific Islander,A-PI,25,39235,63.7,41.2,94.1,12.7
,Washington,53,2019,2019,Colon and Rectum,21041-21052,60-64 years ,60-64,White,2106-3,311,409576,75.9,67.7,84.9,4.3
,Washington,53,2019,2019,Colon and Rectum,21041-21052,65-69 years,65-69,Asian or Pacific Islander,A-PI,24,31888,75.3,48.2,112,15.4
,Washington,53,2019,2019,Colon and Rectum,21041-21052,65-69 years,65-69,Black or African American,2054-5,21,11722,179.2,110.9,273.8,39.1
,Washington,53,2019,2019,Colon and Rectum,21041-21052,65-69 years,65-69,White,2106-3,317,360694,87.9,78.5,98.1,4.9
,Washington,53,2019,2019,Colon and Rectum,21041-21052,70-74 years,70-74,Asian or Pacific Islander,A-PI,23,23136,99.4,63,149.2,20.7
,Washington,53,2019,2019,Colon and Rectum,21041-21052,70-74 years,70-74,White,2106-3,321,283784,113.1,101.1,126.2,6.3
,Washington,53,2019,2019,Colon and Rectum,21041-21052,75-79 years,75-79,White,2106-3,286,182633,156.6,139,175.8,9.3
,Washington,53,2019,2019,Colon and Rectum,21041-21052,80-84 years,80-84,Asian or Pacific Islander,A-PI,17,9339,182,106,291.4,44.1
,Washington,53,2019,2019,Colon and Rectum,21041-21052,80-84 years,80-84,White,2106-3,229,109420,209.3,183.1,238.2,13.8
,Washington,53,2019,2019,Colon and Rectum,21041-21052,85+ years,85+,Asian or Pacific Islander,A-PI,20,9071,220.5,134.7,340.5,49.3
,Washington,53,2019,2019,Colon and Rectum,21041-21052,85+ years,85+,White,2106-3,275,110867,248,219.6,279.2,15
,Washington,53,2019,2019,Leukemias,35011-35043,1-4 years,01-Apr,White,2106-3,24,279884,8.6,5.5,12.8,1.8
,Washington,53,2019,2019,Leukemias,35011-35043,10-14 years,Oct-14,White,2106-3,16,383842,4.2,2.4,6.8,1
,Washington,53,2019,2019,Leukemias,35011-35043,35-39 years,35-39,White,2106-3,28,437289,6.4,4.3,9.3,1.2
,Washington,53,2019,2019,Leukemias,35011-35043,40-44 years,40-44,White,2106-3,28,384659,7.3,4.8,10.5,1.4
,Washington,53,2019,2019,Leukemias,35011-35043,45-49 years,45-49,White,2106-3,35,381743,9.2,6.4,12.8,1.5
,Washington,53,2019,2019,Leukemias,35011-35043,50-54 years,50-54,White,2106-3,55,382780,14.4,10.8,18.7,1.9
,Washington,53,2019,2019,Leukemias,35011-35043,55-59 years,55-59,White,2106-3,87,420946,20.7,16.6,25.5,2.2
,Washington,53,2019,2019,Leukemias,35011-35043,60-64 years ,60-64,White,2106-3,120,409576,29.3,24.3,35,2.7
,Washington,53,2019,2019,Leukemias,35011-35043,65-69 years,65-69,White,2106-3,163,360694,45.2,38.5,52.7,3.5
,Washington,53,2019,2019,Leukemias,35011-35043,70-74 years,70-74,White,2106-3,176,283784,62,53.2,71.9,4.7
,Washington,53,2019,2019,Leukemias,35011-35043,75-79 years,75-79,White,2106-3,154,182633,84.3,71.5,98.7,6.8
,Washington,53,2019,2019,Leukemias,35011-35043,80-84 years,80-84,White,2106-3,95,109420,86.8,70.2,106.1,8.9
,Washington,53,2019,2019,Leukemias,35011-35043,85+ years,85+,White,2106-3,93,110867,83.9,67.7,102.8,8.7
,Washington,53,2019,2019,Myeloma,34000,50-54 years,50-54,White,2106-3,23,382780,6,3.8,9,1.3
,Washington,53,2019,2019,Myeloma,34000,55-59 years,55-59,White,2106-3,44,420946,10.5,7.6,14,1.6
,Washington,53,2019,2019,Myeloma,34000,60-64 years ,60-64,White,2106-3,70,409576,17.1,13.3,21.6,2
,Washington,53,2019,2019,Myeloma,34000,65-69 years,65-69,White,2106-3,84,360694,23.3,18.6,28.8,2.5
,Washington,53,2019,2019,Myeloma,34000,70-74 years,70-74,White,2106-3,106,283784,37.4,30.6,45.2,3.6
,Washington,53,2019,2019,Myeloma,34000,75-79 years,75-79,White,2106-3,76,182633,41.6,32.8,52.1,4.8
,Washington,53,2019,2019,Myeloma,34000,80-84 years,80-84,White,2106-3,54,109420,49.4,37.1,64.4,6.7
,Washington,53,2019,2019,Myeloma,34000,85+ years,85+,White,2106-3,60,110867,54.1,41.3,69.7,7
,Washington,53,2019,2019,Stomach,21020,50-54 years,50-54,White,2106-3,22,382780,5.7,3.6,8.7,1.2
,Washington,53,2019,2019,Stomach,21020,55-59 years,55-59,White,2106-3,32,420946,7.6,5.2,10.7,1.3
,Washington,53,2019,2019,Stomach,21020,60-64 years ,60-64,White,2106-3,42,409576,10.3,7.4,13.9,1.6
,Washington,53,2019,2019,Stomach,21020,65-69 years,65-69,White,2106-3,54,360694,15,11.2,19.5,2
,Washington,53,2019,2019,Stomach,21020,70-74 years,70-74,White,2106-3,59,283784,20.8,15.8,26.8,2.7
,Washington,53,2019,2019,Stomach,21020,75-79 years,75-79,White,2106-3,53,182633,29,21.7,38,4
,Washington,53,2019,2019,Stomach,21020,80-84 years,80-84,White,2106-3,36,109420,32.9,23,45.5,5.5
,Washington,53,2019,2019,Stomach,21020,85+ years,85+,White,2106-3,29,110867,26.2,17.5,37.6,4.9
,Washington,53,2019,2019,Thyroid,32010,15-19 years,15-19,White,2106-3,16,361200,4.4,2.5,7.2,1.1
,Washington,53,2019,2019,Thyroid,32010,20-24 years,20-24,White,2106-3,29,371470,7.8,5.2,11.2,1.4
,Washington,53,2019,2019,Thyroid,32010,25-29 years,25-29,White,2106-3,43,446074,9.6,7,13,1.5
,Washington,53,2019,2019,Thyroid,32010,30-34 years,30-34,White,2106-3,68,446020,15.2,11.8,19.3,1.8
,Washington,53,2019,2019,Thyroid,32010,35-39 years,35-39,Asian or Pacific Islander,A-PI,17,77491,21.9,12.8,35.1,5.3
,Washington,53,2019,2019,Thyroid,32010,35-39 years,35-39,White,2106-3,80,437289,18.3,14.5,22.8,2
,Washington,53,2019,2019,Thyroid,32010,40-44 years,40-44,White,2106-3,68,384659,17.7,13.7,22.4,2.1
,Washington,53,2019,2019,Thyroid,32010,45-49 years,45-49,White,2106-3,73,381743,19.1,15,24,2.2
,Washington,53,2019,2019,Thyroid,32010,50-54 years,50-54,Asian or Pacific Islander,A-PI,19,49184,38.6,23.3,60.3,8.9
,Washington,53,2019,2019,Thyroid,32010,50-54 years,50-54,White,2106-3,64,382780,16.7,12.9,21.4,2.1
,Washington,53,2019,2019,Thyroid,32010,55-59 years,55-59,White,2106-3,91,420946,21.6,17.4,26.5,2.3
,Washington,53,2019,2019,Thyroid,32010,60-64 years ,60-64,White,2106-3,78,409576,19,15.1,23.8,2.2
,Washington,53,2019,2019,Thyroid,32010,65-69 years,65-69,White,2106-3,67,360694,18.6,14.4,23.6,2.3
,Washington,53,2019,2019,Thyroid,32010,70-74 years,70-74,White,2106-3,58,283784,20.4,15.5,26.4,2.7
,Washington,53,2019,2019,Thyroid,32010,75-79 years,75-79,White,2106-3,36,182633,19.7,13.8,27.3,3.3
,Washington,53,2019,2019,Thyroid,32010,80-84 years,80-84,White,2106-3,19,109420,17.4,10.5,27.1,4
,West Virginia,54,2019,2019,Brain and Other Nervous System,31010-31040,55-59 years,55-59,White,2106-3,18,120909,14.9,8.8,23.5,3.5
,West Virginia,54,2019,2019,Brain and Other Nervous System,31010-31040,70-74 years,70-74,White,2106-3,20,93728,21.3,13,33,4.8
,West Virginia,54,2019,2019,Colon and Rectum,21041-21052,40-44 years,40-44,White,2106-3,22,103447,21.3,13.3,32.2,4.5
,West Virginia,54,2019,2019,Colon and Rectum,21041-21052,45-49 years,45-49,White,2106-3,37,110450,33.5,23.6,46.2,5.5
,West Virginia,54,2019,2019,Colon and Rectum,21041-21052,50-54 years,50-54,White,2106-3,90,111183,80.9,65.1,99.5,8.5
,West Virginia,54,2019,2019,Colon and Rectum,21041-21052,55-59 years,55-59,White,2106-3,88,120909,72.8,58.4,89.7,7.8
,West Virginia,54,2019,2019,Colon and Rectum,21041-21052,60-64 years ,60-64,White,2106-3,146,124507,117.3,99,137.9,9.7
,West Virginia,54,2019,2019,Colon and Rectum,21041-21052,65-69 years,65-69,White,2106-3,166,114760,144.6,123.5,168.4,11.2
,West Virginia,54,2019,2019,Colon and Rectum,21041-21052,70-74 years,70-74,White,2106-3,164,93728,175,149.2,203.9,13.7
,West Virginia,54,2019,2019,Colon and Rectum,21041-21052,75-79 years,75-79,White,2106-3,135,61424,219.8,184.3,260.1,18.9
,West Virginia,54,2019,2019,Colon and Rectum,21041-21052,80-84 years,80-84,White,2106-3,97,40532,239.3,194.1,291.9,24.3
,West Virginia,54,2019,2019,Colon and Rectum,21041-21052,85+ years,85+,White,2106-3,99,35772,276.8,224.9,336.9,27.8
,West Virginia,54,2019,2019,Leukemias,35011-35043,50-54 years,50-54,White,2106-3,28,111183,25.2,16.7,36.4,4.8
,West Virginia,54,2019,2019,Leukemias,35011-35043,55-59 years,55-59,White,2106-3,35,120909,28.9,20.2,40.3,4.9
,West Virginia,54,2019,2019,Leukemias,35011-35043,60-64 years ,60-64,White,2106-3,40,124507,32.1,23,43.7,5.1
,West Virginia,54,2019,2019,Leukemias,35011-35043,65-69 years,65-69,White,2106-3,48,114760,41.8,30.8,55.5,6
,West Virginia,54,2019,2019,Leukemias,35011-35043,70-74 years,70-74,White,2106-3,56,93728,59.7,45.1,77.6,8
,West Virginia,54,2019,2019,Leukemias,35011-35043,75-79 years,75-79,White,2106-3,49,61424,79.8,59,105.5,11.4
,West Virginia,54,2019,2019,Leukemias,35011-35043,80-84 years,80-84,White,2106-3,40,40532,98.7,70.5,134.4,15.6
,West Virginia,54,2019,2019,Leukemias,35011-35043,85+ years,85+,White,2106-3,25,35772,69.9,45.2,103.2,14
,West Virginia,54,2019,2019,Myeloma,34000,65-69 years,65-69,White,2106-3,29,114760,25.3,16.9,36.3,4.7
,West Virginia,54,2019,2019,Myeloma,34000,70-74 years,70-74,White,2106-3,31,93728,33.1,22.5,46.9,5.9
,West Virginia,54,2019,2019,Myeloma,34000,75-79 years,75-79,White,2106-3,33,61424,53.7,37,75.4,9.4
,West Virginia,54,2019,2019,Myeloma,34000,80-84 years,80-84,White,2106-3,22,40532,54.3,34,82.2,11.6
,West Virginia,54,2019,2019,Myeloma,34000,85+ years,85+,White,2106-3,16,35772,44.7,25.6,72.6,11.2
,West Virginia,54,2019,2019,Stomach,21020,60-64 years ,60-64,White,2106-3,20,124507,16.1,9.8,24.8,3.6
,West Virginia,54,2019,2019,Stomach,21020,65-69 years,65-69,White,2106-3,21,114760,18.3,11.3,28,4
,West Virginia,54,2019,2019,Stomach,21020,70-74 years,70-74,White,2106-3,24,93728,25.6,16.4,38.1,5.2
,West Virginia,54,2019,2019,Stomach,21020,75-79 years,75-79,White,2106-3,21,61424,34.2,21.2,52.3,7.5
,West Virginia,54,2019,2019,Stomach,21020,80-84 years,80-84,White,2106-3,19,40532,46.9,28.2,73.2,10.8
,West Virginia,54,2019,2019,Thyroid,32010,30-34 years,30-34,White,2106-3,27,95728,28.2,18.6,41,5.4
,West Virginia,54,2019,2019,Thyroid,32010,35-39 years,35-39,White,2106-3,20,101690,19.7,12,30.4,4.4
,West Virginia,54,2019,2019,Thyroid,32010,40-44 years,40-44,White,2106-3,32,103447,30.9,21.2,43.7,5.5
,West Virginia,54,2019,2019,Thyroid,32010,45-49 years,45-49,White,2106-3,32,110450,29,19.8,40.9,5.1
,West Virginia,54,2019,2019,Thyroid,32010,50-54 years,50-54,White,2106-3,30,111183,27,18.2,38.5,4.9
,West Virginia,54,2019,2019,Thyroid,32010,55-59 years,55-59,White,2106-3,41,120909,33.9,24.3,46,5.3
,West Virginia,54,2019,2019,Thyroid,32010,60-64 years ,60-64,White,2106-3,33,124507,26.5,18.2,37.2,4.6
,West Virginia,54,2019,2019,Thyroid,32010,65-69 years,65-69,White,2106-3,30,114760,26.1,17.6,37.3,4.8
,West Virginia,54,2019,2019,Thyroid,32010,70-74 years,70-74,White,2106-3,28,93728,29.9,19.9,43.2,5.6
,West Virginia,54,2019,2019,Thyroid,32010,75-79 years,75-79,White,2106-3,16,61424,26,14.9,42.3,6.5
,Wisconsin,55,2019,2019,Brain and Other Nervous System,31010-31040,30-34 years,30-34,White,2106-3,16,308390,5.2,3,8.4,1.3
,Wisconsin,55,2019,2019,Brain and Other Nervous System,31010-31040,45-49 years,45-49,White,2106-3,24,311822,7.7,4.9,11.5,1.6
,Wisconsin,55,2019,2019,Brain and Other Nervous System,31010-31040,50-54 years,50-54,White,2106-3,28,345559,8.1,5.4,11.7,1.5
,Wisconsin,55,2019,2019,Brain and Other Nervous System,31010-31040,55-59 years,55-59,White,2106-3,47,399235,11.8,8.7,15.7,1.7
,Wisconsin,55,2019,2019,Brain and Other Nervous System,31010-31040,60-64 years ,60-64,White,2106-3,52,379621,13.7,10.2,18,1.9
,Wisconsin,55,2019,2019,Brain and Other Nervous System,31010-31040,65-69 years,65-69,White,2106-3,65,322381,20.2,15.6,25.7,2.5
,Wisconsin,55,2019,2019,Brain and Other Nervous System,31010-31040,70-74 years,70-74,White,2106-3,47,242090,19.4,14.3,25.8,2.8
,Wisconsin,55,2019,2019,Brain and Other Nervous System,31010-31040,75-79 years,75-79,White,2106-3,40,162705,24.6,17.6,33.5,3.9
,Wisconsin,55,2019,2019,Brain and Other Nervous System,31010-31040,80-84 years,80-84,White,2106-3,24,108874,22,14.1,32.8,4.5
,Wisconsin,55,2019,2019,Brain and Other Nervous System,31010-31040,85+ years,85+,White,2106-3,25,113626,22,14.2,32.5,4.4
,Wisconsin,55,2019,2019,Colon and Rectum,21041-21052,30-34 years,30-34,White,2106-3,37,308390,12,8.4,16.5,2
,Wisconsin,55,2019,2019,Colon and Rectum,21041-21052,35-39 years,35-39,White,2106-3,43,331237,13,9.4,17.5,2
,Wisconsin,55,2019,2019,Colon and Rectum,21041-21052,40-44 years,40-44,White,2106-3,70,305105,22.9,17.9,29,2.7
,Wisconsin,55,2019,2019,Colon and Rectum,21041-21052,45-49 years,45-49,Black or African American,2054-5,21,23172,90.6,56.1,138.5,19.8
,Wisconsin,55,2019,2019,Colon and Rectum,21041-21052,45-49 years,45-49,White,2106-3,112,311822,35.9,29.6,43.2,3.4
,Wisconsin,55,2019,2019,Colon and Rectum,21041-21052,50-54 years,50-54,Black or African American,2054-5,25,21123,118.4,76.6,174.7,23.7
,Wisconsin,55,2019,2019,Colon and Rectum,21041-21052,50-54 years,50-54,White,2106-3,232,345559,67.1,58.8,76.4,4.4
,Wisconsin,55,2019,2019,Colon and Rectum,21041-21052,55-59 years,55-59,Black or African American,2054-5,30,20627,145.4,98.1,207.6,26.6
,Wisconsin,55,2019,2019,Colon and Rectum,21041-21052,55-59 years,55-59,White,2106-3,244,399235,61.1,53.7,69.3,3.9
,Wisconsin,55,2019,2019,Colon and Rectum,21041-21052,60-64 years ,60-64,Black or African American,2054-5,21,17339,121.1,75,185.1,26.4
,Wisconsin,55,2019,2019,Colon and Rectum,21041-21052,60-64 years ,60-64,White,2106-3,266,379621,70.1,61.9,79,4.3
,Wisconsin,55,2019,2019,Colon and Rectum,21041-21052,65-69 years,65-69,White,2106-3,294,322381,91.2,81.1,102.2,5.3
,Wisconsin,55,2019,2019,Colon and Rectum,21041-21052,70-74 years,70-74,Black or African American,2054-5,19,8300,228.9,137.8,357.5,52.5
,Wisconsin,55,2019,2019,Colon and Rectum,21041-21052,70-74 years,70-74,White,2106-3,279,242090,115.2,102.1,129.6,6.9
,Wisconsin,55,2019,2019,Colon and Rectum,21041-21052,75-79 years,75-79,White,2106-3,244,162705,150,131.7,170,9.6
,Wisconsin,55,2019,2019,Colon and Rectum,21041-21052,80-84 years,80-84,White,2106-3,249,108874,228.7,201.2,258.9,14.5
,Wisconsin,55,2019,2019,Colon and Rectum,21041-21052,85+ years,85+,White,2106-3,317,113626,279,249.1,311.5,15.7
,Wisconsin,55,2019,2019,Leukemias,35011-35043,1-4 years,01-Apr,White,2106-3,22,215039,10.2,6.4,15.5,2.2
,Wisconsin,55,2019,2019,Leukemias,35011-35043,10-14 years,Oct-14,White,2106-3,17,320146,5.3,3.1,8.5,1.3
,Wisconsin,55,2019,2019,Leukemias,35011-35043,35-39 years,35-39,White,2106-3,16,331237,4.8,2.8,7.8,1.2
,Wisconsin,55,2019,2019,Leukemias,35011-35043,45-49 years,45-49,White,2106-3,27,311822,8.7,5.7,12.6,1.7
,Wisconsin,55,2019,2019,Leukemias,35011-35043,50-54 years,50-54,White,2106-3,47,345559,13.6,10,18.1,2
,Wisconsin,55,2019,2019,Leukemias,35011-35043,55-59 years,55-59,White,2106-3,97,399235,24.3,19.7,29.6,2.5
,Wisconsin,55,2019,2019,Leukemias,35011-35043,60-64 years ,60-64,White,2106-3,124,379621,32.7,27.2,38.9,2.9
,Wisconsin,55,2019,2019,Leukemias,35011-35043,65-69 years,65-69,White,2106-3,186,322381,57.7,49.7,66.6,4.2
,Wisconsin,55,2019,2019,Leukemias,35011-35043,70-74 years,70-74,White,2106-3,177,242090,73.1,62.7,84.7,5.5
,Wisconsin,55,2019,2019,Leukemias,35011-35043,75-79 years,75-79,White,2106-3,186,162705,114.3,98.5,132,8.4
,Wisconsin,55,2019,2019,Leukemias,35011-35043,80-84 years,80-84,White,2106-3,116,108874,106.5,88,127.8,9.9
,Wisconsin,55,2019,2019,Leukemias,35011-35043,85+ years,85+,White,2106-3,129,113626,113.5,94.8,134.9,10
,Wisconsin,55,2019,2019,Myeloma,34000,50-54 years,50-54,White,2106-3,29,345559,8.4,5.6,12.1,1.6
,Wisconsin,55,2019,2019,Myeloma,34000,55-59 years,55-59,White,2106-3,47,399235,11.8,8.7,15.7,1.7
,Wisconsin,55,2019,2019,Myeloma,34000,60-64 years ,60-64,White,2106-3,57,379621,15,11.4,19.5,2
,Wisconsin,55,2019,2019,Myeloma,34000,65-69 years,65-69,White,2106-3,82,322381,25.4,20.2,31.6,2.8
,Wisconsin,55,2019,2019,Myeloma,34000,70-74 years,70-74,White,2106-3,113,242090,46.7,38.5,56.1,4.4
,Wisconsin,55,2019,2019,Myeloma,34000,75-79 years,75-79,White,2106-3,87,162705,53.5,42.8,66,5.7
,Wisconsin,55,2019,2019,Myeloma,34000,80-84 years,80-84,White,2106-3,64,108874,58.8,45.3,75.1,7.3
,Wisconsin,55,2019,2019,Myeloma,34000,85+ years,85+,White,2106-3,68,113626,59.8,46.5,75.9,7.3
,Wisconsin,55,2019,2019,Stomach,21020,45-49 years,45-49,White,2106-3,22,311822,7.1,4.4,10.7,1.5
,Wisconsin,55,2019,2019,Stomach,21020,50-54 years,50-54,White,2106-3,26,345559,7.5,4.9,11,1.5
,Wisconsin,55,2019,2019,Stomach,21020,55-59 years,55-59,White,2106-3,42,399235,10.5,7.6,14.2,1.6
,Wisconsin,55,2019,2019,Stomach,21020,60-64 years ,60-64,White,2106-3,48,379621,12.6,9.3,16.8,1.8
,Wisconsin,55,2019,2019,Stomach,21020,65-69 years,65-69,White,2106-3,63,322381,19.5,15,25,2.5
,Wisconsin,55,2019,2019,Stomach,21020,70-74 years,70-74,White,2106-3,62,242090,25.6,19.6,32.8,3.3
,Wisconsin,55,2019,2019,Stomach,21020,75-79 years,75-79,White,2106-3,59,162705,36.3,27.6,46.8,4.7
,Wisconsin,55,2019,2019,Stomach,21020,80-84 years,80-84,White,2106-3,36,108874,33.1,23.2,45.8,5.5
,Wisconsin,55,2019,2019,Stomach,21020,85+ years,85+,White,2106-3,34,113626,29.9,20.7,41.8,5.1
,Wisconsin,55,2019,2019,Thyroid,32010,20-24 years,20-24,White,2106-3,19,330003,5.8,3.5,9,1.3
,Wisconsin,55,2019,2019,Thyroid,32010,25-29 years,25-29,White,2106-3,32,309957,10.3,7.1,14.6,1.8
,Wisconsin,55,2019,2019,Thyroid,32010,30-34 years,30-34,White,2106-3,60,308390,19.5,14.8,25,2.5
,Wisconsin,55,2019,2019,Thyroid,32010,35-39 years,35-39,White,2106-3,53,331237,16,12,20.9,2.2
,Wisconsin,55,2019,2019,Thyroid,32010,40-44 years,40-44,White,2106-3,77,305105,25.2,19.9,31.5,2.9
,Wisconsin,55,2019,2019,Thyroid,32010,45-49 years,45-49,White,2106-3,66,311822,21.2,16.4,26.9,2.6
,Wisconsin,55,2019,2019,Thyroid,32010,50-54 years,50-54,White,2106-3,68,345559,19.7,15.3,24.9,2.4
,Wisconsin,55,2019,2019,Thyroid,32010,55-59 years,55-59,White,2106-3,63,399235,15.8,12.1,20.2,2
,Wisconsin,55,2019,2019,Thyroid,32010,60-64 years ,60-64,White,2106-3,85,379621,22.4,17.9,27.7,2.4
,Wisconsin,55,2019,2019,Thyroid,32010,65-69 years,65-69,White,2106-3,71,322381,22,17.2,27.8,2.6
,Wisconsin,55,2019,2019,Thyroid,32010,70-74 years,70-74,White,2106-3,63,242090,26,20,33.3,3.3
,Wisconsin,55,2019,2019,Thyroid,32010,75-79 years,75-79,White,2106-3,37,162705,22.7,16,31.3,3.7
,Wyoming,56,2019,2019,Colon and Rectum,21041-21052,50-54 years,50-54,White,2106-3,22,29888,73.6,46.1,111.4,15.7
,Wyoming,56,2019,2019,Colon and Rectum,21041-21052,55-59 years,55-59,White,2106-3,24,36904,65,41.7,96.8,13.3
,Wyoming,56,2019,2019,Colon and Rectum,21041-21052,60-64 years ,60-64,White,2106-3,33,38936,84.8,58.3,119,14.8
,Wyoming,56,2019,2019,Colon and Rectum,21041-21052,65-69 years,65-69,White,2106-3,37,33554,110.3,77.6,152,18.1
,Wyoming,56,2019,2019,Colon and Rectum,21041-21052,70-74 years,70-74,White,2106-3,37,24930,148.4,104.5,204.6,24.4
,Wyoming,56,2019,2019,Colon and Rectum,21041-21052,75-79 years,75-79,White,2106-3,39,15975,244.1,173.6,333.7,39.1
,Wyoming,56,2019,2019,Colon and Rectum,21041-21052,80-84 years,80-84,White,2106-3,18,9878,182.2,108,288,43
,Wyoming,56,2019,2019,Colon and Rectum,21041-21052,85+ years,85+,White,2106-3,23,9782,235.1,149,352.8,49
,Wyoming,56,2019,2019,Leukemias,35011-35043,60-64 years ,60-64,White,2106-3,17,38936,43.7,25.4,69.9,10.6
,Wyoming,56,2019,2019,Leukemias,35011-35043,65-69 years,65-69,White,2106-3,16,33554,47.7,27.3,77.4,11.9
---,,,,,,,,,,,,,,,,
"Dataset: United States and Puerto Rico Cancer Statistics, 1999-2022 Incidence",,,,,,,,,,,,,,,,
Query Parameters:,,,,,,,,,,,,,,,,
Leading Cancer Sites: Brain and Other Nervous System; Colon and Rectum; Leukemias; Myeloma; Stomach; Thyroid,,,,,,,,,,,,,,,,
Year: 2019,,,,,,,,,,,,,,,,
Group By: States; Year; Leading Cancer Sites; Age Groups; Race,,,,,,,,,,,,,,,,
Show Totals: Disabled,,,,,,,,,,,,,,,,
Show Zero Values: False,,,,,,,,,,,,,,,,
Show Suppressed: False,,,,,,,,,,,,,,,,
"Calculate Rates Per: 100,000",,,,,,,,,,,,,,,,
Standard Population: 2000 U.S. Std. Million,,,,,,,,,,,,,,,,
---,,,,,,,,,,,,,,,,
Help: See http://wonder.cdc.gov/wonder/help/cancer-v2022.html for more information.,,,,,,,,,,,,,,,,
---,,,,,,,,,,,,,,,,
"Query Date: May 28, 2026 5:35:15 PM",,,,,,,,,,,,,,,,
---,,,,,,,,,,,,,,,,
"Suggested Citation: United States Cancer Statistics - Incidence: 1999 - 2022, WONDER Online Database. United States Department",,,,,,,,,,,,,,,,
"of Health and Human Services, Centers for Disease Control and Prevention and National Cancer Institute; 2024 submission; 2025",,,,,,,,,,,,,,,,
"release. Accessed at http://wonder.cdc.gov/cancer-v2022.html on May 28, 2026 5:35:15 PM",,,,,,,,,,,,,,,,
---,,,,,,,,,,,,,,,,
Messages:,,,,,,,,,,,,,,,,
1. Totals are not available for these results due to suppression constraints. More Information:,,,,,,,,,,,,,,,,
http://wonder.cdc.gov/wonder/help/faq.html#Privacy.,,,,,,,,,,,,,,,,
2. Rows with zero Count are hidden. Use Quick Options above to show zero rows.,,,,,,,,,,,,,,,,
3. Rows with suppressed Count are hidden. Use Quick Options above to show suppressed rows.,,,,,,,,,,,,,,,,
---,,,,,,,,,,,,,,,,
Caveats:,,,,,,,,,,,,,,,,
"1. Statistics are suppressed to protect personal privacy, for the following conditions: <ol><li> Data are suppressed if the",,,,,,,,,,,,,,,,
figures represent fewer than 16 cases for the specific category in the table cell. </li><li> Counts and rates are suppressed for,,,,,,,,,,,,,,,,
"cells at the Metropolitan Statistical Area (MSA) level for the race categories ""American Indian or Alaska Native"" or ""Asian",,,,,,,,,,,,,,,,
"or Pacific Islander"" when the specific category's population for rate calculations is less than 50,000 persons. </li><li> Data",,,,,,,,,,,,,,,,
are suppressed at the state and MSA level for certain race and ethnicity groups: <ul><li> American Indian or Alaska Native data,,,,,,,,,,,,,,,,
"are suppressed at the state and MSA level for residents of Illinois, Kansas, New Jersey, and New York; </li><li> Hispanic Asian",,,,,,,,,,,,,,,,
or Pacific Islander and Hispanic Black or African American data are suppressed at the state and MSA level for all years and for,,,,,,,,,,,,,,,,
Non-Hispanic Asian or Pacific Islanders for 1999 for residents of Kansas. </li></ul> </li></ol> States decide whether to,,,,,,,,,,,,,,,,
suppress data for specific race and ethnicity categories. The suppression criteria may vary in previous releases of these data,,,,,,,,,,,,,,,,
More information: http://wonder.cdc.gov/wonder/help/cancer-v2022.html#Confidentiality.,,,,,,,,,,,,,,,,
"2. 'Not Applicable' is displayed for Population when it is not available, and for Age Adjusted Rates, Crude Rates, 95%",,,,,,,,,,,,,,,,
"Confidence Interval, and Standard Error when they cannot be calculated due to lack of denominator population.",,,,,,,,,,,,,,,,
"3. The ""Show Totals"" checkbox is disabled when data are grouped by Cancer Sites or by Childhood Cancer, because aggregate",,,,,,,,,,,,,,,,
values are displayed in the table. Also be aware that charts and maps containing both aggregate and detail data could be,,,,,,,,,,,,,,,,
misleading.,,,,,,,,,,,,,,,,
4. Age-adjusted rates are not available when results are grouped by age.,,,,,,,,,,,,,,,,
5. These states are missing data for the indicated year: Mississippi 1999-2002; South Dakota 1999-2000.,,,,,,,,,,,,,,,,
6. Data are from selected statewide and metropolitan area cancer registries that meet data quality criteria. Incidence data,,,,,,,,,,,,,,,,
shown for the United States are diagnoses and populations from included registries only.,,,,,,,,,,,,,,,,
"7. Information on primary site, behavior, and histology was coded according to the International Classification of Diseases for",,,,,,,,,,,,,,,,
"Oncology, Third Edition (ICD-O-3) and categorized according to the revised SEER recodes dated March 1, 2018, which define",,,,,,,,,,,,,,,,
standard groupings of primary cancer sites.,,,,,,,,,,,,,,,,
"8. For the 2005 year, the Census Bureau estimates that 203,937 persons were displaced from Alabama, Louisiana, Mississippi and",,,,,,,,,,,,,,,,
Texas due to Hurricanes Katrina and Rita. CDC WONDER does not include the displaced persons in the 2005 population counts for,,,,,,,,,,,,,,,,
"these states, nor are these counts included in the summary populations for the affected division, regions or national",,,,,,,,,,,,,,,,
"population. However, the USCS web site does include these displaced persons in the national population figures for 2005.",,,,,,,,,,,,,,,,
