"Notes","States","States Code","Year","Year Code","Leading Cancer Sites","Leading Cancer Sites Code","Age Groups","Age Groups Code","Race","Race Code",Count,Population,Crude Rate,Crude Rate Lower 95% Confidence Interval,Crude Rate Upper 95% Confidence Interval,Crude Rate Standard Error
,"Alabama","01","2020","2020","Breast","26000","30-34 years","30-34","Black or African American","2054-5",22,97070,22.7,14.2,34.3,4.8
,"Alabama","01","2020","2020","Breast","26000","30-34 years","30-34","White","2106-3",33,217388,15.2,10.4,21.3,2.6
,"Alabama","01","2020","2020","Breast","26000","35-39 years","35-39","Black or African American","2054-5",38,88571,42.9,30.4,58.9,7.0
,"Alabama","01","2020","2020","Breast","26000","35-39 years","35-39","White","2106-3",79,214113,36.9,29.2,46.0,4.2
,"Alabama","01","2020","2020","Breast","26000","40-44 years","40-44","Black or African American","2054-5",71,84999,83.5,65.2,105.4,9.9
,"Alabama","01","2020","2020","Breast","26000","40-44 years","40-44","White","2106-3",111,208366,53.3,43.8,64.2,5.1
,"Alabama","01","2020","2020","Breast","26000","45-49 years","45-49","Black or African American","2054-5",98,81891,119.7,97.2,145.8,12.1
,"Alabama","01","2020","2020","Breast","26000","45-49 years","45-49","White","2106-3",193,219913,87.8,75.8,101.1,6.3
,"Alabama","01","2020","2020","Breast","26000","50-54 years","50-54","Black or African American","2054-5",103,79129,130.2,106.2,157.9,12.8
,"Alabama","01","2020","2020","Breast","26000","50-54 years","50-54","White","2106-3",261,227711,114.6,101.1,129.4,7.1
,"Alabama","01","2020","2020","Breast","26000","55-59 years","55-59","Black or African American","2054-5",141,85968,164.0,138.1,193.4,13.8
,"Alabama","01","2020","2020","Breast","26000","55-59 years","55-59","White","2106-3",306,248794,123.0,109.6,137.6,7.0
,"Alabama","01","2020","2020","Breast","26000","60-64 years ","60-64","Black or African American","2054-5",168,82903,202.6,173.2,235.7,15.6
,"Alabama","01","2020","2020","Breast","26000","60-64 years ","60-64","White","2106-3",406,241495,168.1,152.2,185.3,8.3
,"Alabama","01","2020","2020","Breast","26000","65-69 years","65-69","Black or African American","2054-5",158,68120,231.9,197.2,271.1,18.5
,"Alabama","01","2020","2020","Breast","26000","65-69 years","65-69","White","2106-3",424,213415,198.7,180.2,218.5,9.6
,"Alabama","01","2020","2020","Breast","26000","70-74 years","70-74","Black or African American","2054-5",127,47737,266.0,221.8,316.5,23.6
,"Alabama","01","2020","2020","Breast","26000","70-74 years","70-74","White","2106-3",412,184696,223.1,202.0,245.7,11.0
,"Alabama","01","2020","2020","Breast","26000","75-79 years","75-79","Black or African American","2054-5",67,27578,242.9,188.3,308.5,29.7
,"Alabama","01","2020","2020","Breast","26000","75-79 years","75-79","White","2106-3",296,126938,233.2,207.4,261.3,13.6
,"Alabama","01","2020","2020","Breast","26000","80-84 years","80-84","Black or African American","2054-5",52,17308,300.4,224.4,394.0,41.7
,"Alabama","01","2020","2020","Breast","26000","80-84 years","80-84","White","2106-3",187,80908,231.1,199.2,266.7,16.9
,"Alabama","01","2020","2020","Breast","26000","85+ years","85+","Black or African American","2054-5",32,15406,207.7,142.1,293.2,36.7
,"Alabama","01","2020","2020","Breast","26000","85+ years","85+","White","2106-3",142,69821,203.4,171.3,239.7,17.1
,"Alabama","01","2020","2020","Kidney and Renal Pelvis","29020","35-39 years","35-39","White","2106-3",22,214113,10.3,6.4,15.6,2.2
,"Alabama","01","2020","2020","Kidney and Renal Pelvis","29020","40-44 years","40-44","White","2106-3",32,208366,15.4,10.5,21.7,2.7
,"Alabama","01","2020","2020","Kidney and Renal Pelvis","29020","45-49 years","45-49","Black or African American","2054-5",16,81891,19.5,11.2,31.7,4.9
,"Alabama","01","2020","2020","Kidney and Renal Pelvis","29020","45-49 years","45-49","White","2106-3",41,219913,18.6,13.4,25.3,2.9
,"Alabama","01","2020","2020","Kidney and Renal Pelvis","29020","50-54 years","50-54","White","2106-3",66,227711,29.0,22.4,36.9,3.6
,"Alabama","01","2020","2020","Kidney and Renal Pelvis","29020","55-59 years","55-59","Black or African American","2054-5",37,85968,43.0,30.3,59.3,7.1
,"Alabama","01","2020","2020","Kidney and Renal Pelvis","29020","55-59 years","55-59","White","2106-3",93,248794,37.4,30.2,45.8,3.9
,"Alabama","01","2020","2020","Kidney and Renal Pelvis","29020","60-64 years ","60-64","Black or African American","2054-5",40,82903,48.2,34.5,65.7,7.6
,"Alabama","01","2020","2020","Kidney and Renal Pelvis","29020","60-64 years ","60-64","White","2106-3",127,241495,52.6,43.8,62.6,4.7
,"Alabama","01","2020","2020","Kidney and Renal Pelvis","29020","65-69 years","65-69","Black or African American","2054-5",41,68120,60.2,43.2,81.7,9.4
,"Alabama","01","2020","2020","Kidney and Renal Pelvis","29020","65-69 years","65-69","White","2106-3",155,213415,72.6,61.6,85.0,5.8
,"Alabama","01","2020","2020","Kidney and Renal Pelvis","29020","70-74 years","70-74","Black or African American","2054-5",38,47737,79.6,56.3,109.3,12.9
,"Alabama","01","2020","2020","Kidney and Renal Pelvis","29020","70-74 years","70-74","White","2106-3",108,184696,58.5,48.0,70.6,5.6
,"Alabama","01","2020","2020","Kidney and Renal Pelvis","29020","75-79 years","75-79","Black or African American","2054-5",18,27578,65.3,38.7,103.2,15.4
,"Alabama","01","2020","2020","Kidney and Renal Pelvis","29020","75-79 years","75-79","White","2106-3",93,126938,73.3,59.1,89.8,7.6
,"Alabama","01","2020","2020","Kidney and Renal Pelvis","29020","80-84 years","80-84","White","2106-3",42,80908,51.9,37.4,70.2,8.0
,"Alabama","01","2020","2020","Kidney and Renal Pelvis","29020","85+ years","85+","White","2106-3",38,69821,54.4,38.5,74.7,8.8
,"Alabama","01","2020","2020","Liver","21071","55-59 years","55-59","White","2106-3",37,248794,14.9,10.5,20.5,2.4
,"Alabama","01","2020","2020","Liver","21071","60-64 years ","60-64","Black or African American","2054-5",21,82903,25.3,15.7,38.7,5.5
,"Alabama","01","2020","2020","Liver","21071","60-64 years ","60-64","White","2106-3",67,241495,27.7,21.5,35.2,3.4
,"Alabama","01","2020","2020","Liver","21071","65-69 years","65-69","Black or African American","2054-5",29,68120,42.6,28.5,61.1,7.9
,"Alabama","01","2020","2020","Liver","21071","65-69 years","65-69","White","2106-3",75,213415,35.1,27.6,44.1,4.1
,"Alabama","01","2020","2020","Liver","21071","70-74 years","70-74","Black or African American","2054-5",24,47737,50.3,32.2,74.8,10.3
,"Alabama","01","2020","2020","Liver","21071","70-74 years","70-74","White","2106-3",52,184696,28.2,21.0,36.9,3.9
,"Alabama","01","2020","2020","Liver","21071","75-79 years","75-79","White","2106-3",35,126938,27.6,19.2,38.3,4.7
,"Alabama","01","2020","2020","Liver","21071","80-84 years","80-84","White","2106-3",32,80908,39.6,27.1,55.8,7.0
,"Alabama","01","2020","2020","Liver","21071","85+ years","85+","White","2106-3",16,69821,22.9,13.1,37.2,5.7
,"Alabama","01","2020","2020","Lung and Bronchus","22030","45-49 years","45-49","White","2106-3",50,219913,22.7,16.9,30.0,3.2
,"Alabama","01","2020","2020","Lung and Bronchus","22030","50-54 years","50-54","Black or African American","2054-5",25,79129,31.6,20.4,46.6,6.3
,"Alabama","01","2020","2020","Lung and Bronchus","22030","50-54 years","50-54","White","2106-3",113,227711,49.6,40.9,59.7,4.7
,"Alabama","01","2020","2020","Lung and Bronchus","22030","55-59 years","55-59","Black or African American","2054-5",84,85968,97.7,77.9,121.0,10.7
,"Alabama","01","2020","2020","Lung and Bronchus","22030","55-59 years","55-59","White","2106-3",273,248794,109.7,97.1,123.5,6.6
,"Alabama","01","2020","2020","Lung and Bronchus","22030","60-64 years ","60-64","Black or African American","2054-5",132,82903,159.2,133.2,188.8,13.9
,"Alabama","01","2020","2020","Lung and Bronchus","22030","60-64 years ","60-64","White","2106-3",433,241495,179.3,162.8,197.0,8.6
,"Alabama","01","2020","2020","Lung and Bronchus","22030","65-69 years","65-69","Black or African American","2054-5",124,68120,182.0,151.4,217.0,16.3
,"Alabama","01","2020","2020","Lung and Bronchus","22030","65-69 years","65-69","White","2106-3",502,213415,235.2,215.1,256.7,10.5
,"Alabama","01","2020","2020","Lung and Bronchus","22030","70-74 years","70-74","Black or African American","2054-5",134,47737,280.7,235.2,332.5,24.2
,"Alabama","01","2020","2020","Lung and Bronchus","22030","70-74 years","70-74","White","2106-3",554,184696,300.0,275.5,326.0,12.7
,"Alabama","01","2020","2020","Lung and Bronchus","22030","75-79 years","75-79","Black or African American","2054-5",66,27578,239.3,185.1,304.5,29.5
,"Alabama","01","2020","2020","Lung and Bronchus","22030","75-79 years","75-79","White","2106-3",477,126938,375.8,342.8,411.1,17.2
,"Alabama","01","2020","2020","Lung and Bronchus","22030","80-84 years","80-84","Black or African American","2054-5",49,17308,283.1,209.4,374.3,40.4
,"Alabama","01","2020","2020","Lung and Bronchus","22030","80-84 years","80-84","White","2106-3",298,80908,368.3,327.7,412.6,21.3
,"Alabama","01","2020","2020","Lung and Bronchus","22030","85+ years","85+","Black or African American","2054-5",34,15406,220.7,152.8,308.4,37.8
,"Alabama","01","2020","2020","Lung and Bronchus","22030","85+ years","85+","White","2106-3",193,69821,276.4,238.8,318.3,19.9
,"Alabama","01","2020","2020","Prostate","28010","45-49 years","45-49","Black or African American","2054-5",34,36581,92.9,64.4,129.9,15.9
,"Alabama","01","2020","2020","Prostate","28010","45-49 years","45-49","White","2106-3",28,110775,25.3,16.8,36.5,4.8
,"Alabama","01","2020","2020","Prostate","28010","50-54 years","50-54","Black or African American","2054-5",84,35824,234.5,187.0,290.3,25.6
,"Alabama","01","2020","2020","Prostate","28010","50-54 years","50-54","White","2106-3",103,114960,89.6,73.1,108.7,8.8
,"Alabama","01","2020","2020","Prostate","28010","55-59 years","55-59","Black or African American","2054-5",169,38921,434.2,371.2,504.8,33.4
,"Alabama","01","2020","2020","Prostate","28010","55-59 years","55-59","White","2106-3",227,123852,183.3,160.2,208.7,12.2
,"Alabama","01","2020","2020","Prostate","28010","60-64 years ","60-64","Black or African American","2054-5",262,36980,708.5,625.3,799.7,43.8
,"Alabama","01","2020","2020","Prostate","28010","60-64 years ","60-64","White","2106-3",394,118413,332.7,300.7,367.3,16.8
,"Alabama","01","2020","2020","Prostate","28010","60-64 years ","60-64","Other Races and Unknown combined","2131-1",18,Not Applicable,Not Applicable,Not Applicable,Not Applicable,Not Applicable
,"Alabama","01","2020","2020","Prostate","28010","65-69 years","65-69","Black or African American","2054-5",265,29789,889.6,785.7,1003.4,54.6
,"Alabama","01","2020","2020","Prostate","28010","65-69 years","65-69","White","2106-3",484,101987,474.6,433.2,518.8,21.6
,"Alabama","01","2020","2020","Prostate","28010","65-69 years","65-69","Other Races and Unknown combined","2131-1",21,Not Applicable,Not Applicable,Not Applicable,Not Applicable,Not Applicable
,"Alabama","01","2020","2020","Prostate","28010","70-74 years","70-74","Black or African American","2054-5",175,20525,852.6,731.0,988.7,64.5
,"Alabama","01","2020","2020","Prostate","28010","70-74 years","70-74","White","2106-3",398,86421,460.5,416.4,508.1,23.1
,"Alabama","01","2020","2020","Prostate","28010","75-79 years","75-79","Black or African American","2054-5",91,11181,813.9,655.3,999.3,85.3
,"Alabama","01","2020","2020","Prostate","28010","75-79 years","75-79","White","2106-3",285,56944,500.5,444.1,562.1,29.6
,"Alabama","01","2020","2020","Prostate","28010","80-84 years","80-84","Black or African American","2054-5",28,6384,438.6,291.4,633.9,82.9
,"Alabama","01","2020","2020","Prostate","28010","80-84 years","80-84","White","2106-3",108,33943,318.2,261.0,384.2,30.6
,"Alabama","01","2020","2020","Prostate","28010","85+ years","85+","Black or African American","2054-5",30,4407,680.7,459.3,971.8,124.3
,"Alabama","01","2020","2020","Prostate","28010","85+ years","85+","White","2106-3",90,24454,368.0,295.9,452.4,38.8
,"Alabama","01","2020","2020","Urinary Bladder, invasive and in situ","29010","50-54 years","50-54","White","2106-3",21,227711,9.2,5.7,14.1,2.0
,"Alabama","01","2020","2020","Urinary Bladder, invasive and in situ","29010","55-59 years","55-59","White","2106-3",64,248794,25.7,19.8,32.8,3.2
,"Alabama","01","2020","2020","Urinary Bladder, invasive and in situ","29010","60-64 years ","60-64","Black or African American","2054-5",20,82903,24.1,14.7,37.3,5.4
,"Alabama","01","2020","2020","Urinary Bladder, invasive and in situ","29010","60-64 years ","60-64","White","2106-3",111,241495,46.0,37.8,55.4,4.4
,"Alabama","01","2020","2020","Urinary Bladder, invasive and in situ","29010","65-69 years","65-69","Black or African American","2054-5",18,68120,26.4,15.7,41.8,6.2
,"Alabama","01","2020","2020","Urinary Bladder, invasive and in situ","29010","65-69 years","65-69","White","2106-3",123,213415,57.6,47.9,68.8,5.2
,"Alabama","01","2020","2020","Urinary Bladder, invasive and in situ","29010","70-74 years","70-74","Black or African American","2054-5",23,47737,48.2,30.5,72.3,10.0
,"Alabama","01","2020","2020","Urinary Bladder, invasive and in situ","29010","70-74 years","70-74","White","2106-3",166,184696,89.9,76.7,104.6,7.0
,"Alabama","01","2020","2020","Urinary Bladder, invasive and in situ","29010","75-79 years","75-79","Black or African American","2054-5",17,27578,61.6,35.9,98.7,15.0
,"Alabama","01","2020","2020","Urinary Bladder, invasive and in situ","29010","75-79 years","75-79","White","2106-3",164,126938,129.2,110.2,150.6,10.1
,"Alabama","01","2020","2020","Urinary Bladder, invasive and in situ","29010","80-84 years","80-84","White","2106-3",128,80908,158.2,132.0,188.1,14.0
,"Alabama","01","2020","2020","Urinary Bladder, invasive and in situ","29010","85+ years","85+","Black or African American","2054-5",16,15406,103.9,59.4,168.7,26.0
,"Alabama","01","2020","2020","Urinary Bladder, invasive and in situ","29010","85+ years","85+","White","2106-3",106,69821,151.8,124.3,183.6,14.7
,"Alaska","02","2020","2020","Breast","26000","40-44 years","40-44","White","2106-3",18,32055,56.2,33.3,88.7,13.2
,"Alaska","02","2020","2020","Breast","26000","45-49 years","45-49","White","2106-3",27,29941,90.2,59.4,131.2,17.4
,"Alaska","02","2020","2020","Breast","26000","50-54 years","50-54","White","2106-3",34,31011,109.6,75.9,153.2,18.8
,"Alaska","02","2020","2020","Breast","26000","55-59 years","55-59","White","2106-3",39,35019,111.4,79.2,152.2,17.8
,"Alaska","02","2020","2020","Breast","26000","60-64 years ","60-64","White","2106-3",55,34543,159.2,119.9,207.2,21.5
,"Alaska","02","2020","2020","Breast","26000","65-69 years","65-69","White","2106-3",65,29289,221.9,171.3,282.9,27.5
,"Alaska","02","2020","2020","Breast","26000","70-74 years","70-74","White","2106-3",37,20697,178.8,125.9,246.4,29.4
,"Alaska","02","2020","2020","Breast","26000","75-79 years","75-79","White","2106-3",25,12105,206.5,133.7,304.9,41.3
,"Alaska","02","2020","2020","Kidney and Renal Pelvis","29020","65-69 years","65-69","White","2106-3",21,29289,71.7,44.4,109.6,15.6
,"Alaska","02","2020","2020","Lung and Bronchus","22030","55-59 years","55-59","White","2106-3",29,35019,82.8,55.5,118.9,15.4
,"Alaska","02","2020","2020","Lung and Bronchus","22030","60-64 years ","60-64","White","2106-3",45,34543,130.3,95.0,174.3,19.4
,"Alaska","02","2020","2020","Lung and Bronchus","22030","65-69 years","65-69","White","2106-3",50,29289,170.7,126.7,225.1,24.1
,"Alaska","02","2020","2020","Lung and Bronchus","22030","70-74 years","70-74","White","2106-3",45,20697,217.4,158.6,290.9,32.4
,"Alaska","02","2020","2020","Lung and Bronchus","22030","75-79 years","75-79","White","2106-3",54,12105,446.1,335.1,582.1,60.7
,"Alaska","02","2020","2020","Lung and Bronchus","22030","80-84 years","80-84","White","2106-3",26,6155,422.4,275.9,618.9,82.8
,"Alaska","02","2020","2020","Prostate","28010","55-59 years","55-59","White","2106-3",28,18860,148.5,98.7,214.6,28.1
,"Alaska","02","2020","2020","Prostate","28010","60-64 years ","60-64","White","2106-3",67,18244,367.2,284.6,466.4,44.9
,"Alaska","02","2020","2020","Prostate","28010","65-69 years","65-69","Black or African American","2054-5",16,569,2812.0,1607.3,4566.4,703.0
,"Alaska","02","2020","2020","Prostate","28010","65-69 years","65-69","White","2106-3",78,15445,505.0,399.2,630.3,57.2
,"Alaska","02","2020","2020","Prostate","28010","70-74 years","70-74","White","2106-3",65,11070,587.2,453.2,748.4,72.8
,"Alaska","02","2020","2020","Prostate","28010","75-79 years","75-79","White","2106-3",33,6271,526.2,362.2,739.0,91.6
,"Alaska","02","2020","2020","Prostate","28010","80-84 years","80-84","White","2106-3",22,2961,743.0,465.6,1124.9,158.4
,"Alaska","02","2020","2020","Urinary Bladder, invasive and in situ","29010","65-69 years","65-69","White","2106-3",25,29289,85.4,55.2,126.0,17.1
,"Alaska","02","2020","2020","Urinary Bladder, invasive and in situ","29010","70-74 years","70-74","White","2106-3",21,20697,101.5,62.8,155.1,22.1
,"Alaska","02","2020","2020","Urinary Bladder, invasive and in situ","29010","75-79 years","75-79","White","2106-3",19,12105,157.0,94.5,245.1,36.0
,"Arizona","04","2020","2020","Breast","26000","30-34 years","30-34","White","2106-3",56,386464,14.5,10.9,18.8,1.9
,"Arizona","04","2020","2020","Breast","26000","35-39 years","35-39","White","2106-3",92,375483,24.5,19.8,30.0,2.6
,"Arizona","04","2020","2020","Breast","26000","40-44 years","40-44","White","2106-3",193,353694,54.6,47.1,62.8,3.9
,"Arizona","04","2020","2020","Breast","26000","45-49 years","45-49","Asian or Pacific Islander","A-PI",28,24178,115.8,77.0,167.4,21.9
,"Arizona","04","2020","2020","Breast","26000","45-49 years","45-49","Black or African American","2054-5",16,25306,63.2,36.1,102.7,15.8
,"Arizona","04","2020","2020","Breast","26000","45-49 years","45-49","White","2106-3",273,352609,77.4,68.5,87.2,4.7
,"Arizona","04","2020","2020","Breast","26000","50-54 years","50-54","Asian or Pacific Islander","A-PI",18,19708,91.3,54.1,144.3,21.5
,"Arizona","04","2020","2020","Breast","26000","50-54 years","50-54","White","2106-3",381,356868,106.8,96.3,118.0,5.5
,"Arizona","04","2020","2020","Breast","26000","55-59 years","55-59","Asian or Pacific Islander","A-PI",22,17068,128.9,80.8,195.1,27.5
,"Arizona","04","2020","2020","Breast","26000","55-59 years","55-59","Black or African American","2054-5",31,21689,142.9,97.1,202.9,25.7
,"Arizona","04","2020","2020","Breast","26000","55-59 years","55-59","White","2106-3",513,383859,133.6,122.3,145.7,5.9
,"Arizona","04","2020","2020","Breast","26000","60-64 years ","60-64","Asian or Pacific Islander","A-PI",19,14788,128.5,77.4,200.6,29.5
,"Arizona","04","2020","2020","Breast","26000","60-64 years ","60-64","Black or African American","2054-5",34,19100,178.0,123.3,248.8,30.5
,"Arizona","04","2020","2020","Breast","26000","60-64 years ","60-64","White","2106-3",621,385952,160.9,148.5,174.1,6.5
,"Arizona","04","2020","2020","Breast","26000","65-69 years","65-69","Asian or Pacific Islander","A-PI",21,12754,164.7,101.9,251.7,35.9
,"Arizona","04","2020","2020","Breast","26000","65-69 years","65-69","Black or African American","2054-5",19,14344,132.5,79.7,206.9,30.4
,"Arizona","04","2020","2020","Breast","26000","65-69 years","65-69","White","2106-3",752,363714,206.8,192.2,222.1,7.5
,"Arizona","04","2020","2020","Breast","26000","70-74 years","70-74","Asian or Pacific Islander","A-PI",21,9696,216.6,134.1,331.1,47.3
,"Arizona","04","2020","2020","Breast","26000","70-74 years","70-74","Black or African American","2054-5",18,10264,175.4,103.9,277.2,41.3
,"Arizona","04","2020","2020","Breast","26000","70-74 years","70-74","White","2106-3",746,332556,224.3,208.5,241.0,8.2
,"Arizona","04","2020","2020","Breast","26000","75-79 years","75-79","Black or African American","2054-5",17,6041,281.4,163.9,450.6,68.3
,"Arizona","04","2020","2020","Breast","26000","75-79 years","75-79","White","2106-3",504,233955,215.4,197.0,235.1,9.6
,"Arizona","04","2020","2020","Breast","26000","80-84 years","80-84","White","2106-3",300,145243,206.6,183.8,231.3,11.9
,"Arizona","04","2020","2020","Breast","26000","85+ years","85+","White","2106-3",199,128100,155.3,134.5,178.5,11.0
,"Arizona","04","2020","2020","Kidney and Renal Pelvis","29020","35-39 years","35-39","White","2106-3",28,375483,7.5,5.0,10.8,1.4
,"Arizona","04","2020","2020","Kidney and Renal Pelvis","29020","40-44 years","40-44","White","2106-3",39,353694,11.0,7.8,15.1,1.8
,"Arizona","04","2020","2020","Kidney and Renal Pelvis","29020","45-49 years","45-49","White","2106-3",57,352609,16.2,12.2,20.9,2.1
,"Arizona","04","2020","2020","Kidney and Renal Pelvis","29020","50-54 years","50-54","White","2106-3",74,356868,20.7,16.3,26.0,2.4
,"Arizona","04","2020","2020","Kidney and Renal Pelvis","29020","55-59 years","55-59","White","2106-3",117,383859,30.5,25.2,36.5,2.8
,"Arizona","04","2020","2020","Kidney and Renal Pelvis","29020","60-64 years ","60-64","American Indian or Alaska Native","1002-5",17,17821,95.4,55.6,152.7,23.1
,"Arizona","04","2020","2020","Kidney and Renal Pelvis","29020","60-64 years ","60-64","White","2106-3",172,385952,44.6,38.2,51.7,3.4
,"Arizona","04","2020","2020","Kidney and Renal Pelvis","29020","65-69 years","65-69","White","2106-3",194,363714,53.3,46.1,61.4,3.8
,"Arizona","04","2020","2020","Kidney and Renal Pelvis","29020","70-74 years","70-74","White","2106-3",215,332556,64.7,56.3,73.9,4.4
,"Arizona","04","2020","2020","Kidney and Renal Pelvis","29020","75-79 years","75-79","White","2106-3",152,233955,65.0,55.1,76.2,5.3
,"Arizona","04","2020","2020","Kidney and Renal Pelvis","29020","80-84 years","80-84","White","2106-3",77,145243,53.0,41.8,66.3,6.0
,"Arizona","04","2020","2020","Kidney and Renal Pelvis","29020","85+ years","85+","White","2106-3",61,128100,47.6,36.4,61.2,6.1
,"Arizona","04","2020","2020","Liver","21071","55-59 years","55-59","White","2106-3",53,383859,13.8,10.3,18.1,1.9
,"Arizona","04","2020","2020","Liver","21071","60-64 years ","60-64","White","2106-3",101,385952,26.2,21.3,31.8,2.6
,"Arizona","04","2020","2020","Liver","21071","65-69 years","65-69","White","2106-3",99,363714,27.2,22.1,33.1,2.7
,"Arizona","04","2020","2020","Liver","21071","70-74 years","70-74","White","2106-3",93,332556,28.0,22.6,34.3,2.9
,"Arizona","04","2020","2020","Liver","21071","75-79 years","75-79","White","2106-3",71,233955,30.3,23.7,38.3,3.6
,"Arizona","04","2020","2020","Liver","21071","80-84 years","80-84","White","2106-3",35,145243,24.1,16.8,33.5,4.1
,"Arizona","04","2020","2020","Liver","21071","85+ years","85+","White","2106-3",31,128100,24.2,16.4,34.3,4.3
,"Arizona","04","2020","2020","Lung and Bronchus","22030","45-49 years","45-49","White","2106-3",41,352609,11.6,8.3,15.8,1.8
,"Arizona","04","2020","2020","Lung and Bronchus","22030","50-54 years","50-54","White","2106-3",92,356868,25.8,20.8,31.6,2.7
,"Arizona","04","2020","2020","Lung and Bronchus","22030","55-59 years","55-59","Black or African American","2054-5",16,21689,73.8,42.2,119.8,18.4
,"Arizona","04","2020","2020","Lung and Bronchus","22030","55-59 years","55-59","White","2106-3",201,383859,52.4,45.4,60.1,3.7
,"Arizona","04","2020","2020","Lung and Bronchus","22030","60-64 years ","60-64","Black or African American","2054-5",25,19100,130.9,84.7,193.2,26.2
,"Arizona","04","2020","2020","Lung and Bronchus","22030","60-64 years ","60-64","White","2106-3",409,385952,106.0,95.9,116.8,5.2
,"Arizona","04","2020","2020","Lung and Bronchus","22030","65-69 years","65-69","Black or African American","2054-5",23,14344,160.3,101.6,240.6,33.4
,"Arizona","04","2020","2020","Lung and Bronchus","22030","65-69 years","65-69","White","2106-3",627,363714,172.4,159.2,186.4,6.9
,"Arizona","04","2020","2020","Lung and Bronchus","22030","70-74 years","70-74","Black or African American","2054-5",22,10264,214.3,134.3,324.5,45.7
,"Arizona","04","2020","2020","Lung and Bronchus","22030","70-74 years","70-74","White","2106-3",744,332556,223.7,207.9,240.4,8.2
,"Arizona","04","2020","2020","Lung and Bronchus","22030","75-79 years","75-79","White","2106-3",740,233955,316.3,293.9,339.9,11.6
,"Arizona","04","2020","2020","Lung and Bronchus","22030","80-84 years","80-84","White","2106-3",500,145243,344.3,314.7,375.8,15.4
,"Arizona","04","2020","2020","Lung and Bronchus","22030","85+ years","85+","White","2106-3",328,128100,256.0,229.1,285.3,14.1
,"Arizona","04","2020","2020","Prostate","28010","45-49 years","45-49","White","2106-3",23,178120,12.9,8.2,19.4,2.7
,"Arizona","04","2020","2020","Prostate","28010","50-54 years","50-54","Black or African American","2054-5",19,11700,162.4,97.8,253.6,37.3
,"Arizona","04","2020","2020","Prostate","28010","50-54 years","50-54","White","2106-3",108,179557,60.1,49.3,72.6,5.8
,"Arizona","04","2020","2020","Prostate","28010","55-59 years","55-59","Black or African American","2054-5",31,11252,275.5,187.2,391.1,49.5
,"Arizona","04","2020","2020","Prostate","28010","55-59 years","55-59","White","2106-3",319,189031,168.8,150.7,188.3,9.4
,"Arizona","04","2020","2020","Prostate","28010","60-64 years ","60-64","Black or African American","2054-5",36,9565,376.4,263.6,521.1,62.7
,"Arizona","04","2020","2020","Prostate","28010","60-64 years ","60-64","White","2106-3",494,185501,266.3,243.3,290.9,12.0
,"Arizona","04","2020","2020","Prostate","28010","60-64 years ","60-64","Other Races and Unknown combined","2131-1",31,Not Applicable,Not Applicable,Not Applicable,Not Applicable,Not Applicable
,"Arizona","04","2020","2020","Prostate","28010","65-69 years","65-69","Black or African American","2054-5",44,6903,637.4,463.1,855.7,96.1
,"Arizona","04","2020","2020","Prostate","28010","65-69 years","65-69","White","2106-3",734,171553,427.9,397.5,460.0,15.8
,"Arizona","04","2020","2020","Prostate","28010","65-69 years","65-69","Other Races and Unknown combined","2131-1",26,Not Applicable,Not Applicable,Not Applicable,Not Applicable,Not Applicable
,"Arizona","04","2020","2020","Prostate","28010","70-74 years","70-74","Black or African American","2054-5",23,4816,477.6,302.7,716.6,99.6
,"Arizona","04","2020","2020","Prostate","28010","70-74 years","70-74","White","2106-3",674,157938,426.7,395.1,460.2,16.4
,"Arizona","04","2020","2020","Prostate","28010","70-74 years","70-74","Other Races and Unknown combined","2131-1",24,Not Applicable,Not Applicable,Not Applicable,Not Applicable,Not Applicable
,"Arizona","04","2020","2020","Prostate","28010","75-79 years","75-79","White","2106-3",406,110620,367.0,332.2,404.5,18.2
,"Arizona","04","2020","2020","Prostate","28010","80-84 years","80-84","White","2106-3",188,68053,276.3,238.2,318.7,20.1
,"Arizona","04","2020","2020","Prostate","28010","85+ years","85+","White","2106-3",179,53591,334.0,286.9,386.7,25.0
,"Arizona","04","2020","2020","Urinary Bladder, invasive and in situ","29010","45-49 years","45-49","White","2106-3",16,352609,4.5,2.6,7.4,1.1
,"Arizona","04","2020","2020","Urinary Bladder, invasive and in situ","29010","50-54 years","50-54","White","2106-3",27,356868,7.6,5.0,11.0,1.5
,"Arizona","04","2020","2020","Urinary Bladder, invasive and in situ","29010","55-59 years","55-59","White","2106-3",62,383859,16.2,12.4,20.7,2.1
,"Arizona","04","2020","2020","Urinary Bladder, invasive and in situ","29010","60-64 years ","60-64","White","2106-3",115,385952,29.8,24.6,35.8,2.8
,"Arizona","04","2020","2020","Urinary Bladder, invasive and in situ","29010","65-69 years","65-69","White","2106-3",213,363714,58.6,51.0,67.0,4.0
,"Arizona","04","2020","2020","Urinary Bladder, invasive and in situ","29010","70-74 years","70-74","White","2106-3",293,332556,88.1,78.3,98.8,5.1
,"Arizona","04","2020","2020","Urinary Bladder, invasive and in situ","29010","75-79 years","75-79","White","2106-3",333,233955,142.3,127.5,158.5,7.8
,"Arizona","04","2020","2020","Urinary Bladder, invasive and in situ","29010","80-84 years","80-84","White","2106-3",226,145243,155.6,136.0,177.3,10.4
,"Arizona","04","2020","2020","Urinary Bladder, invasive and in situ","29010","85+ years","85+","White","2106-3",246,128100,192.0,168.8,217.6,12.2
,"Arkansas","05","2020","2020","Breast","26000","30-34 years","30-34","White","2106-3",18,151329,11.9,7.0,18.8,2.8
,"Arkansas","05","2020","2020","Breast","26000","35-39 years","35-39","White","2106-3",45,151971,29.6,21.6,39.6,4.4
,"Arkansas","05","2020","2020","Breast","26000","40-44 years","40-44","Black or African American","2054-5",24,29781,80.6,51.6,119.9,16.5
,"Arkansas","05","2020","2020","Breast","26000","40-44 years","40-44","White","2106-3",74,145780,50.8,39.9,63.7,5.9
,"Arkansas","05","2020","2020","Breast","26000","45-49 years","45-49","Black or African American","2054-5",35,27035,129.5,90.2,180.1,21.9
,"Arkansas","05","2020","2020","Breast","26000","45-49 years","45-49","White","2106-3",125,147118,85.0,70.7,101.2,7.6
,"Arkansas","05","2020","2020","Breast","26000","50-54 years","50-54","Black or African American","2054-5",39,26289,148.4,105.5,202.8,23.8
,"Arkansas","05","2020","2020","Breast","26000","50-54 years","50-54","White","2106-3",149,147636,100.9,85.4,118.5,8.3
,"Arkansas","05","2020","2020","Breast","26000","55-59 years","55-59","Black or African American","2054-5",39,28433,137.2,97.5,187.5,22.0
,"Arkansas","05","2020","2020","Breast","26000","55-59 years","55-59","White","2106-3",173,163493,105.8,90.6,122.8,8.0
,"Arkansas","05","2020","2020","Breast","26000","60-64 years ","60-64","Black or African American","2054-5",52,27467,189.3,141.4,248.3,26.3
,"Arkansas","05","2020","2020","Breast","26000","60-64 years ","60-64","White","2106-3",263,156920,167.6,148.0,189.1,10.3
,"Arkansas","05","2020","2020","Breast","26000","65-69 years","65-69","Black or African American","2054-5",36,22645,159.0,111.3,220.1,26.5
,"Arkansas","05","2020","2020","Breast","26000","65-69 years","65-69","White","2106-3",325,140521,231.3,206.8,257.8,12.8
,"Arkansas","05","2020","2020","Breast","26000","70-74 years","70-74","Black or African American","2054-5",25,14986,166.8,108.0,246.3,33.4
,"Arkansas","05","2020","2020","Breast","26000","70-74 years","70-74","White","2106-3",263,121806,215.9,190.6,243.7,13.3
,"Arkansas","05","2020","2020","Breast","26000","75-79 years","75-79","Black or African American","2054-5",22,8476,259.6,162.7,393.0,55.3
,"Arkansas","05","2020","2020","Breast","26000","75-79 years","75-79","White","2106-3",223,85354,261.3,228.1,297.9,17.5
,"Arkansas","05","2020","2020","Breast","26000","80-84 years","80-84","Black or African American","2054-5",20,5178,386.2,235.9,596.5,86.4
,"Arkansas","05","2020","2020","Breast","26000","80-84 years","80-84","White","2106-3",133,54535,243.9,204.2,289.0,21.1
,"Arkansas","05","2020","2020","Breast","26000","85+ years","85+","White","2106-3",112,49286,227.2,187.1,273.4,21.5
,"Arkansas","05","2020","2020","Kidney and Renal Pelvis","29020","35-39 years","35-39","White","2106-3",17,151971,11.2,6.5,17.9,2.7
,"Arkansas","05","2020","2020","Kidney and Renal Pelvis","29020","40-44 years","40-44","White","2106-3",18,145780,12.3,7.3,19.5,2.9
,"Arkansas","05","2020","2020","Kidney and Renal Pelvis","29020","45-49 years","45-49","White","2106-3",44,147118,29.9,21.7,40.2,4.5
,"Arkansas","05","2020","2020","Kidney and Renal Pelvis","29020","50-54 years","50-54","White","2106-3",54,147636,36.6,27.5,47.7,5.0
,"Arkansas","05","2020","2020","Kidney and Renal Pelvis","29020","55-59 years","55-59","White","2106-3",90,163493,55.0,44.3,67.7,5.8
,"Arkansas","05","2020","2020","Kidney and Renal Pelvis","29020","60-64 years ","60-64","White","2106-3",96,156920,61.2,49.6,74.7,6.2
,"Arkansas","05","2020","2020","Kidney and Renal Pelvis","29020","65-69 years","65-69","Black or African American","2054-5",25,22645,110.4,71.4,163.0,22.1
,"Arkansas","05","2020","2020","Kidney and Renal Pelvis","29020","65-69 years","65-69","White","2106-3",109,140521,77.6,63.7,93.6,7.4
,"Arkansas","05","2020","2020","Kidney and Renal Pelvis","29020","70-74 years","70-74","White","2106-3",104,121806,85.4,69.8,103.5,8.4
,"Arkansas","05","2020","2020","Kidney and Renal Pelvis","29020","75-79 years","75-79","White","2106-3",77,85354,90.2,71.2,112.8,10.3
,"Arkansas","05","2020","2020","Kidney and Renal Pelvis","29020","80-84 years","80-84","White","2106-3",35,54535,64.2,44.7,89.3,10.8
,"Arkansas","05","2020","2020","Kidney and Renal Pelvis","29020","85+ years","85+","White","2106-3",44,49286,89.3,64.9,119.8,13.5
,"Arkansas","05","2020","2020","Liver","21071","55-59 years","55-59","White","2106-3",25,163493,15.3,9.9,22.6,3.1
,"Arkansas","05","2020","2020","Liver","21071","60-64 years ","60-64","White","2106-3",39,156920,24.9,17.7,34.0,4.0
,"Arkansas","05","2020","2020","Liver","21071","65-69 years","65-69","White","2106-3",47,140521,33.4,24.6,44.5,4.9
,"Arkansas","05","2020","2020","Liver","21071","70-74 years","70-74","White","2106-3",37,121806,30.4,21.4,41.9,5.0
,"Arkansas","05","2020","2020","Liver","21071","75-79 years","75-79","White","2106-3",27,85354,31.6,20.8,46.0,6.1
,"Arkansas","05","2020","2020","Liver","21071","80-84 years","80-84","White","2106-3",19,54535,34.8,21.0,54.4,8.0
,"Arkansas","05","2020","2020","Lung and Bronchus","22030","45-49 years","45-49","White","2106-3",39,147118,26.5,18.9,36.2,4.2
,"Arkansas","05","2020","2020","Lung and Bronchus","22030","50-54 years","50-54","White","2106-3",75,147636,50.8,40.0,63.7,5.9
,"Arkansas","05","2020","2020","Lung and Bronchus","22030","55-59 years","55-59","Black or African American","2054-5",36,28433,126.6,88.7,175.3,21.1
,"Arkansas","05","2020","2020","Lung and Bronchus","22030","55-59 years","55-59","White","2106-3",189,163493,115.6,99.7,133.3,8.4
,"Arkansas","05","2020","2020","Lung and Bronchus","22030","60-64 years ","60-64","Black or African American","2054-5",53,27467,193.0,144.5,252.4,26.5
,"Arkansas","05","2020","2020","Lung and Bronchus","22030","60-64 years ","60-64","White","2106-3",320,156920,203.9,182.2,227.5,11.4
,"Arkansas","05","2020","2020","Lung and Bronchus","22030","65-69 years","65-69","Black or African American","2054-5",59,22645,260.5,198.3,336.1,33.9
,"Arkansas","05","2020","2020","Lung and Bronchus","22030","65-69 years","65-69","White","2106-3",428,140521,304.6,276.4,334.8,14.7
,"Arkansas","05","2020","2020","Lung and Bronchus","22030","70-74 years","70-74","Black or African American","2054-5",50,14986,333.6,247.6,439.9,47.2
,"Arkansas","05","2020","2020","Lung and Bronchus","22030","70-74 years","70-74","White","2106-3",465,121806,381.8,347.8,418.1,17.7
,"Arkansas","05","2020","2020","Lung and Bronchus","22030","75-79 years","75-79","Black or African American","2054-5",32,8476,377.5,258.2,533.0,66.7
,"Arkansas","05","2020","2020","Lung and Bronchus","22030","75-79 years","75-79","White","2106-3",420,85354,492.1,446.1,541.5,24.0
,"Arkansas","05","2020","2020","Lung and Bronchus","22030","80-84 years","80-84","White","2106-3",212,54535,388.7,338.2,444.7,26.7
,"Arkansas","05","2020","2020","Lung and Bronchus","22030","85+ years","85+","White","2106-3",163,49286,330.7,281.9,385.6,25.9
,"Arkansas","05","2020","2020","Prostate","28010","50-54 years","50-54","Black or African American","2054-5",21,12138,173.0,107.1,264.5,37.8
,"Arkansas","05","2020","2020","Prostate","28010","50-54 years","50-54","White","2106-3",48,74983,64.0,47.2,84.9,9.2
,"Arkansas","05","2020","2020","Prostate","28010","55-59 years","55-59","Black or African American","2054-5",47,13104,358.7,263.5,477.0,52.3
,"Arkansas","05","2020","2020","Prostate","28010","55-59 years","55-59","White","2106-3",123,81474,151.0,125.5,180.1,13.6
,"Arkansas","05","2020","2020","Prostate","28010","60-64 years ","60-64","Black or African American","2054-5",70,12413,563.9,439.6,712.5,67.4
,"Arkansas","05","2020","2020","Prostate","28010","60-64 years ","60-64","White","2106-3",241,76930,313.3,275.0,355.4,20.2
,"Arkansas","05","2020","2020","Prostate","28010","65-69 years","65-69","Black or African American","2054-5",63,10143,621.1,477.3,794.7,78.3
,"Arkansas","05","2020","2020","Prostate","28010","65-69 years","65-69","White","2106-3",338,67164,503.2,451.0,559.9,27.4
,"Arkansas","05","2020","2020","Prostate","28010","70-74 years","70-74","Black or African American","2054-5",51,6635,768.7,572.3,1010.6,107.6
,"Arkansas","05","2020","2020","Prostate","28010","70-74 years","70-74","White","2106-3",272,57258,475.0,420.3,535.0,28.8
,"Arkansas","05","2020","2020","Prostate","28010","75-79 years","75-79","Black or African American","2054-5",22,3581,614.4,385.0,930.1,131.0
,"Arkansas","05","2020","2020","Prostate","28010","75-79 years","75-79","White","2106-3",191,38675,493.9,426.3,569.1,35.7
,"Arkansas","05","2020","2020","Prostate","28010","80-84 years","80-84","Black or African American","2054-5",17,2008,846.6,493.2,1355.5,205.3
,"Arkansas","05","2020","2020","Prostate","28010","80-84 years","80-84","White","2106-3",85,23742,358.0,286.0,442.7,38.8
,"Arkansas","05","2020","2020","Prostate","28010","85+ years","85+","White","2106-3",67,17975,372.7,288.9,473.4,45.5
,"Arkansas","05","2020","2020","Urinary Bladder, invasive and in situ","29010","50-54 years","50-54","White","2106-3",18,147636,12.2,7.2,19.3,2.9
,"Arkansas","05","2020","2020","Urinary Bladder, invasive and in situ","29010","55-59 years","55-59","White","2106-3",34,163493,20.8,14.4,29.1,3.6
,"Arkansas","05","2020","2020","Urinary Bladder, invasive and in situ","29010","60-64 years ","60-64","White","2106-3",66,156920,42.1,32.5,53.5,5.2
,"Arkansas","05","2020","2020","Urinary Bladder, invasive and in situ","29010","65-69 years","65-69","White","2106-3",87,140521,61.9,49.6,76.4,6.6
,"Arkansas","05","2020","2020","Urinary Bladder, invasive and in situ","29010","70-74 years","70-74","White","2106-3",121,121806,99.3,82.4,118.7,9.0
,"Arkansas","05","2020","2020","Urinary Bladder, invasive and in situ","29010","75-79 years","75-79","White","2106-3",134,85354,157.0,131.5,185.9,13.6
,"Arkansas","05","2020","2020","Urinary Bladder, invasive and in situ","29010","80-84 years","80-84","White","2106-3",90,54535,165.0,132.7,202.9,17.4
,"Arkansas","05","2020","2020","Urinary Bladder, invasive and in situ","29010","85+ years","85+","White","2106-3",98,49286,198.8,161.4,242.3,20.1
,"California","06","2020","2020","Breast","26000","25-29 years","25-29","Asian or Pacific Islander","A-PI",20,509700,3.9,2.4,6.1,0.9
,"California","06","2020","2020","Breast","26000","25-29 years","25-29","White","2106-3",112,2119603,5.3,4.4,6.4,0.5
,"California","06","2020","2020","Breast","26000","30-34 years","30-34","Asian or Pacific Islander","A-PI",83,572362,14.5,11.6,18.0,1.6
,"California","06","2020","2020","Breast","26000","30-34 years","30-34","Black or African American","2054-5",38,236688,16.1,11.4,22.0,2.6
,"California","06","2020","2020","Breast","26000","30-34 years","30-34","White","2106-3",286,2123322,13.5,12.0,15.1,0.8
,"California","06","2020","2020","Breast","26000","35-39 years","35-39","Asian or Pacific Islander","A-PI",174,543119,32.0,27.5,37.2,2.4
,"California","06","2020","2020","Breast","26000","35-39 years","35-39","Black or African American","2054-5",70,201777,34.7,27.0,43.8,4.1
,"California","06","2020","2020","Breast","26000","35-39 years","35-39","White","2106-3",579,2016026,28.7,26.4,31.2,1.2
,"California","06","2020","2020","Breast","26000","35-39 years","35-39","Other Races and Unknown combined","2131-1",19,Not Applicable,Not Applicable,Not Applicable,Not Applicable,Not Applicable
,"California","06","2020","2020","Breast","26000","40-44 years","40-44","Asian or Pacific Islander","A-PI",352,488518,72.1,64.7,80.0,3.8
,"California","06","2020","2020","Breast","26000","40-44 years","40-44","Black or African American","2054-5",115,181472,63.4,52.3,76.1,5.9
,"California","06","2020","2020","Breast","26000","40-44 years","40-44","White","2106-3",1044,1837592,56.8,53.4,60.4,1.8
,"California","06","2020","2020","Breast","26000","40-44 years","40-44","Other Races and Unknown combined","2131-1",33,Not Applicable,Not Applicable,Not Applicable,Not Applicable,Not Applicable
,"California","06","2020","2020","Breast","26000","45-49 years","45-49","American Indian or Alaska Native","1002-5",25,49029,51.0,33.0,75.3,10.2
,"California","06","2020","2020","Breast","26000","45-49 years","45-49","Asian or Pacific Islander","A-PI",534,487535,109.5,100.4,119.2,4.7
,"California","06","2020","2020","Breast","26000","45-49 years","45-49","Black or African American","2054-5",141,169132,83.4,70.2,98.3,7.0
,"California","06","2020","2020","Breast","26000","45-49 years","45-49","White","2106-3",1586,1786836,88.8,84.4,93.2,2.2
,"California","06","2020","2020","Breast","26000","45-49 years","45-49","Other Races and Unknown combined","2131-1",49,Not Applicable,Not Applicable,Not Applicable,Not Applicable,Not Applicable
,"California","06","2020","2020","Breast","26000","50-54 years","50-54","Asian or Pacific Islander","A-PI",522,444903,117.3,107.5,127.8,5.1
,"California","06","2020","2020","Breast","26000","50-54 years","50-54","Black or African American","2054-5",179,176582,101.4,87.1,117.4,7.6
,"California","06","2020","2020","Breast","26000","50-54 years","50-54","White","2106-3",1832,1829779,100.1,95.6,104.8,2.3
,"California","06","2020","2020","Breast","26000","50-54 years","50-54","Other Races and Unknown combined","2131-1",59,Not Applicable,Not Applicable,Not Applicable,Not Applicable,Not Applicable
,"California","06","2020","2020","Breast","26000","55-59 years","55-59","American Indian or Alaska Native","1002-5",38,45600,83.3,59.0,114.4,13.5
,"California","06","2020","2020","Breast","26000","55-59 years","55-59","Asian or Pacific Islander","A-PI",551,426073,129.3,118.7,140.6,5.5
,"California","06","2020","2020","Breast","26000","55-59 years","55-59","Black or African American","2054-5",249,182738,136.3,119.9,154.3,8.6
,"California","06","2020","2020","Breast","26000","55-59 years","55-59","White","2106-3",2240,1858991,120.5,115.6,125.6,2.5
,"California","06","2020","2020","Breast","26000","55-59 years","55-59","Other Races and Unknown combined","2131-1",72,Not Applicable,Not Applicable,Not Applicable,Not Applicable,Not Applicable
,"California","06","2020","2020","Breast","26000","60-64 years ","60-64","American Indian or Alaska Native","1002-5",30,38598,77.7,52.4,111.0,14.2
,"California","06","2020","2020","Breast","26000","60-64 years ","60-64","Asian or Pacific Islander","A-PI",550,394691,139.3,127.9,151.5,5.9
,"California","06","2020","2020","Breast","26000","60-64 years ","60-64","Black or African American","2054-5",272,163396,166.5,147.3,187.5,10.1
,"California","06","2020","2020","Breast","26000","60-64 years ","60-64","White","2106-3",2537,1723081,147.2,141.6,153.1,2.9
,"California","06","2020","2020","Breast","26000","60-64 years ","60-64","Other Races and Unknown combined","2131-1",53,Not Applicable,Not Applicable,Not Applicable,Not Applicable,Not Applicable
,"California","06","2020","2020","Breast","26000","65-69 years","65-69","American Indian or Alaska Native","1002-5",25,27993,89.3,57.8,131.8,17.9
,"California","06","2020","2020","Breast","26000","65-69 years","65-69","Asian or Pacific Islander","A-PI",517,337966,153.0,140.1,166.7,6.7
,"California","06","2020","2020","Breast","26000","65-69 years","65-69","Black or African American","2054-5",240,121554,197.4,173.3,224.1,12.7
,"California","06","2020","2020","Breast","26000","65-69 years","65-69","White","2106-3",2787,1443122,193.1,186.0,200.4,3.7
,"California","06","2020","2020","Breast","26000","65-69 years","65-69","Other Races and Unknown combined","2131-1",67,Not Applicable,Not Applicable,Not Applicable,Not Applicable,Not Applicable
,"California","06","2020","2020","Breast","26000","70-74 years","70-74","American Indian or Alaska Native","1002-5",31,19621,158.0,107.3,224.3,28.4
,"California","06","2020","2020","Breast","26000","70-74 years","70-74","Asian or Pacific Islander","A-PI",419,266159,157.4,142.7,173.2,7.7
,"California","06","2020","2020","Breast","26000","70-74 years","70-74","Black or African American","2054-5",199,88690,224.4,194.3,257.8,15.9
,"California","06","2020","2020","Breast","26000","70-74 years","70-74","White","2106-3",2681,1166748,229.8,221.2,238.7,4.4
,"California","06","2020","2020","Breast","26000","70-74 years","70-74","Other Races and Unknown combined","2131-1",53,Not Applicable,Not Applicable,Not Applicable,Not Applicable,Not Applicable
,"California","06","2020","2020","Breast","26000","75-79 years","75-79","American Indian or Alaska Native","1002-5",20,11694,171.0,104.5,264.1,38.2
,"California","06","2020","2020","Breast","26000","75-79 years","75-79","Asian or Pacific Islander","A-PI",223,168998,132.0,115.2,150.5,8.8
,"California","06","2020","2020","Breast","26000","75-79 years","75-79","Black or African American","2054-5",122,56620,215.5,178.9,257.3,19.5
,"California","06","2020","2020","Breast","26000","75-79 years","75-79","White","2106-3",1790,781696,229.0,218.5,239.8,5.4
,"California","06","2020","2020","Breast","26000","75-79 years","75-79","Other Races and Unknown combined","2131-1",35,Not Applicable,Not Applicable,Not Applicable,Not Applicable,Not Applicable
,"California","06","2020","2020","Breast","26000","80-84 years","80-84","Asian or Pacific Islander","A-PI",161,117439,137.1,116.7,160.0,10.8
,"California","06","2020","2020","Breast","26000","80-84 years","80-84","Black or African American","2054-5",79,38358,206.0,163.1,256.7,23.2
,"California","06","2020","2020","Breast","26000","80-84 years","80-84","White","2106-3",1180,503166,234.5,221.3,248.3,6.8
,"California","06","2020","2020","Breast","26000","80-84 years","80-84","Other Races and Unknown combined","2131-1",27,Not Applicable,Not Applicable,Not Applicable,Not Applicable,Not Applicable
,"California","06","2020","2020","Breast","26000","85+ years","85+","Asian or Pacific Islander","A-PI",118,124720,94.6,78.3,113.3,8.7
,"California","06","2020","2020","Breast","26000","85+ years","85+","Black or African American","2054-5",74,34777,212.8,167.1,267.1,24.7
,"California","06","2020","2020","Breast","26000","85+ years","85+","White","2106-3",1100,522475,210.5,198.3,223.4,6.3
,"California","06","2020","2020","Breast","26000","85+ years","85+","Other Races and Unknown combined","2131-1",26,Not Applicable,Not Applicable,Not Applicable,Not Applicable,Not Applicable
,"California","06","2020","2020","Kidney and Renal Pelvis","29020","1-4 years","1-4","White","2106-3",24,1348193,1.8,1.1,2.6,0.4
,"California","06","2020","2020","Kidney and Renal Pelvis","29020","25-29 years","25-29","White","2106-3",25,2119603,1.2,0.8,1.7,0.2
,"California","06","2020","2020","Kidney and Renal Pelvis","29020","30-34 years","30-34","White","2106-3",45,2123322,2.1,1.5,2.8,0.3
,"California","06","2020","2020","Kidney and Renal Pelvis","29020","35-39 years","35-39","White","2106-3",106,2016026,5.3,4.3,6.4,0.5
,"California","06","2020","2020","Kidney and Renal Pelvis","29020","40-44 years","40-44","Asian or Pacific Islander","A-PI",22,488518,4.5,2.8,6.8,1.0
,"California","06","2020","2020","Kidney and Renal Pelvis","29020","40-44 years","40-44","Black or African American","2054-5",18,181472,9.9,5.9,15.7,2.3
,"California","06","2020","2020","Kidney and Renal Pelvis","29020","40-44 years","40-44","White","2106-3",164,1837592,8.9,7.6,10.4,0.7
,"California","06","2020","2020","Kidney and Renal Pelvis","29020","45-49 years","45-49","Asian or Pacific Islander","A-PI",35,487535,7.2,5.0,10.0,1.2
,"California","06","2020","2020","Kidney and Renal Pelvis","29020","45-49 years","45-49","Black or African American","2054-5",22,169132,13.0,8.2,19.7,2.8
,"California","06","2020","2020","Kidney and Renal Pelvis","29020","45-49 years","45-49","White","2106-3",274,1786836,15.3,13.6,17.3,0.9
,"California","06","2020","2020","Kidney and Renal Pelvis","29020","50-54 years","50-54","Asian or Pacific Islander","A-PI",47,444903,10.6,7.8,14.0,1.5
,"California","06","2020","2020","Kidney and Renal Pelvis","29020","50-54 years","50-54","Black or African American","2054-5",30,176582,17.0,11.5,24.3,3.1
,"California","06","2020","2020","Kidney and Renal Pelvis","29020","50-54 years","50-54","White","2106-3",403,1829779,22.0,19.9,24.3,1.1
,"California","06","2020","2020","Kidney and Renal Pelvis","29020","55-59 years","55-59","Asian or Pacific Islander","A-PI",64,426073,15.0,11.6,19.2,1.9
,"California","06","2020","2020","Kidney and Renal Pelvis","29020","55-59 years","55-59","Black or African American","2054-5",64,182738,35.0,27.0,44.7,4.4
,"California","06","2020","2020","Kidney and Renal Pelvis","29020","55-59 years","55-59","White","2106-3",579,1858991,31.1,28.7,33.8,1.3
,"California","06","2020","2020","Kidney and Renal Pelvis","29020","60-64 years ","60-64","Asian or Pacific Islander","A-PI",89,394691,22.5,18.1,27.7,2.4
,"California","06","2020","2020","Kidney and Renal Pelvis","29020","60-64 years ","60-64","Black or African American","2054-5",74,163396,45.3,35.6,56.9,5.3
,"California","06","2020","2020","Kidney and Renal Pelvis","29020","60-64 years ","60-64","White","2106-3",762,1723081,44.2,41.1,47.5,1.6
,"California","06","2020","2020","Kidney and Renal Pelvis","29020","65-69 years","65-69","Asian or Pacific Islander","A-PI",83,337966,24.6,19.6,30.4,2.7
,"California","06","2020","2020","Kidney and Renal Pelvis","29020","65-69 years","65-69","Black or African American","2054-5",82,121554,67.5,53.7,83.7,7.4
,"California","06","2020","2020","Kidney and Renal Pelvis","29020","65-69 years","65-69","White","2106-3",798,1443122,55.3,51.5,59.3,2.0
,"California","06","2020","2020","Kidney and Renal Pelvis","29020","70-74 years","70-74","Asian or Pacific Islander","A-PI",74,266159,27.8,21.8,34.9,3.2
,"California","06","2020","2020","Kidney and Renal Pelvis","29020","70-74 years","70-74","Black or African American","2054-5",75,88690,84.6,66.5,106.0,9.8
,"California","06","2020","2020","Kidney and Renal Pelvis","29020","70-74 years","70-74","White","2106-3",824,1166748,70.6,65.9,75.6,2.5
,"California","06","2020","2020","Kidney and Renal Pelvis","29020","75-79 years","75-79","Asian or Pacific Islander","A-PI",69,168998,40.8,31.8,51.7,4.9
,"California","06","2020","2020","Kidney and Renal Pelvis","29020","75-79 years","75-79","Black or African American","2054-5",28,56620,49.5,32.9,71.5,9.3
,"California","06","2020","2020","Kidney and Renal Pelvis","29020","75-79 years","75-79","White","2106-3",541,781696,69.2,63.5,75.3,3.0
,"California","06","2020","2020","Kidney and Renal Pelvis","29020","80-84 years","80-84","Asian or Pacific Islander","A-PI",37,117439,31.5,22.2,43.4,5.2
,"California","06","2020","2020","Kidney and Renal Pelvis","29020","80-84 years","80-84","Black or African American","2054-5",25,38358,65.2,42.2,96.2,13.0
,"California","06","2020","2020","Kidney and Renal Pelvis","29020","80-84 years","80-84","White","2106-3",322,503166,64.0,57.2,71.4,3.6
,"California","06","2020","2020","Kidney and Renal Pelvis","29020","85+ years","85+","Asian or Pacific Islander","A-PI",36,124720,28.9,20.2,40.0,4.8
,"California","06","2020","2020","Kidney and Renal Pelvis","29020","85+ years","85+","White","2106-3",324,522475,62.0,55.4,69.1,3.4
,"California","06","2020","2020","Liver","21071","40-44 years","40-44","White","2106-3",25,1837592,1.4,0.9,2.0,0.3
,"California","06","2020","2020","Liver","21071","45-49 years","45-49","Asian or Pacific Islander","A-PI",24,487535,4.9,3.2,7.3,1.0
,"California","06","2020","2020","Liver","21071","45-49 years","45-49","White","2106-3",43,1786836,2.4,1.7,3.2,0.4
,"California","06","2020","2020","Liver","21071","50-54 years","50-54","Asian or Pacific Islander","A-PI",36,444903,8.1,5.7,11.2,1.3
,"California","06","2020","2020","Liver","21071","50-54 years","50-54","White","2106-3",103,1829779,5.6,4.6,6.8,0.6
,"California","06","2020","2020","Liver","21071","55-59 years","55-59","Asian or Pacific Islander","A-PI",68,426073,16.0,12.4,20.2,1.9
,"California","06","2020","2020","Liver","21071","55-59 years","55-59","White","2106-3",298,1858991,16.0,14.3,18.0,0.9
,"California","06","2020","2020","Liver","21071","60-64 years ","60-64","Asian or Pacific Islander","A-PI",95,394691,24.1,19.5,29.4,2.5
,"California","06","2020","2020","Liver","21071","60-64 years ","60-64","Black or African American","2054-5",55,163396,33.7,25.4,43.8,4.5
,"California","06","2020","2020","Liver","21071","60-64 years ","60-64","White","2106-3",429,1723081,24.9,22.6,27.4,1.2
,"California","06","2020","2020","Liver","21071","65-69 years","65-69","American Indian or Alaska Native","1002-5",19,27993,67.9,40.9,106.0,15.6
,"California","06","2020","2020","Liver","21071","65-69 years","65-69","Asian or Pacific Islander","A-PI",117,337966,34.6,28.6,41.5,3.2
,"California","06","2020","2020","Liver","21071","65-69 years","65-69","Black or African American","2054-5",58,121554,47.7,36.2,61.7,6.3
,"California","06","2020","2020","Liver","21071","65-69 years","65-69","White","2106-3",544,1443122,37.7,34.6,41.0,1.6
,"California","06","2020","2020","Liver","21071","70-74 years","70-74","Asian or Pacific Islander","A-PI",118,266159,44.3,36.7,53.1,4.1
,"California","06","2020","2020","Liver","21071","70-74 years","70-74","Black or African American","2054-5",52,88690,58.6,43.8,76.9,8.1
,"California","06","2020","2020","Liver","21071","70-74 years","70-74","White","2106-3",429,1166748,36.8,33.4,40.4,1.8
,"California","06","2020","2020","Liver","21071","75-79 years","75-79","Asian or Pacific Islander","A-PI",77,168998,45.6,36.0,56.9,5.2
,"California","06","2020","2020","Liver","21071","75-79 years","75-79","Black or African American","2054-5",23,56620,40.6,25.8,61.0,8.5
,"California","06","2020","2020","Liver","21071","75-79 years","75-79","White","2106-3",254,781696,32.5,28.6,36.7,2.0
,"California","06","2020","2020","Liver","21071","80-84 years","80-84","Asian or Pacific Islander","A-PI",60,117439,51.1,39.0,65.8,6.6
,"California","06","2020","2020","Liver","21071","80-84 years","80-84","White","2106-3",185,503166,36.8,31.7,42.5,2.7
,"California","06","2020","2020","Liver","21071","85+ years","85+","Asian or Pacific Islander","A-PI",57,124720,45.7,34.6,59.2,6.1
,"California","06","2020","2020","Liver","21071","85+ years","85+","White","2106-3",224,522475,42.9,37.4,48.9,2.9
,"California","06","2020","2020","Lung and Bronchus","22030","35-39 years","35-39","White","2106-3",35,2016026,1.7,1.2,2.4,0.3
,"California","06","2020","2020","Lung and Bronchus","22030","40-44 years","40-44","Asian or Pacific Islander","A-PI",27,488518,5.5,3.6,8.0,1.1
,"California","06","2020","2020","Lung and Bronchus","22030","40-44 years","40-44","White","2106-3",66,1837592,3.6,2.8,4.6,0.4
,"California","06","2020","2020","Lung and Bronchus","22030","45-49 years","45-49","Asian or Pacific Islander","A-PI",68,487535,13.9,10.8,17.7,1.7
,"California","06","2020","2020","Lung and Bronchus","22030","45-49 years","45-49","Black or African American","2054-5",17,169132,10.1,5.9,16.1,2.4
,"California","06","2020","2020","Lung and Bronchus","22030","45-49 years","45-49","White","2106-3",110,1786836,6.2,5.1,7.4,0.6
,"California","06","2020","2020","Lung and Bronchus","22030","50-54 years","50-54","Asian or Pacific Islander","A-PI",103,444903,23.2,18.9,28.1,2.3
,"California","06","2020","2020","Lung and Bronchus","22030","50-54 years","50-54","Black or African American","2054-5",46,176582,26.1,19.1,34.7,3.8
,"California","06","2020","2020","Lung and Bronchus","22030","50-54 years","50-54","White","2106-3",259,1829779,14.2,12.5,16.0,0.9
,"California","06","2020","2020","Lung and Bronchus","22030","55-59 years","55-59","Asian or Pacific Islander","A-PI",178,426073,41.8,35.9,48.4,3.1
,"California","06","2020","2020","Lung and Bronchus","22030","55-59 years","55-59","Black or African American","2054-5",100,182738,54.7,44.5,66.6,5.5
,"California","06","2020","2020","Lung and Bronchus","22030","55-59 years","55-59","White","2106-3",731,1858991,39.3,36.5,42.3,1.5
,"California","06","2020","2020","Lung and Bronchus","22030","60-64 years ","60-64","American Indian or Alaska Native","1002-5",18,38598,46.6,27.6,73.7,11.0
,"California","06","2020","2020","Lung and Bronchus","22030","60-64 years ","60-64","Asian or Pacific Islander","A-PI",303,394691,76.8,68.4,85.9,4.4
,"California","06","2020","2020","Lung and Bronchus","22030","60-64 years ","60-64","Black or African American","2054-5",179,163396,109.5,94.1,126.8,8.2
,"California","06","2020","2020","Lung and Bronchus","22030","60-64 years ","60-64","White","2106-3",1311,1723081,76.1,72.0,80.3,2.1
,"California","06","2020","2020","Lung and Bronchus","22030","60-64 years ","60-64","Other Races and Unknown combined","2131-1",16,Not Applicable,Not Applicable,Not Applicable,Not Applicable,Not Applicable
,"California","06","2020","2020","Lung and Bronchus","22030","65-69 years","65-69","American Indian or Alaska Native","1002-5",24,27993,85.7,54.9,127.6,17.5
,"California","06","2020","2020","Lung and Bronchus","22030","65-69 years","65-69","Asian or Pacific Islander","A-PI",383,337966,113.3,102.3,125.3,5.8
,"California","06","2020","2020","Lung and Bronchus","22030","65-69 years","65-69","Black or African American","2054-5",230,121554,189.2,165.6,215.3,12.5
,"California","06","2020","2020","Lung and Bronchus","22030","65-69 years","65-69","White","2106-3",1786,1443122,123.8,118.1,129.6,2.9
,"California","06","2020","2020","Lung and Bronchus","22030","65-69 years","65-69","Other Races and Unknown combined","2131-1",23,Not Applicable,Not Applicable,Not Applicable,Not Applicable,Not Applicable
,"California","06","2020","2020","Lung and Bronchus","22030","70-74 years","70-74","American Indian or Alaska Native","1002-5",22,19621,112.1,70.3,169.8,23.9
,"California","06","2020","2020","Lung and Bronchus","22030","70-74 years","70-74","Asian or Pacific Islander","A-PI",418,266159,157.0,142.4,172.9,7.7
,"California","06","2020","2020","Lung and Bronchus","22030","70-74 years","70-74","Black or African American","2054-5",234,88690,263.8,231.1,299.9,17.2
,"California","06","2020","2020","Lung and Bronchus","22030","70-74 years","70-74","White","2106-3",2302,1166748,197.3,189.3,205.5,4.1
,"California","06","2020","2020","Lung and Bronchus","22030","70-74 years","70-74","Other Races and Unknown combined","2131-1",29,Not Applicable,Not Applicable,Not Applicable,Not Applicable,Not Applicable
,"California","06","2020","2020","Lung and Bronchus","22030","75-79 years","75-79","American Indian or Alaska Native","1002-5",26,11694,222.3,145.2,325.8,43.6
,"California","06","2020","2020","Lung and Bronchus","22030","75-79 years","75-79","Asian or Pacific Islander","A-PI",327,168998,193.5,173.1,215.6,10.7
,"California","06","2020","2020","Lung and Bronchus","22030","75-79 years","75-79","Black or African American","2054-5",183,56620,323.2,278.1,373.6,23.9
,"California","06","2020","2020","Lung and Bronchus","22030","75-79 years","75-79","White","2106-3",2121,781696,271.3,259.9,283.1,5.9
,"California","06","2020","2020","Lung and Bronchus","22030","75-79 years","75-79","Other Races and Unknown combined","2131-1",20,Not Applicable,Not Applicable,Not Applicable,Not Applicable,Not Applicable
,"California","06","2020","2020","Lung and Bronchus","22030","80-84 years","80-84","American Indian or Alaska Native","1002-5",17,6874,247.3,144.1,396.0,60.0
,"California","06","2020","2020","Lung and Bronchus","22030","80-84 years","80-84","Asian or Pacific Islander","A-PI",291,117439,247.8,220.1,278.0,14.5
,"California","06","2020","2020","Lung and Bronchus","22030","80-84 years","80-84","Black or African American","2054-5",120,38358,312.8,259.4,374.1,28.6
,"California","06","2020","2020","Lung and Bronchus","22030","80-84 years","80-84","White","2106-3",1517,503166,301.5,286.5,317.1,7.7
,"California","06","2020","2020","Lung and Bronchus","22030","85+ years","85+","Asian or Pacific Islander","A-PI",237,124720,190.0,166.6,215.8,12.3
,"California","06","2020","2020","Lung and Bronchus","22030","85+ years","85+","Black or African American","2054-5",83,34777,238.7,190.1,295.9,26.2
,"California","06","2020","2020","Lung and Bronchus","22030","85+ years","85+","White","2106-3",1418,522475,271.4,257.5,285.9,7.2
,"California","06","2020","2020","Prostate","28010","40-44 years","40-44","White","2106-3",28,949806,2.9,2.0,4.3,0.6
,"California","06","2020","2020","Prostate","28010","45-49 years","45-49","Asian or Pacific Islander","A-PI",16,228462,7.0,4.0,11.4,1.8
,"California","06","2020","2020","Prostate","28010","45-49 years","45-49","Black or African American","2054-5",27,85016,31.8,20.9,46.2,6.1
,"California","06","2020","2020","Prostate","28010","45-49 years","45-49","White","2106-3",124,916181,13.5,11.3,16.1,1.2
,"California","06","2020","2020","Prostate","28010","50-54 years","50-54","Asian or Pacific Islander","A-PI",60,208466,28.8,22.0,37.0,3.7
,"California","06","2020","2020","Prostate","28010","50-54 years","50-54","Black or African American","2054-5",111,88626,125.2,103.0,150.8,11.9
,"California","06","2020","2020","Prostate","28010","50-54 years","50-54","White","2106-3",581,939997,61.8,56.9,67.0,2.6
,"California","06","2020","2020","Prostate","28010","50-54 years","50-54","Other Races and Unknown combined","2131-1",44,Not Applicable,Not Applicable,Not Applicable,Not Applicable,Not Applicable
,"California","06","2020","2020","Prostate","28010","55-59 years","55-59","Asian or Pacific Islander","A-PI",158,198273,79.7,67.7,93.1,6.3
,"California","06","2020","2020","Prostate","28010","55-59 years","55-59","Black or African American","2054-5",306,90201,339.2,302.3,379.5,19.4
,"California","06","2020","2020","Prostate","28010","55-59 years","55-59","White","2106-3",1571,941427,166.9,158.7,175.3,4.2
,"California","06","2020","2020","Prostate","28010","55-59 years","55-59","Other Races and Unknown combined","2131-1",145,Not Applicable,Not Applicable,Not Applicable,Not Applicable,Not Applicable
,"California","06","2020","2020","Prostate","28010","60-64 years ","60-64","Asian or Pacific Islander","A-PI",312,180629,172.7,154.1,193.0,9.8
,"California","06","2020","2020","Prostate","28010","60-64 years ","60-64","Black or African American","2054-5",427,79073,540.0,490.0,593.7,26.1
,"California","06","2020","2020","Prostate","28010","60-64 years ","60-64","White","2106-3",2585,859775,300.7,289.2,312.5,5.9
,"California","06","2020","2020","Prostate","28010","60-64 years ","60-64","Other Races and Unknown combined","2131-1",244,Not Applicable,Not Applicable,Not Applicable,Not Applicable,Not Applicable
,"California","06","2020","2020","Prostate","28010","65-69 years","65-69","American Indian or Alaska Native","1002-5",27,13353,202.2,133.3,294.2,38.9
,"California","06","2020","2020","Prostate","28010","65-69 years","65-69","Asian or Pacific Islander","A-PI",462,151181,305.6,278.4,334.8,14.2
,"California","06","2020","2020","Prostate","28010","65-69 years","65-69","Black or African American","2054-5",468,56203,832.7,759.0,911.7,38.5
,"California","06","2020","2020","Prostate","28010","65-69 years","65-69","White","2106-3",3655,697862,523.7,506.9,541.0,8.7
,"California","06","2020","2020","Prostate","28010","65-69 years","65-69","Other Races and Unknown combined","2131-1",300,Not Applicable,Not Applicable,Not Applicable,Not Applicable,Not Applicable
,"California","06","2020","2020","Prostate","28010","70-74 years","70-74","American Indian or Alaska Native","1002-5",25,9109,274.5,177.6,405.1,54.9
,"California","06","2020","2020","Prostate","28010","70-74 years","70-74","Asian or Pacific Islander","A-PI",398,117606,338.4,306.0,373.4,17.0
,"California","06","2020","2020","Prostate","28010","70-74 years","70-74","Black or African American","2054-5",250,39061,640.0,563.1,724.5,40.5
,"California","06","2020","2020","Prostate","28010","70-74 years","70-74","White","2106-3",3157,550384,573.6,553.8,594.0,10.2
,"California","06","2020","2020","Prostate","28010","70-74 years","70-74","Other Races and Unknown combined","2131-1",266,Not Applicable,Not Applicable,Not Applicable,Not Applicable,Not Applicable
,"California","06","2020","2020","Prostate","28010","75-79 years","75-79","Asian or Pacific Islander","A-PI",239,74220,322.0,282.5,365.5,20.8
,"California","06","2020","2020","Prostate","28010","75-79 years","75-79","Black or African American","2054-5",135,23593,572.2,479.8,677.3,49.2
,"California","06","2020","2020","Prostate","28010","75-79 years","75-79","White","2106-3",2037,354428,574.7,550.0,600.2,12.7
,"California","06","2020","2020","Prostate","28010","75-79 years","75-79","Other Races and Unknown combined","2131-1",195,Not Applicable,Not Applicable,Not Applicable,Not Applicable,Not Applicable
,"California","06","2020","2020","Prostate","28010","80-84 years","80-84","Asian or Pacific Islander","A-PI",137,50010,273.9,230.0,323.8,23.4
,"California","06","2020","2020","Prostate","28010","80-84 years","80-84","Black or African American","2054-5",74,15397,480.6,377.4,603.4,55.9
,"California","06","2020","2020","Prostate","28010","80-84 years","80-84","White","2106-3",1089,218038,499.5,470.2,530.0,15.1
,"California","06","2020","2020","Prostate","28010","80-84 years","80-84","Other Races and Unknown combined","2131-1",87,Not Applicable,Not Applicable,Not Applicable,Not Applicable,Not Applicable
,"California","06","2020","2020","Prostate","28010","85+ years","85+","Asian or Pacific Islander","A-PI",109,46830,232.8,191.1,280.8,22.3
,"California","06","2020","2020","Prostate","28010","85+ years","85+","Black or African American","2054-5",63,11865,531.0,408.0,679.3,66.9
,"California","06","2020","2020","Prostate","28010","85+ years","85+","White","2106-3",850,195153,435.6,406.8,465.8,14.9
,"California","06","2020","2020","Prostate","28010","85+ years","85+","Other Races and Unknown combined","2131-1",48,Not Applicable,Not Applicable,Not Applicable,Not Applicable,Not Applicable
,"California","06","2020","2020","Urinary Bladder, invasive and in situ","29010","35-39 years","35-39","White","2106-3",22,2016026,1.1,0.7,1.7,0.2
,"California","06","2020","2020","Urinary Bladder, invasive and in situ","29010","40-44 years","40-44","White","2106-3",41,1837592,2.2,1.6,3.0,0.3
,"California","06","2020","2020","Urinary Bladder, invasive and in situ","29010","45-49 years","45-49","White","2106-3",82,1786836,4.6,3.6,5.7,0.5
,"California","06","2020","2020","Urinary Bladder, invasive and in situ","29010","50-54 years","50-54","Asian or Pacific Islander","A-PI",18,444903,4.0,2.4,6.4,1.0
,"California","06","2020","2020","Urinary Bladder, invasive and in situ","29010","50-54 years","50-54","White","2106-3",163,1829779,8.9,7.6,10.4,0.7
,"California","06","2020","2020","Urinary Bladder, invasive and in situ","29010","55-59 years","55-59","Asian or Pacific Islander","A-PI",31,426073,7.3,4.9,10.3,1.3
,"California","06","2020","2020","Urinary Bladder, invasive and in situ","29010","55-59 years","55-59","Black or African American","2054-5",30,182738,16.4,11.1,23.4,3.0
,"California","06","2020","2020","Urinary Bladder, invasive and in situ","29010","55-59 years","55-59","White","2106-3",303,1858991,16.3,14.5,18.2,0.9
,"California","06","2020","2020","Urinary Bladder, invasive and in situ","29010","55-59 years","55-59","Other Races and Unknown combined","2131-1",16,Not Applicable,Not Applicable,Not Applicable,Not Applicable,Not Applicable
,"California","06","2020","2020","Urinary Bladder, invasive and in situ","29010","60-64 years ","60-64","Asian or Pacific Islander","A-PI",63,394691,16.0,12.3,20.4,2.0
,"California","06","2020","2020","Urinary Bladder, invasive and in situ","29010","60-64 years ","60-64","Black or African American","2054-5",42,163396,25.7,18.5,34.7,4.0
,"California","06","2020","2020","Urinary Bladder, invasive and in situ","29010","60-64 years ","60-64","White","2106-3",565,1723081,32.8,30.1,35.6,1.4
,"California","06","2020","2020","Urinary Bladder, invasive and in situ","29010","60-64 years ","60-64","Other Races and Unknown combined","2131-1",18,Not Applicable,Not Applicable,Not Applicable,Not Applicable,Not Applicable
,"California","06","2020","2020","Urinary Bladder, invasive and in situ","29010","65-69 years","65-69","Asian or Pacific Islander","A-PI",85,337966,25.2,20.1,31.1,2.7
,"California","06","2020","2020","Urinary Bladder, invasive and in situ","29010","65-69 years","65-69","Black or African American","2054-5",43,121554,35.4,25.6,47.7,5.4
,"California","06","2020","2020","Urinary Bladder, invasive and in situ","29010","65-69 years","65-69","White","2106-3",746,1443122,51.7,48.1,55.5,1.9
,"California","06","2020","2020","Urinary Bladder, invasive and in situ","29010","65-69 years","65-69","Other Races and Unknown combined","2131-1",26,Not Applicable,Not Applicable,Not Applicable,Not Applicable,Not Applicable
,"California","06","2020","2020","Urinary Bladder, invasive and in situ","29010","70-74 years","70-74","Asian or Pacific Islander","A-PI",94,266159,35.3,28.5,43.2,3.6
,"California","06","2020","2020","Urinary Bladder, invasive and in situ","29010","70-74 years","70-74","Black or African American","2054-5",54,88690,60.9,45.7,79.4,8.3
,"California","06","2020","2020","Urinary Bladder, invasive and in situ","29010","70-74 years","70-74","White","2106-3",983,1166748,84.3,79.1,89.7,2.7
,"California","06","2020","2020","Urinary Bladder, invasive and in situ","29010","70-74 years","70-74","Other Races and Unknown combined","2131-1",40,Not Applicable,Not Applicable,Not Applicable,Not Applicable,Not Applicable
,"California","06","2020","2020","Urinary Bladder, invasive and in situ","29010","75-79 years","75-79","Asian or Pacific Islander","A-PI",93,168998,55.0,44.4,67.4,5.7
,"California","06","2020","2020","Urinary Bladder, invasive and in situ","29010","75-79 years","75-79","Black or African American","2054-5",55,56620,97.1,73.2,126.4,13.1
,"California","06","2020","2020","Urinary Bladder, invasive and in situ","29010","75-79 years","75-79","White","2106-3",1046,781696,133.8,125.8,142.2,4.1
,"California","06","2020","2020","Urinary Bladder, invasive and in situ","29010","75-79 years","75-79","Other Races and Unknown combined","2131-1",27,Not Applicable,Not Applicable,Not Applicable,Not Applicable,Not Applicable
,"California","06","2020","2020","Urinary Bladder, invasive and in situ","29010","80-84 years","80-84","Asian or Pacific Islander","A-PI",92,117439,78.3,63.2,96.1,8.2
,"California","06","2020","2020","Urinary Bladder, invasive and in situ","29010","80-84 years","80-84","Black or African American","2054-5",33,38358,86.0,59.2,120.8,15.0
,"California","06","2020","2020","Urinary Bladder, invasive and in situ","29010","80-84 years","80-84","White","2106-3",808,503166,160.6,149.7,172.0,5.6
,"California","06","2020","2020","Urinary Bladder, invasive and in situ","29010","80-84 years","80-84","Other Races and Unknown combined","2131-1",21,Not Applicable,Not Applicable,Not Applicable,Not Applicable,Not Applicable
,"California","06","2020","2020","Urinary Bladder, invasive and in situ","29010","85+ years","85+","Asian or Pacific Islander","A-PI",106,124720,85.0,69.6,102.8,8.3
,"California","06","2020","2020","Urinary Bladder, invasive and in situ","29010","85+ years","85+","Black or African American","2054-5",32,34777,92.0,62.9,129.9,16.3
,"California","06","2020","2020","Urinary Bladder, invasive and in situ","29010","85+ years","85+","White","2106-3",887,522475,169.8,158.8,181.3,5.7
,"Colorado","08","2020","2020","Breast","26000","25-29 years","25-29","White","2106-3",18,386823,4.7,2.8,7.4,1.1
,"Colorado","08","2020","2020","Breast","26000","30-34 years","30-34","White","2106-3",59,397678,14.8,11.3,19.1,1.9
,"Colorado","08","2020","2020","Breast","26000","35-39 years","35-39","White","2106-3",110,381390,28.8,23.7,34.8,2.7
,"Colorado","08","2020","2020","Breast","26000","40-44 years","40-44","White","2106-3",181,339205,53.4,45.9,61.7,4.0
,"Colorado","08","2020","2020","Breast","26000","45-49 years","45-49","Asian or Pacific Islander","A-PI",21,17446,120.4,74.5,184.0,26.3
,"Colorado","08","2020","2020","Breast","26000","45-49 years","45-49","White","2106-3",322,319623,100.7,90.0,112.4,5.6
,"Colorado","08","2020","2020","Breast","26000","50-54 years","50-54","Asian or Pacific Islander","A-PI",29,14508,199.9,133.9,287.1,37.1
,"Colorado","08","2020","2020","Breast","26000","50-54 years","50-54","White","2106-3",353,310511,113.7,102.1,126.2,6.1
,"Colorado","08","2020","2020","Breast","26000","55-59 years","55-59","White","2106-3",444,326153,136.1,123.8,149.4,6.5
,"Colorado","08","2020","2020","Breast","26000","60-64 years ","60-64","Black or African American","2054-5",29,13963,207.7,139.1,298.3,38.6
,"Colorado","08","2020","2020","Breast","26000","60-64 years ","60-64","White","2106-3",507,322136,157.4,144.0,171.7,7.0
,"Colorado","08","2020","2020","Breast","26000","65-69 years","65-69","Black or African American","2054-5",27,10095,267.5,176.3,389.1,51.5
,"Colorado","08","2020","2020","Breast","26000","65-69 years","65-69","White","2106-3",592,280474,211.1,194.4,228.8,8.7
,"Colorado","08","2020","2020","Breast","26000","70-74 years","70-74","Black or African American","2054-5",16,6627,241.4,138.0,392.1,60.4
,"Colorado","08","2020","2020","Breast","26000","70-74 years","70-74","White","2106-3",499,220443,226.4,206.9,247.1,10.1
,"Colorado","08","2020","2020","Breast","26000","75-79 years","75-79","White","2106-3",338,134743,250.8,224.8,279.1,13.6
,"Colorado","08","2020","2020","Breast","26000","80-84 years","80-84","White","2106-3",201,81393,246.9,214.0,283.6,17.4
,"Colorado","08","2020","2020","Breast","26000","85+ years","85+","White","2106-3",190,78333,242.6,209.3,279.6,17.6
,"Colorado","08","2020","2020","Kidney and Renal Pelvis","29020","40-44 years","40-44","White","2106-3",24,339205,7.1,4.5,10.5,1.4
,"Colorado","08","2020","2020","Kidney and Renal Pelvis","29020","45-49 years","45-49","White","2106-3",50,319623,15.6,11.6,20.6,2.2
,"Colorado","08","2020","2020","Kidney and Renal Pelvis","29020","50-54 years","50-54","White","2106-3",73,310511,23.5,18.4,29.6,2.8
,"Colorado","08","2020","2020","Kidney and Renal Pelvis","29020","55-59 years","55-59","White","2106-3",83,326153,25.4,20.3,31.5,2.8
,"Colorado","08","2020","2020","Kidney and Renal Pelvis","29020","60-64 years ","60-64","White","2106-3",123,322136,38.2,31.7,45.6,3.4
,"Colorado","08","2020","2020","Kidney and Renal Pelvis","29020","65-69 years","65-69","White","2106-3",128,280474,45.6,38.1,54.3,4.0
,"Colorado","08","2020","2020","Kidney and Renal Pelvis","29020","70-74 years","70-74","White","2106-3",120,220443,54.4,45.1,65.1,5.0
,"Colorado","08","2020","2020","Kidney and Renal Pelvis","29020","75-79 years","75-79","White","2106-3",106,134743,78.7,64.4,95.1,7.6
,"Colorado","08","2020","2020","Kidney and Renal Pelvis","29020","80-84 years","80-84","White","2106-3",59,81393,72.5,55.2,93.5,9.4
,"Colorado","08","2020","2020","Kidney and Renal Pelvis","29020","85+ years","85+","White","2106-3",40,78333,51.1,36.5,69.5,8.1
,"Colorado","08","2020","2020","Liver","21071","55-59 years","55-59","White","2106-3",45,326153,13.8,10.1,18.5,2.1
,"Colorado","08","2020","2020","Liver","21071","60-64 years ","60-64","White","2106-3",56,322136,17.4,13.1,22.6,2.3
,"Colorado","08","2020","2020","Liver","21071","65-69 years","65-69","White","2106-3",67,280474,23.9,18.5,30.3,2.9
,"Colorado","08","2020","2020","Liver","21071","70-74 years","70-74","White","2106-3",56,220443,25.4,19.2,33.0,3.4
,"Colorado","08","2020","2020","Liver","21071","75-79 years","75-79","White","2106-3",33,134743,24.5,16.9,34.4,4.3
,"Colorado","08","2020","2020","Liver","21071","80-84 years","80-84","White","2106-3",19,81393,23.3,14.1,36.5,5.4
,"Colorado","08","2020","2020","Liver","21071","85+ years","85+","White","2106-3",17,78333,21.7,12.6,34.7,5.3
,"Colorado","08","2020","2020","Lung and Bronchus","22030","45-49 years","45-49","White","2106-3",32,319623,10.0,6.8,14.1,1.8
,"Colorado","08","2020","2020","Lung and Bronchus","22030","50-54 years","50-54","White","2106-3",67,310511,21.6,16.7,27.4,2.6
,"Colorado","08","2020","2020","Lung and Bronchus","22030","55-59 years","55-59","White","2106-3",154,326153,47.2,40.1,55.3,3.8
,"Colorado","08","2020","2020","Lung and Bronchus","22030","60-64 years ","60-64","White","2106-3",281,322136,87.2,77.3,98.0,5.2
,"Colorado","08","2020","2020","Lung and Bronchus","22030","65-69 years","65-69","White","2106-3",353,280474,125.9,113.1,139.7,6.7
,"Colorado","08","2020","2020","Lung and Bronchus","22030","70-74 years","70-74","White","2106-3",455,220443,206.4,187.9,226.3,9.7
,"Colorado","08","2020","2020","Lung and Bronchus","22030","75-79 years","75-79","White","2106-3",364,134743,270.1,243.1,299.4,14.2
,"Colorado","08","2020","2020","Lung and Bronchus","22030","80-84 years","80-84","White","2106-3",265,81393,325.6,287.6,367.2,20.0
,"Colorado","08","2020","2020","Lung and Bronchus","22030","85+ years","85+","White","2106-3",248,78333,316.6,278.4,358.6,20.1
,"Colorado","08","2020","2020","Prostate","28010","45-49 years","45-49","White","2106-3",25,166122,15.0,9.7,22.2,3.0
,"Colorado","08","2020","2020","Prostate","28010","50-54 years","50-54","White","2106-3",119,158847,74.9,62.1,89.6,6.9
,"Colorado","08","2020","2020","Prostate","28010","50-54 years","50-54","Other Races and Unknown combined","2131-1",20,Not Applicable,Not Applicable,Not Applicable,Not Applicable,Not Applicable
,"Colorado","08","2020","2020","Prostate","28010","55-59 years","55-59","Black or African American","2054-5",26,8380,310.3,202.7,454.6,60.8
,"Colorado","08","2020","2020","Prostate","28010","55-59 years","55-59","White","2106-3",284,161947,175.4,155.6,197.0,10.4
,"Colorado","08","2020","2020","Prostate","28010","55-59 years","55-59","Other Races and Unknown combined","2131-1",32,Not Applicable,Not Applicable,Not Applicable,Not Applicable,Not Applicable
,"Colorado","08","2020","2020","Prostate","28010","60-64 years ","60-64","Black or African American","2054-5",42,7260,578.5,416.9,782.0,89.3
,"Colorado","08","2020","2020","Prostate","28010","60-64 years ","60-64","White","2106-3",543,158629,342.3,314.1,372.3,14.7
,"Colorado","08","2020","2020","Prostate","28010","60-64 years ","60-64","Other Races and Unknown combined","2131-1",49,Not Applicable,Not Applicable,Not Applicable,Not Applicable,Not Applicable
,"Colorado","08","2020","2020","Prostate","28010","65-69 years","65-69","Black or African American","2054-5",43,5017,857.1,620.3,1154.5,130.7
,"Colorado","08","2020","2020","Prostate","28010","65-69 years","65-69","White","2106-3",781,135991,574.3,534.7,616.0,20.6
,"Colorado","08","2020","2020","Prostate","28010","65-69 years","65-69","Other Races and Unknown combined","2131-1",70,Not Applicable,Not Applicable,Not Applicable,Not Applicable,Not Applicable
,"Colorado","08","2020","2020","Prostate","28010","70-74 years","70-74","Black or African American","2054-5",18,3253,553.3,327.9,874.5,130.4
,"Colorado","08","2020","2020","Prostate","28010","70-74 years","70-74","White","2106-3",655,106116,617.2,570.9,666.4,24.1
,"Colorado","08","2020","2020","Prostate","28010","70-74 years","70-74","Other Races and Unknown combined","2131-1",69,Not Applicable,Not Applicable,Not Applicable,Not Applicable,Not Applicable
,"Colorado","08","2020","2020","Prostate","28010","75-79 years","75-79","Black or African American","2054-5",18,1721,1045.9,619.9,1653.0,246.5
,"Colorado","08","2020","2020","Prostate","28010","75-79 years","75-79","White","2106-3",408,62635,651.4,589.7,717.8,32.2
,"Colorado","08","2020","2020","Prostate","28010","75-79 years","75-79","Other Races and Unknown combined","2131-1",31,Not Applicable,Not Applicable,Not Applicable,Not Applicable,Not Applicable
,"Colorado","08","2020","2020","Prostate","28010","80-84 years","80-84","White","2106-3",176,35793,491.7,421.8,570.0,37.1
,"Colorado","08","2020","2020","Prostate","28010","85+ years","85+","White","2106-3",154,28732,536.0,454.7,627.6,43.2
,"Colorado","08","2020","2020","Urinary Bladder, invasive and in situ","29010","45-49 years","45-49","White","2106-3",19,319623,5.9,3.6,9.3,1.4
,"Colorado","08","2020","2020","Urinary Bladder, invasive and in situ","29010","50-54 years","50-54","White","2106-3",29,310511,9.3,6.3,13.4,1.7
,"Colorado","08","2020","2020","Urinary Bladder, invasive and in situ","29010","55-59 years","55-59","White","2106-3",65,326153,19.9,15.4,25.4,2.5
,"Colorado","08","2020","2020","Urinary Bladder, invasive and in situ","29010","60-64 years ","60-64","White","2106-3",95,322136,29.5,23.9,36.1,3.0
,"Colorado","08","2020","2020","Urinary Bladder, invasive and in situ","29010","65-69 years","65-69","White","2106-3",174,280474,62.0,53.2,72.0,4.7
,"Colorado","08","2020","2020","Urinary Bladder, invasive and in situ","29010","70-74 years","70-74","White","2106-3",205,220443,93.0,80.7,106.6,6.5
,"Colorado","08","2020","2020","Urinary Bladder, invasive and in situ","29010","75-79 years","75-79","White","2106-3",196,134743,145.5,125.8,167.3,10.4
,"Colorado","08","2020","2020","Urinary Bladder, invasive and in situ","29010","80-84 years","80-84","White","2106-3",126,81393,154.8,129.0,184.3,13.8
,"Colorado","08","2020","2020","Urinary Bladder, invasive and in situ","29010","85+ years","85+","White","2106-3",146,78333,186.4,157.4,219.2,15.4
,"Connecticut","09","2020","2020","Breast","26000","30-34 years","30-34","White","2106-3",37,170255,21.7,15.3,30.0,3.6
,"Connecticut","09","2020","2020","Breast","26000","35-39 years","35-39","White","2106-3",60,175603,34.2,26.1,44.0,4.4
,"Connecticut","09","2020","2020","Breast","26000","40-44 years","40-44","Black or African American","2054-5",28,30917,90.6,60.2,130.9,17.1
,"Connecticut","09","2020","2020","Breast","26000","40-44 years","40-44","White","2106-3",114,167406,68.1,56.2,81.8,6.4
,"Connecticut","09","2020","2020","Breast","26000","45-49 years","45-49","Black or African American","2054-5",30,28960,103.6,69.9,147.9,18.9
,"Connecticut","09","2020","2020","Breast","26000","45-49 years","45-49","White","2106-3",218,176180,123.7,107.9,141.3,8.4
,"Connecticut","09","2020","2020","Breast","26000","50-54 years","50-54","Black or African American","2054-5",34,29870,113.8,78.8,159.1,19.5
,"Connecticut","09","2020","2020","Breast","26000","50-54 years","50-54","White","2106-3",266,207903,127.9,113.0,144.3,7.8
,"Connecticut","09","2020","2020","Breast","26000","55-59 years","55-59","Black or African American","2054-5",38,28696,132.4,93.7,181.8,21.5
,"Connecticut","09","2020","2020","Breast","26000","55-59 years","55-59","White","2106-3",272,231523,117.5,103.9,132.3,7.1
,"Connecticut","09","2020","2020","Breast","26000","60-64 years ","60-64","Black or African American","2054-5",30,23903,125.5,84.7,179.2,22.9
,"Connecticut","09","2020","2020","Breast","26000","60-64 years ","60-64","White","2106-3",426,219584,194.0,176.0,213.3,9.4
,"Connecticut","09","2020","2020","Breast","26000","65-69 years","65-69","Black or African American","2054-5",19,16626,114.3,68.8,178.5,26.2
,"Connecticut","09","2020","2020","Breast","26000","65-69 years","65-69","White","2106-3",372,180049,206.6,186.1,228.7,10.7
,"Connecticut","09","2020","2020","Breast","26000","70-74 years","70-74","Black or African American","2054-5",35,12554,278.8,194.2,387.7,47.1
,"Connecticut","09","2020","2020","Breast","26000","70-74 years","70-74","White","2106-3",363,145094,250.2,225.1,277.3,13.1
,"Connecticut","09","2020","2020","Breast","26000","75-79 years","75-79","Black or African American","2054-5",24,8294,289.4,185.4,430.6,59.1
,"Connecticut","09","2020","2020","Breast","26000","75-79 years","75-79","White","2106-3",318,101266,314.0,280.5,350.5,17.6
,"Connecticut","09","2020","2020","Breast","26000","80-84 years","80-84","White","2106-3",186,63843,291.3,251.0,336.4,21.4
,"Connecticut","09","2020","2020","Breast","26000","85+ years","85+","White","2106-3",181,73619,245.9,211.3,284.4,18.3
,"Connecticut","09","2020","2020","Kidney and Renal Pelvis","29020","45-49 years","45-49","White","2106-3",25,176180,14.2,9.2,20.9,2.8
,"Connecticut","09","2020","2020","Kidney and Renal Pelvis","29020","50-54 years","50-54","White","2106-3",42,207903,20.2,14.6,27.3,3.1
,"Connecticut","09","2020","2020","Kidney and Renal Pelvis","29020","55-59 years","55-59","White","2106-3",57,231523,24.6,18.6,31.9,3.3
,"Connecticut","09","2020","2020","Kidney and Renal Pelvis","29020","60-64 years ","60-64","Black or African American","2054-5",17,23903,71.1,41.4,113.9,17.2
,"Connecticut","09","2020","2020","Kidney and Renal Pelvis","29020","60-64 years ","60-64","White","2106-3",64,219584,29.1,22.4,37.2,3.6
,"Connecticut","09","2020","2020","Kidney and Renal Pelvis","29020","65-69 years","65-69","White","2106-3",97,180049,53.9,43.7,65.7,5.5
,"Connecticut","09","2020","2020","Kidney and Renal Pelvis","29020","70-74 years","70-74","White","2106-3",102,145094,70.3,57.3,85.3,7.0
,"Connecticut","09","2020","2020","Kidney and Renal Pelvis","29020","75-79 years","75-79","White","2106-3",57,101266,56.3,42.6,72.9,7.5
,"Connecticut","09","2020","2020","Kidney and Renal Pelvis","29020","80-84 years","80-84","White","2106-3",39,63843,61.1,43.4,83.5,9.8
,"Connecticut","09","2020","2020","Kidney and Renal Pelvis","29020","85+ years","85+","White","2106-3",27,73619,36.7,24.2,53.4,7.1
,"Connecticut","09","2020","2020","Liver","21071","55-59 years","55-59","White","2106-3",35,231523,15.1,10.5,21.0,2.6
,"Connecticut","09","2020","2020","Liver","21071","60-64 years ","60-64","White","2106-3",44,219584,20.0,14.6,26.9,3.0
,"Connecticut","09","2020","2020","Liver","21071","65-69 years","65-69","White","2106-3",52,180049,28.9,21.6,37.9,4.0
,"Connecticut","09","2020","2020","Liver","21071","70-74 years","70-74","White","2106-3",31,145094,21.4,14.5,30.3,3.8
,"Connecticut","09","2020","2020","Liver","21071","75-79 years","75-79","White","2106-3",31,101266,30.6,20.8,43.5,5.5
,"Connecticut","09","2020","2020","Liver","21071","85+ years","85+","White","2106-3",16,73619,21.7,12.4,35.3,5.4
,"Connecticut","09","2020","2020","Lung and Bronchus","22030","45-49 years","45-49","White","2106-3",35,176180,19.9,13.8,27.6,3.4
,"Connecticut","09","2020","2020","Lung and Bronchus","22030","50-54 years","50-54","White","2106-3",68,207903,32.7,25.4,41.5,4.0
,"Connecticut","09","2020","2020","Lung and Bronchus","22030","55-59 years","55-59","Black or African American","2054-5",17,28696,59.2,34.5,94.9,14.4
,"Connecticut","09","2020","2020","Lung and Bronchus","22030","55-59 years","55-59","White","2106-3",155,231523,66.9,56.8,78.4,5.4
,"Connecticut","09","2020","2020","Lung and Bronchus","22030","60-64 years ","60-64","Black or African American","2054-5",37,23903,154.8,109.0,213.4,25.4
,"Connecticut","09","2020","2020","Lung and Bronchus","22030","60-64 years ","60-64","White","2106-3",281,219584,128.0,113.4,143.8,7.6
,"Connecticut","09","2020","2020","Lung and Bronchus","22030","65-69 years","65-69","Black or African American","2054-5",30,16626,180.4,121.7,257.6,32.9
,"Connecticut","09","2020","2020","Lung and Bronchus","22030","65-69 years","65-69","White","2106-3",358,180049,198.8,178.8,220.5,10.5
,"Connecticut","09","2020","2020","Lung and Bronchus","22030","70-74 years","70-74","Black or African American","2054-5",33,12554,262.9,180.9,369.2,45.8
,"Connecticut","09","2020","2020","Lung and Bronchus","22030","70-74 years","70-74","White","2106-3",403,145094,277.8,251.3,306.2,13.8
,"Connecticut","09","2020","2020","Lung and Bronchus","22030","75-79 years","75-79","Black or African American","2054-5",23,8294,277.3,175.8,416.1,57.8
,"Connecticut","09","2020","2020","Lung and Bronchus","22030","75-79 years","75-79","White","2106-3",364,101266,359.4,323.5,398.3,18.8
,"Connecticut","09","2020","2020","Lung and Bronchus","22030","80-84 years","80-84","White","2106-3",257,63843,402.6,354.8,454.9,25.1
,"Connecticut","09","2020","2020","Lung and Bronchus","22030","85+ years","85+","White","2106-3",255,73619,346.4,305.2,391.6,21.7
,"Connecticut","09","2020","2020","Prostate","28010","50-54 years","50-54","Black or African American","2054-5",29,13669,212.2,142.1,304.7,39.4
,"Connecticut","09","2020","2020","Prostate","28010","50-54 years","50-54","White","2106-3",84,102755,81.7,65.2,101.2,8.9
,"Connecticut","09","2020","2020","Prostate","28010","55-59 years","55-59","Black or African American","2054-5",55,12998,423.1,318.8,550.8,57.1
,"Connecticut","09","2020","2020","Prostate","28010","55-59 years","55-59","White","2106-3",257,114157,225.1,198.4,254.4,14.0
,"Connecticut","09","2020","2020","Prostate","28010","55-59 years","55-59","Other Races and Unknown combined","2131-1",22,Not Applicable,Not Applicable,Not Applicable,Not Applicable,Not Applicable
,"Connecticut","09","2020","2020","Prostate","28010","60-64 years ","60-64","Black or African American","2054-5",75,10959,684.4,538.3,857.9,79.0
,"Connecticut","09","2020","2020","Prostate","28010","60-64 years ","60-64","White","2106-3",431,108025,399.0,362.2,438.5,19.2
,"Connecticut","09","2020","2020","Prostate","28010","60-64 years ","60-64","Other Races and Unknown combined","2131-1",18,Not Applicable,Not Applicable,Not Applicable,Not Applicable,Not Applicable
,"Connecticut","09","2020","2020","Prostate","28010","65-69 years","65-69","Black or African American","2054-5",73,7417,984.2,771.5,1237.5,115.2
,"Connecticut","09","2020","2020","Prostate","28010","65-69 years","65-69","White","2106-3",573,86829,659.9,607.0,716.2,27.6
,"Connecticut","09","2020","2020","Prostate","28010","70-74 years","70-74","Black or African American","2054-5",46,5095,902.8,661.0,1204.3,133.1
,"Connecticut","09","2020","2020","Prostate","28010","70-74 years","70-74","White","2106-3",456,67594,674.6,614.1,739.5,31.6
,"Connecticut","09","2020","2020","Prostate","28010","70-74 years","70-74","Other Races and Unknown combined","2131-1",16,Not Applicable,Not Applicable,Not Applicable,Not Applicable,Not Applicable
,"Connecticut","09","2020","2020","Prostate","28010","75-79 years","75-79","Black or African American","2054-5",33,3300,1000.0,688.4,1404.4,174.1
,"Connecticut","09","2020","2020","Prostate","28010","75-79 years","75-79","White","2106-3",288,45760,629.4,558.8,706.4,37.1
,"Connecticut","09","2020","2020","Prostate","28010","80-84 years","80-84","Black or African American","2054-5",16,1929,829.4,474.1,1347.0,207.4
,"Connecticut","09","2020","2020","Prostate","28010","80-84 years","80-84","White","2106-3",161,26854,599.5,510.5,699.6,47.3
,"Connecticut","09","2020","2020","Prostate","28010","85+ years","85+","White","2106-3",101,25410,397.5,323.8,483.0,39.6
,"Connecticut","09","2020","2020","Urinary Bladder, invasive and in situ","29010","45-49 years","45-49","White","2106-3",18,176180,10.2,6.1,16.1,2.4
,"Connecticut","09","2020","2020","Urinary Bladder, invasive and in situ","29010","50-54 years","50-54","White","2106-3",26,207903,12.5,8.2,18.3,2.5
,"Connecticut","09","2020","2020","Urinary Bladder, invasive and in situ","29010","55-59 years","55-59","White","2106-3",67,231523,28.9,22.4,36.8,3.5
,"Connecticut","09","2020","2020","Urinary Bladder, invasive and in situ","29010","60-64 years ","60-64","White","2106-3",81,219584,36.9,29.3,45.8,4.1
,"Connecticut","09","2020","2020","Urinary Bladder, invasive and in situ","29010","65-69 years","65-69","White","2106-3",137,180049,76.1,63.9,90.0,6.5
,"Connecticut","09","2020","2020","Urinary Bladder, invasive and in situ","29010","70-74 years","70-74","White","2106-3",149,145094,102.7,86.9,120.6,8.4
,"Connecticut","09","2020","2020","Urinary Bladder, invasive and in situ","29010","75-79 years","75-79","White","2106-3",171,101266,168.9,144.5,196.2,12.9
,"Connecticut","09","2020","2020","Urinary Bladder, invasive and in situ","29010","80-84 years","80-84","White","2106-3",128,63843,200.5,167.3,238.4,17.7
,"Connecticut","09","2020","2020","Urinary Bladder, invasive and in situ","29010","85+ years","85+","White","2106-3",160,73619,217.3,185.0,253.7,17.2
,"Delaware","10","2020","2020","Breast","26000","35-39 years","35-39","White","2106-3",16,41233,38.8,22.2,63.0,9.7
,"Delaware","10","2020","2020","Breast","26000","40-44 years","40-44","White","2106-3",26,37932,68.5,44.8,100.4,13.4
,"Delaware","10","2020","2020","Breast","26000","45-49 years","45-49","White","2106-3",34,38315,88.7,61.5,124.0,15.2
,"Delaware","10","2020","2020","Breast","26000","50-54 years","50-54","White","2106-3",50,43801,114.2,84.7,150.5,16.1
,"Delaware","10","2020","2020","Breast","26000","55-59 years","55-59","Black or African American","2054-5",33,15888,207.7,143.0,291.7,36.2
,"Delaware","10","2020","2020","Breast","26000","55-59 years","55-59","White","2106-3",81,51774,156.4,124.2,194.5,17.4
,"Delaware","10","2020","2020","Breast","26000","60-64 years ","60-64","Black or African American","2054-5",26,14202,183.1,119.6,268.2,35.9
,"Delaware","10","2020","2020","Breast","26000","60-64 years ","60-64","White","2106-3",96,54071,177.5,143.8,216.8,18.1
,"Delaware","10","2020","2020","Breast","26000","65-69 years","65-69","Black or African American","2054-5",19,10949,173.5,104.5,271.0,39.8
,"Delaware","10","2020","2020","Breast","26000","65-69 years","65-69","White","2106-3",103,51243,201.0,164.1,243.8,19.8
,"Delaware","10","2020","2020","Breast","26000","70-74 years","70-74","Black or African American","2054-5",31,8201,378.0,256.8,536.5,67.9
,"Delaware","10","2020","2020","Breast","26000","70-74 years","70-74","White","2106-3",132,43753,301.7,252.4,357.8,26.3
,"Delaware","10","2020","2020","Breast","26000","75-79 years","75-79","Black or African American","2054-5",18,5108,352.4,208.8,556.9,83.1
,"Delaware","10","2020","2020","Breast","26000","75-79 years","75-79","White","2106-3",82,28968,283.1,225.1,351.4,31.3
,"Delaware","10","2020","2020","Breast","26000","80-84 years","80-84","White","2106-3",55,17098,321.7,242.3,418.7,43.4
,"Delaware","10","2020","2020","Breast","26000","85+ years","85+","White","2106-3",27,15460,174.6,115.1,254.1,33.6
,"Delaware","10","2020","2020","Kidney and Renal Pelvis","29020","55-59 years","55-59","White","2106-3",19,51774,36.7,22.1,57.3,8.4
,"Delaware","10","2020","2020","Kidney and Renal Pelvis","29020","60-64 years ","60-64","White","2106-3",17,54071,31.4,18.3,50.3,7.6
,"Delaware","10","2020","2020","Kidney and Renal Pelvis","29020","65-69 years","65-69","White","2106-3",29,51243,56.6,37.9,81.3,10.5
,"Delaware","10","2020","2020","Kidney and Renal Pelvis","29020","70-74 years","70-74","White","2106-3",38,43753,86.9,61.5,119.2,14.1
,"Delaware","10","2020","2020","Kidney and Renal Pelvis","29020","75-79 years","75-79","White","2106-3",18,28968,62.1,36.8,98.2,14.6
,"Delaware","10","2020","2020","Lung and Bronchus","22030","50-54 years","50-54","White","2106-3",16,43801,36.5,20.9,59.3,9.1
,"Delaware","10","2020","2020","Lung and Bronchus","22030","55-59 years","55-59","White","2106-3",48,51774,92.7,68.4,122.9,13.4
,"Delaware","10","2020","2020","Lung and Bronchus","22030","60-64 years ","60-64","Black or African American","2054-5",16,14202,112.7,64.4,183.0,28.2
,"Delaware","10","2020","2020","Lung and Bronchus","22030","60-64 years ","60-64","White","2106-3",90,54071,166.4,133.8,204.6,17.5
,"Delaware","10","2020","2020","Lung and Bronchus","22030","65-69 years","65-69","Black or African American","2054-5",19,10949,173.5,104.5,271.0,39.8
,"Delaware","10","2020","2020","Lung and Bronchus","22030","65-69 years","65-69","White","2106-3",125,51243,243.9,203.0,290.6,21.8
,"Delaware","10","2020","2020","Lung and Bronchus","22030","70-74 years","70-74","White","2106-3",136,43753,310.8,260.8,367.7,26.7
,"Delaware","10","2020","2020","Lung and Bronchus","22030","75-79 years","75-79","White","2106-3",119,28968,410.8,340.3,491.6,37.7
,"Delaware","10","2020","2020","Lung and Bronchus","22030","80-84 years","80-84","White","2106-3",55,17098,321.7,242.3,418.7,43.4
,"Delaware","10","2020","2020","Lung and Bronchus","22030","85+ years","85+","White","2106-3",41,15460,265.2,190.3,359.8,41.4
,"Delaware","10","2020","2020","Prostate","28010","50-54 years","50-54","Black or African American","2054-5",16,7022,227.9,130.2,370.0,57.0
,"Delaware","10","2020","2020","Prostate","28010","50-54 years","50-54","White","2106-3",20,21535,92.9,56.7,143.4,20.8
,"Delaware","10","2020","2020","Prostate","28010","55-59 years","55-59","Black or African American","2054-5",42,7241,580.0,418.0,784.0,89.5
,"Delaware","10","2020","2020","Prostate","28010","55-59 years","55-59","White","2106-3",60,25086,239.2,182.5,307.9,30.9
,"Delaware","10","2020","2020","Prostate","28010","60-64 years ","60-64","Black or African American","2054-5",50,6453,774.8,575.1,1021.5,109.6
,"Delaware","10","2020","2020","Prostate","28010","60-64 years ","60-64","White","2106-3",110,25727,427.6,351.4,515.3,40.8
,"Delaware","10","2020","2020","Prostate","28010","65-69 years","65-69","Black or African American","2054-5",45,4760,945.4,689.6,1265.0,140.9
,"Delaware","10","2020","2020","Prostate","28010","65-69 years","65-69","White","2106-3",193,24093,801.1,692.0,922.4,57.7
,"Delaware","10","2020","2020","Prostate","28010","70-74 years","70-74","Black or African American","2054-5",42,3528,1190.5,858.0,1609.2,183.7
,"Delaware","10","2020","2020","Prostate","28010","70-74 years","70-74","White","2106-3",160,20739,771.5,656.6,900.7,61.0
,"Delaware","10","2020","2020","Prostate","28010","75-79 years","75-79","Black or African American","2054-5",18,2109,853.5,505.8,1348.9,201.2
,"Delaware","10","2020","2020","Prostate","28010","75-79 years","75-79","White","2106-3",88,13458,653.9,524.4,805.6,69.7
,"Delaware","10","2020","2020","Prostate","28010","80-84 years","80-84","White","2106-3",37,7633,484.7,341.3,668.1,79.7
,"Delaware","10","2020","2020","Urinary Bladder, invasive and in situ","29010","60-64 years ","60-64","White","2106-3",25,54071,46.2,29.9,68.3,9.2
,"Delaware","10","2020","2020","Urinary Bladder, invasive and in situ","29010","65-69 years","65-69","White","2106-3",38,51243,74.2,52.5,101.8,12.0
,"Delaware","10","2020","2020","Urinary Bladder, invasive and in situ","29010","70-74 years","70-74","White","2106-3",57,43753,130.3,98.7,168.8,17.3
,"Delaware","10","2020","2020","Urinary Bladder, invasive and in situ","29010","75-79 years","75-79","White","2106-3",58,28968,200.2,152.0,258.8,26.3
,"Delaware","10","2020","2020","Urinary Bladder, invasive and in situ","29010","80-84 years","80-84","White","2106-3",32,17098,187.2,128.0,264.2,33.1
,"Delaware","10","2020","2020","Urinary Bladder, invasive and in situ","29010","85+ years","85+","White","2106-3",36,15460,232.9,163.1,322.4,38.8
,"District of Columbia","11","2020","2020","Breast","26000","35-39 years","35-39","White","2106-3",19,36837,51.6,31.1,80.5,11.8
,"District of Columbia","11","2020","2020","Breast","26000","40-44 years","40-44","White","2106-3",18,24099,74.7,44.3,118.0,17.6
,"District of Columbia","11","2020","2020","Breast","26000","45-49 years","45-49","Black or African American","2054-5",17,17462,97.4,56.7,155.9,23.6
,"District of Columbia","11","2020","2020","Breast","26000","45-49 years","45-49","White","2106-3",22,17584,125.1,78.4,189.4,26.7
,"District of Columbia","11","2020","2020","Breast","26000","50-54 years","50-54","Black or African American","2054-5",24,18085,132.7,85.0,197.5,27.1
,"District of Columbia","11","2020","2020","Breast","26000","50-54 years","50-54","White","2106-3",21,15262,137.6,85.2,210.3,30.0
,"District of Columbia","11","2020","2020","Breast","26000","55-59 years","55-59","Black or African American","2054-5",28,20688,135.3,89.9,195.6,25.6
,"District of Columbia","11","2020","2020","Breast","26000","55-59 years","55-59","White","2106-3",16,13662,117.1,66.9,190.2,29.3
,"District of Columbia","11","2020","2020","Breast","26000","60-64 years ","60-64","Black or African American","2054-5",43,19561,219.8,159.1,296.1,33.5
,"District of Columbia","11","2020","2020","Breast","26000","65-69 years","65-69","Black or African American","2054-5",36,16400,219.5,153.7,303.9,36.6
,"District of Columbia","11","2020","2020","Breast","26000","65-69 years","65-69","White","2106-3",22,10276,214.1,134.2,324.1,45.6
,"District of Columbia","11","2020","2020","Breast","26000","70-74 years","70-74","Black or African American","2054-5",34,12042,282.3,195.5,394.5,48.4
,"District of Columbia","11","2020","2020","Breast","26000","70-74 years","70-74","White","2106-3",23,9103,252.7,160.2,379.1,52.7
,"District of Columbia","11","2020","2020","Breast","26000","75-79 years","75-79","Black or African American","2054-5",30,7688,390.2,263.3,557.1,71.2
,"District of Columbia","11","2020","2020","Breast","26000","80-84 years","80-84","Black or African American","2054-5",17,5588,304.2,177.2,487.1,73.8
,"District of Columbia","11","2020","2020","Breast","26000","85+ years","85+","Black or African American","2054-5",18,6118,294.2,174.4,465.0,69.3
,"District of Columbia","11","2020","2020","Liver","21071","65-69 years","65-69","Black or African American","2054-5",20,16400,122.0,74.5,188.3,27.3
,"District of Columbia","11","2020","2020","Lung and Bronchus","22030","55-59 years","55-59","Black or African American","2054-5",23,20688,111.2,70.5,166.8,23.2
,"District of Columbia","11","2020","2020","Lung and Bronchus","22030","60-64 years ","60-64","Black or African American","2054-5",37,19561,189.2,133.2,260.7,31.1
,"District of Columbia","11","2020","2020","Lung and Bronchus","22030","65-69 years","65-69","Black or African American","2054-5",36,16400,219.5,153.7,303.9,36.6
,"District of Columbia","11","2020","2020","Lung and Bronchus","22030","70-74 years","70-74","Black or African American","2054-5",32,12042,265.7,181.8,375.1,47.0
,"District of Columbia","11","2020","2020","Lung and Bronchus","22030","70-74 years","70-74","White","2106-3",17,9103,186.8,108.8,299.0,45.3
,"District of Columbia","11","2020","2020","Lung and Bronchus","22030","75-79 years","75-79","Black or African American","2054-5",41,7688,533.3,382.7,723.5,83.3
,"District of Columbia","11","2020","2020","Lung and Bronchus","22030","80-84 years","80-84","Black or African American","2054-5",19,5588,340.0,204.7,531.0,78.0
,"District of Columbia","11","2020","2020","Prostate","28010","50-54 years","50-54","Black or African American","2054-5",18,8333,216.0,128.0,341.4,50.9
,"District of Columbia","11","2020","2020","Prostate","28010","55-59 years","55-59","Black or African American","2054-5",38,9441,402.5,284.8,552.5,65.3
,"District of Columbia","11","2020","2020","Prostate","28010","55-59 years","55-59","White","2106-3",17,7762,219.0,127.6,350.7,53.1
,"District of Columbia","11","2020","2020","Prostate","28010","60-64 years ","60-64","Black or African American","2054-5",40,8698,459.9,328.5,626.2,72.7
,"District of Columbia","11","2020","2020","Prostate","28010","60-64 years ","60-64","White","2106-3",18,6188,290.9,172.4,459.7,68.6
,"District of Columbia","11","2020","2020","Prostate","28010","65-69 years","65-69","Black or African American","2054-5",48,6784,707.5,521.7,938.1,102.1
,"District of Columbia","11","2020","2020","Prostate","28010","65-69 years","65-69","White","2106-3",28,5065,552.8,367.3,799.0,104.5
,"District of Columbia","11","2020","2020","Prostate","28010","70-74 years","70-74","Black or African American","2054-5",35,4774,733.1,510.7,1019.6,123.9
,"District of Columbia","11","2020","2020","Prostate","28010","70-74 years","70-74","White","2106-3",19,4313,440.5,265.2,687.9,101.1
,"District of Columbia","11","2020","2020","Prostate","28010","75-79 years","75-79","Black or African American","2054-5",23,2840,809.9,513.4,1215.2,168.9
,"District of Columbia","11","2020","2020","Prostate","28010","75-79 years","75-79","White","2106-3",26,2961,878.1,573.6,1286.6,172.2
,"Florida","12","2020","2020","Breast","26000","25-29 years","25-29","Black or African American","2054-5",24,302796,7.9,5.1,11.8,1.6
,"Florida","12","2020","2020","Breast","26000","25-29 years","25-29","White","2106-3",41,989864,4.1,3.0,5.6,0.6
,"Florida","12","2020","2020","Breast","26000","30-34 years","30-34","Black or African American","2054-5",58,290018,20.0,15.2,25.9,2.6
,"Florida","12","2020","2020","Breast","26000","30-34 years","30-34","White","2106-3",139,1047978,13.3,11.2,15.7,1.1
,"Florida","12","2020","2020","Breast","26000","35-39 years","35-39","Black or African American","2054-5",100,265243,37.7,30.7,45.9,3.8
,"Florida","12","2020","2020","Breast","26000","35-39 years","35-39","White","2106-3",313,1028943,30.4,27.1,34.0,1.7
,"Florida","12","2020","2020","Breast","26000","35-39 years","35-39","Other Races and Unknown combined","2131-1",21,Not Applicable,Not Applicable,Not Applicable,Not Applicable,Not Applicable
,"Florida","12","2020","2020","Breast","26000","40-44 years","40-44","Asian or Pacific Islander","A-PI",33,56530,58.4,40.2,82.0,10.2
,"Florida","12","2020","2020","Breast","26000","40-44 years","40-44","Black or African American","2054-5",169,243216,69.5,59.4,80.8,5.3
,"Florida","12","2020","2020","Breast","26000","40-44 years","40-44","White","2106-3",582,990585,58.8,54.1,63.7,2.4
,"Florida","12","2020","2020","Breast","26000","40-44 years","40-44","Other Races and Unknown combined","2131-1",31,Not Applicable,Not Applicable,Not Applicable,Not Applicable,Not Applicable
,"Florida","12","2020","2020","Breast","26000","45-49 years","45-49","Asian or Pacific Islander","A-PI",48,55732,86.1,63.5,114.2,12.4
,"Florida","12","2020","2020","Breast","26000","45-49 years","45-49","Black or African American","2054-5",175,232122,75.4,64.6,87.4,5.7
,"Florida","12","2020","2020","Breast","26000","45-49 years","45-49","White","2106-3",950,1032673,92.0,86.2,98.0,3.0
,"Florida","12","2020","2020","Breast","26000","45-49 years","45-49","Other Races and Unknown combined","2131-1",46,Not Applicable,Not Applicable,Not Applicable,Not Applicable,Not Applicable
,"Florida","12","2020","2020","Breast","26000","50-54 years","50-54","Asian or Pacific Islander","A-PI",55,50200,109.6,82.5,142.6,14.8
,"Florida","12","2020","2020","Breast","26000","50-54 years","50-54","Black or African American","2054-5",258,221154,116.7,102.9,131.8,7.3
,"Florida","12","2020","2020","Breast","26000","50-54 years","50-54","White","2106-3",1245,1098891,113.3,107.1,119.8,3.2
,"Florida","12","2020","2020","Breast","26000","50-54 years","50-54","Other Races and Unknown combined","2131-1",47,Not Applicable,Not Applicable,Not Applicable,Not Applicable,Not Applicable
,"Florida","12","2020","2020","Breast","26000","55-59 years","55-59","Asian or Pacific Islander","A-PI",37,45479,81.4,57.3,112.1,13.4
,"Florida","12","2020","2020","Breast","26000","55-59 years","55-59","Black or African American","2054-5",302,223799,134.9,120.2,151.1,7.8
,"Florida","12","2020","2020","Breast","26000","55-59 years","55-59","White","2106-3",1637,1229987,133.1,126.7,139.7,3.3
,"Florida","12","2020","2020","Breast","26000","55-59 years","55-59","Other Races and Unknown combined","2131-1",39,Not Applicable,Not Applicable,Not Applicable,Not Applicable,Not Applicable
,"Florida","12","2020","2020","Breast","26000","60-64 years ","60-64","Asian or Pacific Islander","A-PI",64,40485,158.1,121.7,201.9,19.8
,"Florida","12","2020","2020","Breast","26000","60-64 years ","60-64","Black or African American","2054-5",314,202662,154.9,138.3,173.1,8.7
,"Florida","12","2020","2020","Breast","26000","60-64 years ","60-64","White","2106-3",2000,1193571,167.6,160.3,175.1,3.7
,"Florida","12","2020","2020","Breast","26000","60-64 years ","60-64","Other Races and Unknown combined","2131-1",52,Not Applicable,Not Applicable,Not Applicable,Not Applicable,Not Applicable
,"Florida","12","2020","2020","Breast","26000","65-69 years","65-69","Asian or Pacific Islander","A-PI",59,36606,161.2,122.7,207.9,21.0
,"Florida","12","2020","2020","Breast","26000","65-69 years","65-69","Black or African American","2054-5",295,160706,183.6,163.2,205.8,10.7
,"Florida","12","2020","2020","Breast","26000","65-69 years","65-69","White","2106-3",2467,1117142,220.8,212.2,229.7,4.4
,"Florida","12","2020","2020","Breast","26000","65-69 years","65-69","Other Races and Unknown combined","2131-1",55,Not Applicable,Not Applicable,Not Applicable,Not Applicable,Not Applicable
,"Florida","12","2020","2020","Breast","26000","70-74 years","70-74","Asian or Pacific Islander","A-PI",37,29258,126.5,89.0,174.3,20.8
,"Florida","12","2020","2020","Breast","26000","70-74 years","70-74","Black or African American","2054-5",248,117557,211.0,185.5,238.9,13.4
,"Florida","12","2020","2020","Breast","26000","70-74 years","70-74","White","2106-3",2398,1038938,230.8,221.7,240.2,4.7
,"Florida","12","2020","2020","Breast","26000","70-74 years","70-74","Other Races and Unknown combined","2131-1",46,Not Applicable,Not Applicable,Not Applicable,Not Applicable,Not Applicable
,"Florida","12","2020","2020","Breast","26000","75-79 years","75-79","Asian or Pacific Islander","A-PI",26,18423,141.1,92.2,206.8,27.7
,"Florida","12","2020","2020","Breast","26000","75-79 years","75-79","Black or African American","2054-5",146,74094,197.0,166.4,231.7,16.3
,"Florida","12","2020","2020","Breast","26000","75-79 years","75-79","White","2106-3",1888,769884,245.2,234.3,256.5,5.6
,"Florida","12","2020","2020","Breast","26000","75-79 years","75-79","Other Races and Unknown combined","2131-1",39,Not Applicable,Not Applicable,Not Applicable,Not Applicable,Not Applicable
,"Florida","12","2020","2020","Breast","26000","80-84 years","80-84","Black or African American","2054-5",80,47774,167.5,132.8,208.4,18.7
,"Florida","12","2020","2020","Breast","26000","80-84 years","80-84","White","2106-3",1096,507361,216.0,203.4,229.2,6.5
,"Florida","12","2020","2020","Breast","26000","80-84 years","80-84","Other Races and Unknown combined","2131-1",23,Not Applicable,Not Applicable,Not Applicable,Not Applicable,Not Applicable
,"Florida","12","2020","2020","Breast","26000","85+ years","85+","Black or African American","2054-5",75,40968,183.1,144.0,229.5,21.1
,"Florida","12","2020","2020","Breast","26000","85+ years","85+","White","2106-3",809,495516,163.3,152.2,174.9,5.7
,"Florida","12","2020","2020","Kidney and Renal Pelvis","29020","1-4 years","1-4","White","2106-3",18,641508,2.8,1.7,4.4,0.7
,"Florida","12","2020","2020","Kidney and Renal Pelvis","29020","30-34 years","30-34","White","2106-3",35,1047978,3.3,2.3,4.6,0.6
,"Florida","12","2020","2020","Kidney and Renal Pelvis","29020","35-39 years","35-39","White","2106-3",56,1028943,5.4,4.1,7.1,0.7
,"Florida","12","2020","2020","Kidney and Renal Pelvis","29020","40-44 years","40-44","Black or African American","2054-5",21,243216,8.6,5.3,13.2,1.9
,"Florida","12","2020","2020","Kidney and Renal Pelvis","29020","40-44 years","40-44","White","2106-3",102,990585,10.3,8.4,12.5,1.0
,"Florida","12","2020","2020","Kidney and Renal Pelvis","29020","45-49 years","45-49","Black or African American","2054-5",29,232122,12.5,8.4,17.9,2.3
,"Florida","12","2020","2020","Kidney and Renal Pelvis","29020","45-49 years","45-49","White","2106-3",165,1032673,16.0,13.6,18.6,1.2
,"Florida","12","2020","2020","Kidney and Renal Pelvis","29020","50-54 years","50-54","Black or African American","2054-5",41,221154,18.5,13.3,25.2,2.9
,"Florida","12","2020","2020","Kidney and Renal Pelvis","29020","50-54 years","50-54","White","2106-3",271,1098891,24.7,21.8,27.8,1.5
,"Florida","12","2020","2020","Kidney and Renal Pelvis","29020","55-59 years","55-59","Black or African American","2054-5",62,223799,27.7,21.2,35.5,3.5
,"Florida","12","2020","2020","Kidney and Renal Pelvis","29020","55-59 years","55-59","White","2106-3",413,1229987,33.6,30.4,37.0,1.7
,"Florida","12","2020","2020","Kidney and Renal Pelvis","29020","60-64 years ","60-64","Black or African American","2054-5",85,202662,41.9,33.5,51.9,4.5
,"Florida","12","2020","2020","Kidney and Renal Pelvis","29020","60-64 years ","60-64","White","2106-3",534,1193571,44.7,41.0,48.7,1.9
,"Florida","12","2020","2020","Kidney and Renal Pelvis","29020","65-69 years","65-69","Black or African American","2054-5",73,160706,45.4,35.6,57.1,5.3
,"Florida","12","2020","2020","Kidney and Renal Pelvis","29020","65-69 years","65-69","White","2106-3",646,1117142,57.8,53.5,62.5,2.3
,"Florida","12","2020","2020","Kidney and Renal Pelvis","29020","65-69 years","65-69","Other Races and Unknown combined","2131-1",25,Not Applicable,Not Applicable,Not Applicable,Not Applicable,Not Applicable
,"Florida","12","2020","2020","Kidney and Renal Pelvis","29020","70-74 years","70-74","Black or African American","2054-5",72,117557,61.2,47.9,77.1,7.2
,"Florida","12","2020","2020","Kidney and Renal Pelvis","29020","70-74 years","70-74","White","2106-3",655,1038938,63.0,58.3,68.1,2.5
,"Florida","12","2020","2020","Kidney and Renal Pelvis","29020","75-79 years","75-79","Black or African American","2054-5",51,74094,68.8,51.2,90.5,9.6
,"Florida","12","2020","2020","Kidney and Renal Pelvis","29020","75-79 years","75-79","White","2106-3",520,769884,67.5,61.9,73.6,3.0
,"Florida","12","2020","2020","Kidney and Renal Pelvis","29020","80-84 years","80-84","Black or African American","2054-5",18,47774,37.7,22.3,59.5,8.9
,"Florida","12","2020","2020","Kidney and Renal Pelvis","29020","80-84 years","80-84","White","2106-3",308,507361,60.7,54.1,67.9,3.5
,"Florida","12","2020","2020","Kidney and Renal Pelvis","29020","85+ years","85+","Black or African American","2054-5",17,40968,41.5,24.2,66.4,10.1
,"Florida","12","2020","2020","Kidney and Renal Pelvis","29020","85+ years","85+","White","2106-3",267,495516,53.9,47.6,60.7,3.3
,"Florida","12","2020","2020","Liver","21071","45-49 years","45-49","White","2106-3",16,1032673,1.5,0.9,2.5,0.4
,"Florida","12","2020","2020","Liver","21071","50-54 years","50-54","White","2106-3",53,1098891,4.8,3.6,6.3,0.7
,"Florida","12","2020","2020","Liver","21071","55-59 years","55-59","Black or African American","2054-5",30,223799,13.4,9.0,19.1,2.4
,"Florida","12","2020","2020","Liver","21071","55-59 years","55-59","White","2106-3",191,1229987,15.5,13.4,17.9,1.1
,"Florida","12","2020","2020","Liver","21071","60-64 years ","60-64","Black or African American","2054-5",50,202662,24.7,18.3,32.5,3.5
,"Florida","12","2020","2020","Liver","21071","60-64 years ","60-64","White","2106-3",284,1193571,23.8,21.1,26.7,1.4
,"Florida","12","2020","2020","Liver","21071","65-69 years","65-69","Black or African American","2054-5",41,160706,25.5,18.3,34.6,4.0
,"Florida","12","2020","2020","Liver","21071","65-69 years","65-69","White","2106-3",362,1117142,32.4,29.2,35.9,1.7
,"Florida","12","2020","2020","Liver","21071","70-74 years","70-74","Black or African American","2054-5",40,117557,34.0,24.3,46.3,5.4
,"Florida","12","2020","2020","Liver","21071","70-74 years","70-74","White","2106-3",296,1038938,28.5,25.3,31.9,1.7
,"Florida","12","2020","2020","Liver","21071","75-79 years","75-79","White","2106-3",213,769884,27.7,24.1,31.6,1.9
,"Florida","12","2020","2020","Liver","21071","80-84 years","80-84","White","2106-3",158,507361,31.1,26.5,36.4,2.5
,"Florida","12","2020","2020","Liver","21071","85+ years","85+","White","2106-3",116,495516,23.4,19.3,28.1,2.2
,"Florida","12","2020","2020","Lung and Bronchus","22030","35-39 years","35-39","White","2106-3",34,1028943,3.3,2.3,4.6,0.6
,"Florida","12","2020","2020","Lung and Bronchus","22030","40-44 years","40-44","Black or African American","2054-5",24,243216,9.9,6.3,14.7,2.0
,"Florida","12","2020","2020","Lung and Bronchus","22030","40-44 years","40-44","White","2106-3",56,990585,5.7,4.3,7.3,0.8
,"Florida","12","2020","2020","Lung and Bronchus","22030","45-49 years","45-49","Black or African American","2054-5",31,232122,13.4,9.1,19.0,2.4
,"Florida","12","2020","2020","Lung and Bronchus","22030","45-49 years","45-49","White","2106-3",163,1032673,15.8,13.5,18.4,1.2
,"Florida","12","2020","2020","Lung and Bronchus","22030","50-54 years","50-54","Asian or Pacific Islander","A-PI",20,50200,39.8,24.3,61.5,8.9
,"Florida","12","2020","2020","Lung and Bronchus","22030","50-54 years","50-54","Black or African American","2054-5",67,221154,30.3,23.5,38.5,3.7
,"Florida","12","2020","2020","Lung and Bronchus","22030","50-54 years","50-54","White","2106-3",471,1098891,42.9,39.1,46.9,2.0
,"Florida","12","2020","2020","Lung and Bronchus","22030","55-59 years","55-59","Asian or Pacific Islander","A-PI",16,45479,35.2,20.1,57.1,8.8
,"Florida","12","2020","2020","Lung and Bronchus","22030","55-59 years","55-59","Black or African American","2054-5",141,223799,63.0,53.0,74.3,5.3
,"Florida","12","2020","2020","Lung and Bronchus","22030","55-59 years","55-59","White","2106-3",1129,1229987,91.8,86.5,97.3,2.7
,"Florida","12","2020","2020","Lung and Bronchus","22030","55-59 years","55-59","Other Races and Unknown combined","2131-1",19,Not Applicable,Not Applicable,Not Applicable,Not Applicable,Not Applicable
,"Florida","12","2020","2020","Lung and Bronchus","22030","60-64 years ","60-64","Asian or Pacific Islander","A-PI",31,40485,76.6,52.0,108.7,13.8
,"Florida","12","2020","2020","Lung and Bronchus","22030","60-64 years ","60-64","Black or African American","2054-5",255,202662,125.8,110.9,142.3,7.9
,"Florida","12","2020","2020","Lung and Bronchus","22030","60-64 years ","60-64","White","2106-3",1918,1193571,160.7,153.6,168.1,3.7
,"Florida","12","2020","2020","Lung and Bronchus","22030","60-64 years ","60-64","Other Races and Unknown combined","2131-1",31,Not Applicable,Not Applicable,Not Applicable,Not Applicable,Not Applicable
,"Florida","12","2020","2020","Lung and Bronchus","22030","65-69 years","65-69","Asian or Pacific Islander","A-PI",42,36606,114.7,82.7,155.1,17.7
,"Florida","12","2020","2020","Lung and Bronchus","22030","65-69 years","65-69","Black or African American","2054-5",293,160706,182.3,162.0,204.4,10.7
,"Florida","12","2020","2020","Lung and Bronchus","22030","65-69 years","65-69","White","2106-3",2448,1117142,219.1,210.5,228.0,4.4
,"Florida","12","2020","2020","Lung and Bronchus","22030","65-69 years","65-69","Other Races and Unknown combined","2131-1",47,Not Applicable,Not Applicable,Not Applicable,Not Applicable,Not Applicable
,"Florida","12","2020","2020","Lung and Bronchus","22030","70-74 years","70-74","Asian or Pacific Islander","A-PI",46,29258,157.2,115.1,209.7,23.2
,"Florida","12","2020","2020","Lung and Bronchus","22030","70-74 years","70-74","Black or African American","2054-5",256,117557,217.8,191.9,246.1,13.6
,"Florida","12","2020","2020","Lung and Bronchus","22030","70-74 years","70-74","White","2106-3",2958,1038938,284.7,274.5,295.2,5.2
,"Florida","12","2020","2020","Lung and Bronchus","22030","70-74 years","70-74","Other Races and Unknown combined","2131-1",37,Not Applicable,Not Applicable,Not Applicable,Not Applicable,Not Applicable
,"Florida","12","2020","2020","Lung and Bronchus","22030","75-79 years","75-79","Asian or Pacific Islander","A-PI",30,18423,162.8,109.9,232.5,29.7
,"Florida","12","2020","2020","Lung and Bronchus","22030","75-79 years","75-79","Black or African American","2054-5",181,74094,244.3,210.0,282.6,18.2
,"Florida","12","2020","2020","Lung and Bronchus","22030","75-79 years","75-79","White","2106-3",2776,769884,360.6,347.3,374.2,6.8
,"Florida","12","2020","2020","Lung and Bronchus","22030","75-79 years","75-79","Other Races and Unknown combined","2131-1",29,Not Applicable,Not Applicable,Not Applicable,Not Applicable,Not Applicable
,"Florida","12","2020","2020","Lung and Bronchus","22030","80-84 years","80-84","Asian or Pacific Islander","A-PI",25,11228,222.7,144.1,328.7,44.5
,"Florida","12","2020","2020","Lung and Bronchus","22030","80-84 years","80-84","Black or African American","2054-5",115,47774,240.7,198.7,288.9,22.4
,"Florida","12","2020","2020","Lung and Bronchus","22030","80-84 years","80-84","White","2106-3",1816,507361,357.9,341.7,374.8,8.4
,"Florida","12","2020","2020","Lung and Bronchus","22030","80-84 years","80-84","Other Races and Unknown combined","2131-1",26,Not Applicable,Not Applicable,Not Applicable,Not Applicable,Not Applicable
,"Florida","12","2020","2020","Lung and Bronchus","22030","85+ years","85+","Black or African American","2054-5",70,40968,170.9,133.2,215.9,20.4
,"Florida","12","2020","2020","Lung and Bronchus","22030","85+ years","85+","White","2106-3",1434,495516,289.4,274.6,304.8,7.6
,"Florida","12","2020","2020","Lung and Bronchus","22030","85+ years","85+","Other Races and Unknown combined","2131-1",27,Not Applicable,Not Applicable,Not Applicable,Not Applicable,Not Applicable
,"Florida","12","2020","2020","Prostate","28010","45-49 years","45-49","Black or African American","2054-5",61,109415,55.8,42.6,71.6,7.1
,"Florida","12","2020","2020","Prostate","28010","45-49 years","45-49","White","2106-3",102,520153,19.6,16.0,23.8,1.9
,"Florida","12","2020","2020","Prostate","28010","50-54 years","50-54","Black or African American","2054-5",173,105811,163.5,140.0,189.8,12.4
,"Florida","12","2020","2020","Prostate","28010","50-54 years","50-54","White","2106-3",395,549589,71.9,65.0,79.3,3.6
,"Florida","12","2020","2020","Prostate","28010","55-59 years","55-59","Black or African American","2054-5",305,105128,290.1,258.5,324.6,16.6
,"Florida","12","2020","2020","Prostate","28010","55-59 years","55-59","White","2106-3",1042,604911,172.3,162.0,183.0,5.3
,"Florida","12","2020","2020","Prostate","28010","55-59 years","55-59","Other Races and Unknown combined","2131-1",35,Not Applicable,Not Applicable,Not Applicable,Not Applicable,Not Applicable
,"Florida","12","2020","2020","Prostate","28010","60-64 years ","60-64","Asian or Pacific Islander","A-PI",26,17297,150.3,98.2,220.2,29.5
,"Florida","12","2020","2020","Prostate","28010","60-64 years ","60-64","Black or African American","2054-5",498,93776,531.1,485.4,579.8,23.8
,"Florida","12","2020","2020","Prostate","28010","60-64 years ","60-64","White","2106-3",1789,572855,312.3,298.0,327.1,7.4
,"Florida","12","2020","2020","Prostate","28010","60-64 years ","60-64","Other Races and Unknown combined","2131-1",51,Not Applicable,Not Applicable,Not Applicable,Not Applicable,Not Applicable
,"Florida","12","2020","2020","Prostate","28010","65-69 years","65-69","Asian or Pacific Islander","A-PI",32,15322,208.9,142.9,294.8,36.9
,"Florida","12","2020","2020","Prostate","28010","65-69 years","65-69","Black or African American","2054-5",569,72097,789.2,725.7,856.8,33.1
,"Florida","12","2020","2020","Prostate","28010","65-69 years","65-69","White","2106-3",2846,523084,544.1,524.3,564.4,10.2
,"Florida","12","2020","2020","Prostate","28010","65-69 years","65-69","Other Races and Unknown combined","2131-1",81,Not Applicable,Not Applicable,Not Applicable,Not Applicable,Not Applicable
,"Florida","12","2020","2020","Prostate","28010","70-74 years","70-74","Asian or Pacific Islander","A-PI",32,12522,255.6,174.8,360.8,45.2
,"Florida","12","2020","2020","Prostate","28010","70-74 years","70-74","Black or African American","2054-5",340,51587,659.1,590.9,733.0,35.7
,"Florida","12","2020","2020","Prostate","28010","70-74 years","70-74","White","2106-3",2683,488218,549.5,529.0,570.7,10.6
,"Florida","12","2020","2020","Prostate","28010","70-74 years","70-74","Other Races and Unknown combined","2131-1",69,Not Applicable,Not Applicable,Not Applicable,Not Applicable,Not Applicable
,"Florida","12","2020","2020","Prostate","28010","75-79 years","75-79","Asian or Pacific Islander","A-PI",30,8083,371.1,250.4,529.8,67.8
,"Florida","12","2020","2020","Prostate","28010","75-79 years","75-79","Black or African American","2054-5",203,31532,643.8,558.3,738.7,45.2
,"Florida","12","2020","2020","Prostate","28010","75-79 years","75-79","White","2106-3",1867,357201,522.7,499.2,546.9,12.1
,"Florida","12","2020","2020","Prostate","28010","75-79 years","75-79","Other Races and Unknown combined","2131-1",38,Not Applicable,Not Applicable,Not Applicable,Not Applicable,Not Applicable
,"Florida","12","2020","2020","Prostate","28010","80-84 years","80-84","Black or African American","2054-5",90,19049,472.5,379.9,580.7,49.8
,"Florida","12","2020","2020","Prostate","28010","80-84 years","80-84","White","2106-3",930,229427,405.4,379.7,432.3,13.3
,"Florida","12","2020","2020","Prostate","28010","80-84 years","80-84","Other Races and Unknown combined","2131-1",16,Not Applicable,Not Applicable,Not Applicable,Not Applicable,Not Applicable
,"Florida","12","2020","2020","Prostate","28010","85+ years","85+","Black or African American","2054-5",51,13612,374.7,279.0,492.6,52.5
,"Florida","12","2020","2020","Prostate","28010","85+ years","85+","White","2106-3",611,200619,304.6,280.9,329.7,12.3
,"Florida","12","2020","2020","Urinary Bladder, invasive and in situ","29010","40-44 years","40-44","White","2106-3",28,990585,2.8,1.9,4.1,0.5
,"Florida","12","2020","2020","Urinary Bladder, invasive and in situ","29010","45-49 years","45-49","White","2106-3",67,1032673,6.5,5.0,8.2,0.8
,"Florida","12","2020","2020","Urinary Bladder, invasive and in situ","29010","50-54 years","50-54","White","2106-3",127,1098891,11.6,9.6,13.8,1.0
,"Florida","12","2020","2020","Urinary Bladder, invasive and in situ","29010","55-59 years","55-59","Black or African American","2054-5",27,223799,12.1,8.0,17.6,2.3
,"Florida","12","2020","2020","Urinary Bladder, invasive and in situ","29010","55-59 years","55-59","White","2106-3",280,1229987,22.8,20.2,25.6,1.4
,"Florida","12","2020","2020","Urinary Bladder, invasive and in situ","29010","60-64 years ","60-64","Black or African American","2054-5",44,202662,21.7,15.8,29.1,3.3
,"Florida","12","2020","2020","Urinary Bladder, invasive and in situ","29010","60-64 years ","60-64","White","2106-3",465,1193571,39.0,35.5,42.7,1.8
,"Florida","12","2020","2020","Urinary Bladder, invasive and in situ","29010","65-69 years","65-69","Black or African American","2054-5",48,160706,29.9,22.0,39.6,4.3
,"Florida","12","2020","2020","Urinary Bladder, invasive and in situ","29010","65-69 years","65-69","White","2106-3",760,1117142,68.0,63.3,73.0,2.5
,"Florida","12","2020","2020","Urinary Bladder, invasive and in situ","29010","65-69 years","65-69","Other Races and Unknown combined","2131-1",19,Not Applicable,Not Applicable,Not Applicable,Not Applicable,Not Applicable
,"Florida","12","2020","2020","Urinary Bladder, invasive and in situ","29010","70-74 years","70-74","Black or African American","2054-5",46,117557,39.1,28.6,52.2,5.8
,"Florida","12","2020","2020","Urinary Bladder, invasive and in situ","29010","70-74 years","70-74","White","2106-3",1024,1038938,98.6,92.6,104.8,3.1
,"Florida","12","2020","2020","Urinary Bladder, invasive and in situ","29010","75-79 years","75-79","Black or African American","2054-5",45,74094,60.7,44.3,81.3,9.1
,"Florida","12","2020","2020","Urinary Bladder, invasive and in situ","29010","75-79 years","75-79","White","2106-3",1057,769884,137.3,129.1,145.8,4.2
,"Florida","12","2020","2020","Urinary Bladder, invasive and in situ","29010","80-84 years","80-84","Black or African American","2054-5",34,47774,71.2,49.3,99.5,12.2
,"Florida","12","2020","2020","Urinary Bladder, invasive and in situ","29010","80-84 years","80-84","White","2106-3",809,507361,159.5,148.7,170.8,5.6
,"Florida","12","2020","2020","Urinary Bladder, invasive and in situ","29010","85+ years","85+","Black or African American","2054-5",42,40968,102.5,73.9,138.6,15.8
,"Florida","12","2020","2020","Urinary Bladder, invasive and in situ","29010","85+ years","85+","White","2106-3",853,495516,172.1,160.8,184.1,5.9
,"Georgia","13","2020","2020","Breast","26000","25-29 years","25-29","Black or African American","2054-5",25,285452,8.8,5.7,12.9,1.8
,"Georgia","13","2020","2020","Breast","26000","25-29 years","25-29","White","2106-3",21,418851,5.0,3.1,7.7,1.1
,"Georgia","13","2020","2020","Breast","26000","30-34 years","30-34","Black or African American","2054-5",51,268050,19.0,14.2,25.0,2.7
,"Georgia","13","2020","2020","Breast","26000","30-34 years","30-34","White","2106-3",63,422045,14.9,11.5,19.1,1.9
,"Georgia","13","2020","2020","Breast","26000","35-39 years","35-39","Black or African American","2054-5",88,248828,35.4,28.4,43.6,3.8
,"Georgia","13","2020","2020","Breast","26000","35-39 years","35-39","White","2106-3",155,420733,36.8,31.3,43.1,3.0
,"Georgia","13","2020","2020","Breast","26000","40-44 years","40-44","Asian or Pacific Islander","A-PI",18,42470,42.4,25.1,67.0,10.0
,"Georgia","13","2020","2020","Breast","26000","40-44 years","40-44","Black or African American","2054-5",176,238782,73.7,63.2,85.4,5.6
,"Georgia","13","2020","2020","Breast","26000","40-44 years","40-44","White","2106-3",233,407148,57.2,50.1,65.1,3.7
,"Georgia","13","2020","2020","Breast","26000","45-49 years","45-49","Asian or Pacific Islander","A-PI",30,41732,71.9,48.5,102.6,13.1
,"Georgia","13","2020","2020","Breast","26000","45-49 years","45-49","Black or African American","2054-5",246,232903,105.6,92.8,119.7,6.7
,"Georgia","13","2020","2020","Breast","26000","45-49 years","45-49","White","2106-3",435,427401,101.8,92.4,111.8,4.9
,"Georgia","13","2020","2020","Breast","26000","50-54 years","50-54","Asian or Pacific Islander","A-PI",33,33399,98.8,68.0,138.8,17.2
,"Georgia","13","2020","2020","Breast","26000","50-54 years","50-54","Black or African American","2054-5",279,224426,124.3,110.2,139.8,7.4
,"Georgia","13","2020","2020","Breast","26000","50-54 years","50-54","White","2106-3",488,438639,111.3,101.6,121.6,5.0
,"Georgia","13","2020","2020","Breast","26000","55-59 years","55-59","Asian or Pacific Islander","A-PI",27,28271,95.5,62.9,139.0,18.4
,"Georgia","13","2020","2020","Breast","26000","55-59 years","55-59","Black or African American","2054-5",359,222499,161.3,145.1,178.9,8.5
,"Georgia","13","2020","2020","Breast","26000","55-59 years","55-59","White","2106-3",631,448586,140.7,129.9,152.1,5.6
,"Georgia","13","2020","2020","Breast","26000","60-64 years ","60-64","Asian or Pacific Islander","A-PI",33,23778,138.8,95.5,194.9,24.2
,"Georgia","13","2020","2020","Breast","26000","60-64 years ","60-64","Black or African American","2054-5",366,191500,191.1,172.0,211.7,10.0
,"Georgia","13","2020","2020","Breast","26000","60-64 years ","60-64","White","2106-3",724,412524,175.5,163.0,188.8,6.5
,"Georgia","13","2020","2020","Breast","26000","65-69 years","65-69","Asian or Pacific Islander","A-PI",24,18735,128.1,82.1,190.6,26.1
,"Georgia","13","2020","2020","Breast","26000","65-69 years","65-69","Black or African American","2054-5",346,149290,231.8,208.0,257.5,12.5
,"Georgia","13","2020","2020","Breast","26000","65-69 years","65-69","White","2106-3",836,354931,235.5,219.8,252.1,8.1
,"Georgia","13","2020","2020","Breast","26000","70-74 years","70-74","Asian or Pacific Islander","A-PI",21,13489,155.7,96.4,238.0,34.0
,"Georgia","13","2020","2020","Breast","26000","70-74 years","70-74","Black or African American","2054-5",275,106775,257.6,228.0,289.9,15.5
,"Georgia","13","2020","2020","Breast","26000","70-74 years","70-74","White","2106-3",820,306040,267.9,249.9,286.9,9.4
,"Georgia","13","2020","2020","Breast","26000","75-79 years","75-79","Black or African American","2054-5",174,61242,284.1,243.5,329.6,21.5
,"Georgia","13","2020","2020","Breast","26000","75-79 years","75-79","White","2106-3",547,204429,267.6,245.6,291.0,11.4
,"Georgia","13","2020","2020","Breast","26000","80-84 years","80-84","Black or African American","2054-5",92,35560,258.7,208.6,317.3,27.0
,"Georgia","13","2020","2020","Breast","26000","80-84 years","80-84","White","2106-3",304,123127,246.9,219.9,276.3,14.2
,"Georgia","13","2020","2020","Breast","26000","85+ years","85+","Black or African American","2054-5",69,29347,235.1,182.9,297.6,28.3
,"Georgia","13","2020","2020","Breast","26000","85+ years","85+","White","2106-3",235,107730,218.1,191.1,247.9,14.2
,"Georgia","13","2020","2020","Kidney and Renal Pelvis","29020","35-39 years","35-39","White","2106-3",34,420733,8.1,5.6,11.3,1.4
,"Georgia","13","2020","2020","Kidney and Renal Pelvis","29020","40-44 years","40-44","Black or African American","2054-5",21,238782,8.8,5.4,13.4,1.9
,"Georgia","13","2020","2020","Kidney and Renal Pelvis","29020","40-44 years","40-44","White","2106-3",44,407148,10.8,7.9,14.5,1.6
,"Georgia","13","2020","2020","Kidney and Renal Pelvis","29020","45-49 years","45-49","Black or African American","2054-5",37,232903,15.9,11.2,21.9,2.6
,"Georgia","13","2020","2020","Kidney and Renal Pelvis","29020","45-49 years","45-49","White","2106-3",98,427401,22.9,18.6,27.9,2.3
,"Georgia","13","2020","2020","Kidney and Renal Pelvis","29020","50-54 years","50-54","Black or African American","2054-5",53,224426,23.6,17.7,30.9,3.2
,"Georgia","13","2020","2020","Kidney and Renal Pelvis","29020","50-54 years","50-54","White","2106-3",95,438639,21.7,17.5,26.5,2.2
,"Georgia","13","2020","2020","Kidney and Renal Pelvis","29020","55-59 years","55-59","Black or African American","2054-5",73,222499,32.8,25.7,41.3,3.8
,"Georgia","13","2020","2020","Kidney and Renal Pelvis","29020","55-59 years","55-59","White","2106-3",175,448586,39.0,33.4,45.2,2.9
,"Georgia","13","2020","2020","Kidney and Renal Pelvis","29020","60-64 years ","60-64","Black or African American","2054-5",118,191500,61.6,51.0,73.8,5.7
,"Georgia","13","2020","2020","Kidney and Renal Pelvis","29020","60-64 years ","60-64","White","2106-3",206,412524,49.9,43.3,57.2,3.5
,"Georgia","13","2020","2020","Kidney and Renal Pelvis","29020","65-69 years","65-69","Black or African American","2054-5",90,149290,60.3,48.5,74.1,6.4
,"Georgia","13","2020","2020","Kidney and Renal Pelvis","29020","65-69 years","65-69","White","2106-3",241,354931,67.9,59.6,77.0,4.4
,"Georgia","13","2020","2020","Kidney and Renal Pelvis","29020","70-74 years","70-74","Black or African American","2054-5",79,106775,74.0,58.6,92.2,8.3
,"Georgia","13","2020","2020","Kidney and Renal Pelvis","29020","70-74 years","70-74","White","2106-3",235,306040,76.8,67.3,87.3,5.0
,"Georgia","13","2020","2020","Kidney and Renal Pelvis","29020","75-79 years","75-79","Black or African American","2054-5",46,61242,75.1,55.0,100.2,11.1
,"Georgia","13","2020","2020","Kidney and Renal Pelvis","29020","75-79 years","75-79","White","2106-3",173,204429,84.6,72.5,98.2,6.4
,"Georgia","13","2020","2020","Kidney and Renal Pelvis","29020","80-84 years","80-84","Black or African American","2054-5",34,35560,95.6,66.2,133.6,16.4
,"Georgia","13","2020","2020","Kidney and Renal Pelvis","29020","80-84 years","80-84","White","2106-3",93,123127,75.5,61.0,92.5,7.8
,"Georgia","13","2020","2020","Kidney and Renal Pelvis","29020","85+ years","85+","White","2106-3",65,107730,60.3,46.6,76.9,7.5
,"Georgia","13","2020","2020","Liver","21071","50-54 years","50-54","White","2106-3",21,438639,4.8,3.0,7.3,1.0
,"Georgia","13","2020","2020","Liver","21071","55-59 years","55-59","Black or African American","2054-5",18,222499,8.1,4.8,12.8,1.9
,"Georgia","13","2020","2020","Liver","21071","55-59 years","55-59","White","2106-3",70,448586,15.6,12.2,19.7,1.9
,"Georgia","13","2020","2020","Liver","21071","60-64 years ","60-64","Black or African American","2054-5",45,191500,23.5,17.1,31.4,3.5
,"Georgia","13","2020","2020","Liver","21071","60-64 years ","60-64","White","2106-3",103,412524,25.0,20.4,30.3,2.5
,"Georgia","13","2020","2020","Liver","21071","65-69 years","65-69","Black or African American","2054-5",56,149290,37.5,28.3,48.7,5.0
,"Georgia","13","2020","2020","Liver","21071","65-69 years","65-69","White","2106-3",112,354931,31.6,26.0,38.0,3.0
,"Georgia","13","2020","2020","Liver","21071","70-74 years","70-74","Black or African American","2054-5",48,106775,45.0,33.1,59.6,6.5
,"Georgia","13","2020","2020","Liver","21071","70-74 years","70-74","White","2106-3",89,306040,29.1,23.4,35.8,3.1
,"Georgia","13","2020","2020","Liver","21071","75-79 years","75-79","Black or African American","2054-5",16,61242,26.1,14.9,42.4,6.5
,"Georgia","13","2020","2020","Liver","21071","75-79 years","75-79","White","2106-3",74,204429,36.2,28.4,45.4,4.2
,"Georgia","13","2020","2020","Liver","21071","80-84 years","80-84","White","2106-3",37,123127,30.1,21.2,41.4,4.9
,"Georgia","13","2020","2020","Liver","21071","85+ years","85+","White","2106-3",31,107730,28.8,19.6,40.8,5.2
,"Georgia","13","2020","2020","Lung and Bronchus","22030","40-44 years","40-44","White","2106-3",35,407148,8.6,6.0,12.0,1.5
,"Georgia","13","2020","2020","Lung and Bronchus","22030","45-49 years","45-49","Black or African American","2054-5",33,232903,14.2,9.8,19.9,2.5
,"Georgia","13","2020","2020","Lung and Bronchus","22030","45-49 years","45-49","White","2106-3",58,427401,13.6,10.3,17.5,1.8
,"Georgia","13","2020","2020","Lung and Bronchus","22030","50-54 years","50-54","Black or African American","2054-5",66,224426,29.4,22.7,37.4,3.6
,"Georgia","13","2020","2020","Lung and Bronchus","22030","50-54 years","50-54","White","2106-3",199,438639,45.4,39.3,52.1,3.2
,"Georgia","13","2020","2020","Lung and Bronchus","22030","55-59 years","55-59","Black or African American","2054-5",171,222499,76.9,65.8,89.3,5.9
,"Georgia","13","2020","2020","Lung and Bronchus","22030","55-59 years","55-59","White","2106-3",430,448586,95.9,87.0,105.4,4.6
,"Georgia","13","2020","2020","Lung and Bronchus","22030","60-64 years ","60-64","Black or African American","2054-5",274,191500,143.1,126.6,161.1,8.6
,"Georgia","13","2020","2020","Lung and Bronchus","22030","60-64 years ","60-64","White","2106-3",706,412524,171.1,158.7,184.2,6.4
,"Georgia","13","2020","2020","Lung and Bronchus","22030","65-69 years","65-69","Asian or Pacific Islander","A-PI",20,18735,106.8,65.2,164.9,23.9
,"Georgia","13","2020","2020","Lung and Bronchus","22030","65-69 years","65-69","Black or African American","2054-5",312,149290,209.0,186.4,233.5,11.8
,"Georgia","13","2020","2020","Lung and Bronchus","22030","65-69 years","65-69","White","2106-3",810,354931,228.2,212.8,244.5,8.0
,"Georgia","13","2020","2020","Lung and Bronchus","22030","70-74 years","70-74","Black or African American","2054-5",290,106775,271.6,241.2,304.7,15.9
,"Georgia","13","2020","2020","Lung and Bronchus","22030","70-74 years","70-74","White","2106-3",1015,306040,331.7,311.6,352.7,10.4
,"Georgia","13","2020","2020","Lung and Bronchus","22030","75-79 years","75-79","Asian or Pacific Islander","A-PI",17,8558,198.6,115.7,318.0,48.2
,"Georgia","13","2020","2020","Lung and Bronchus","22030","75-79 years","75-79","Black or African American","2054-5",190,61242,310.2,267.7,357.6,22.5
,"Georgia","13","2020","2020","Lung and Bronchus","22030","75-79 years","75-79","White","2106-3",856,204429,418.7,391.1,447.7,14.3
,"Georgia","13","2020","2020","Lung and Bronchus","22030","80-84 years","80-84","Black or African American","2054-5",101,35560,284.0,231.3,345.1,28.3
,"Georgia","13","2020","2020","Lung and Bronchus","22030","80-84 years","80-84","White","2106-3",501,123127,406.9,372.0,444.1,18.2
,"Georgia","13","2020","2020","Lung and Bronchus","22030","85+ years","85+","Black or African American","2054-5",73,29347,248.7,195.0,312.8,29.1
,"Georgia","13","2020","2020","Lung and Bronchus","22030","85+ years","85+","White","2106-3",302,107730,280.3,249.6,313.8,16.1
,"Georgia","13","2020","2020","Prostate","28010","45-49 years","45-49","Black or African American","2054-5",79,105195,75.1,59.5,93.6,8.4
,"Georgia","13","2020","2020","Prostate","28010","45-49 years","45-49","White","2106-3",69,216268,31.9,24.8,40.4,3.8
,"Georgia","13","2020","2020","Prostate","28010","50-54 years","50-54","Black or African American","2054-5",233,103116,226.0,197.9,256.9,14.8
,"Georgia","13","2020","2020","Prostate","28010","50-54 years","50-54","White","2106-3",203,223255,90.9,78.8,104.3,6.4
,"Georgia","13","2020","2020","Prostate","28010","55-59 years","55-59","Black or African American","2054-5",522,101310,515.3,472.0,561.4,22.6
,"Georgia","13","2020","2020","Prostate","28010","55-59 years","55-59","White","2106-3",496,225110,220.3,201.4,240.6,9.9
,"Georgia","13","2020","2020","Prostate","28010","60-64 years ","60-64","Asian or Pacific Islander","A-PI",17,11026,154.2,89.8,246.9,37.4
,"Georgia","13","2020","2020","Prostate","28010","60-64 years ","60-64","Black or African American","2054-5",657,86198,762.2,705.0,822.8,29.7
,"Georgia","13","2020","2020","Prostate","28010","60-64 years ","60-64","White","2106-3",777,202969,382.8,356.4,410.7,13.7
,"Georgia","13","2020","2020","Prostate","28010","65-69 years","65-69","Asian or Pacific Islander","A-PI",31,8271,374.8,254.7,532.0,67.3
,"Georgia","13","2020","2020","Prostate","28010","65-69 years","65-69","Black or African American","2054-5",718,63759,1126.1,1045.2,1211.6,42.0
,"Georgia","13","2020","2020","Prostate","28010","65-69 years","65-69","White","2106-3",994,169451,586.6,550.7,624.2,18.6
,"Georgia","13","2020","2020","Prostate","28010","70-74 years","70-74","Asian or Pacific Islander","A-PI",29,6089,476.3,319.0,684.0,88.4
,"Georgia","13","2020","2020","Prostate","28010","70-74 years","70-74","Black or African American","2054-5",461,44428,1037.6,945.1,1136.8,48.3
,"Georgia","13","2020","2020","Prostate","28010","70-74 years","70-74","White","2106-3",977,143291,681.8,639.7,726.0,21.8
,"Georgia","13","2020","2020","Prostate","28010","75-79 years","75-79","Asian or Pacific Islander","A-PI",16,3980,402.0,229.8,652.8,100.5
,"Georgia","13","2020","2020","Prostate","28010","75-79 years","75-79","Black or African American","2054-5",239,24486,976.1,856.2,1108.0,63.1
,"Georgia","13","2020","2020","Prostate","28010","75-79 years","75-79","White","2106-3",571,92812,615.2,565.8,667.8,25.7
,"Georgia","13","2020","2020","Prostate","28010","80-84 years","80-84","Black or African American","2054-5",82,13102,625.9,497.8,776.9,69.1
,"Georgia","13","2020","2020","Prostate","28010","80-84 years","80-84","White","2106-3",244,52739,462.7,406.4,524.5,29.6
,"Georgia","13","2020","2020","Prostate","28010","85+ years","85+","Black or African American","2054-5",58,8226,705.1,535.4,911.5,92.6
,"Georgia","13","2020","2020","Prostate","28010","85+ years","85+","White","2106-3",181,38392,471.5,405.3,545.4,35.0
,"Georgia","13","2020","2020","Urinary Bladder, invasive and in situ","29010","45-49 years","45-49","White","2106-3",26,427401,6.1,4.0,8.9,1.2
,"Georgia","13","2020","2020","Urinary Bladder, invasive and in situ","29010","50-54 years","50-54","Black or African American","2054-5",16,224426,7.1,4.1,11.6,1.8
,"Georgia","13","2020","2020","Urinary Bladder, invasive and in situ","29010","50-54 years","50-54","White","2106-3",56,438639,12.8,9.6,16.6,1.7
,"Georgia","13","2020","2020","Urinary Bladder, invasive and in situ","29010","55-59 years","55-59","Black or African American","2054-5",29,222499,13.0,8.7,18.7,2.4
,"Georgia","13","2020","2020","Urinary Bladder, invasive and in situ","29010","55-59 years","55-59","White","2106-3",97,448586,21.6,17.5,26.4,2.2
,"Georgia","13","2020","2020","Urinary Bladder, invasive and in situ","29010","60-64 years ","60-64","Black or African American","2054-5",46,191500,24.0,17.6,32.0,3.5
,"Georgia","13","2020","2020","Urinary Bladder, invasive and in situ","29010","60-64 years ","60-64","White","2106-3",184,412524,44.6,38.4,51.5,3.3
,"Georgia","13","2020","2020","Urinary Bladder, invasive and in situ","29010","65-69 years","65-69","Black or African American","2054-5",56,149290,37.5,28.3,48.7,5.0
,"Georgia","13","2020","2020","Urinary Bladder, invasive and in situ","29010","65-69 years","65-69","White","2106-3",255,354931,71.8,63.3,81.2,4.5
,"Georgia","13","2020","2020","Urinary Bladder, invasive and in situ","29010","70-74 years","70-74","Black or African American","2054-5",57,106775,53.4,40.4,69.2,7.1
,"Georgia","13","2020","2020","Urinary Bladder, invasive and in situ","29010","70-74 years","70-74","White","2106-3",318,306040,103.9,92.8,116.0,5.8
,"Georgia","13","2020","2020","Urinary Bladder, invasive and in situ","29010","75-79 years","75-79","Black or African American","2054-5",54,61242,88.2,66.2,115.0,12.0
,"Georgia","13","2020","2020","Urinary Bladder, invasive and in situ","29010","75-79 years","75-79","White","2106-3",271,204429,132.6,117.2,149.3,8.1
,"Georgia","13","2020","2020","Urinary Bladder, invasive and in situ","29010","80-84 years","80-84","Black or African American","2054-5",34,35560,95.6,66.2,133.6,16.4
,"Georgia","13","2020","2020","Urinary Bladder, invasive and in situ","29010","80-84 years","80-84","White","2106-3",200,123127,162.4,140.7,186.6,11.5
,"Georgia","13","2020","2020","Urinary Bladder, invasive and in situ","29010","85+ years","85+","Black or African American","2054-5",24,29347,81.8,52.4,121.7,16.7
,"Georgia","13","2020","2020","Urinary Bladder, invasive and in situ","29010","85+ years","85+","White","2106-3",205,107730,190.3,165.1,218.2,13.3
,"Hawaii","15","2020","2020","Breast","26000","35-39 years","35-39","Asian or Pacific Islander","A-PI",31,70334,44.1,29.9,62.6,7.9
,"Hawaii","15","2020","2020","Breast","26000","40-44 years","40-44","Asian or Pacific Islander","A-PI",53,66091,80.2,60.1,104.9,11.0
,"Hawaii","15","2020","2020","Breast","26000","45-49 years","45-49","Asian or Pacific Islander","A-PI",74,63995,115.6,90.8,145.2,13.4
,"Hawaii","15","2020","2020","Breast","26000","45-49 years","45-49","White","2106-3",17,18801,90.4,52.7,144.8,21.9
,"Hawaii","15","2020","2020","Breast","26000","50-54 years","50-54","Asian or Pacific Islander","A-PI",67,65573,102.2,79.2,129.8,12.5
,"Hawaii","15","2020","2020","Breast","26000","50-54 years","50-54","White","2106-3",24,19634,122.2,78.3,181.9,25.0
,"Hawaii","15","2020","2020","Breast","26000","55-59 years","55-59","Asian or Pacific Islander","A-PI",93,67575,137.6,111.1,168.6,14.3
,"Hawaii","15","2020","2020","Breast","26000","55-59 years","55-59","White","2106-3",35,23072,151.7,105.7,211.0,25.6
,"Hawaii","15","2020","2020","Breast","26000","60-64 years ","60-64","Asian or Pacific Islander","A-PI",129,65829,196.0,163.6,232.8,17.3
,"Hawaii","15","2020","2020","Breast","26000","60-64 years ","60-64","White","2106-3",44,25515,172.4,125.3,231.5,26.0
,"Hawaii","15","2020","2020","Breast","26000","65-69 years","65-69","Asian or Pacific Islander","A-PI",139,58737,236.6,198.9,279.4,20.1
,"Hawaii","15","2020","2020","Breast","26000","65-69 years","65-69","White","2106-3",46,26514,173.5,127.0,231.4,25.6
,"Hawaii","15","2020","2020","Breast","26000","70-74 years","70-74","Asian or Pacific Islander","A-PI",117,49422,236.7,195.8,283.7,21.9
,"Hawaii","15","2020","2020","Breast","26000","70-74 years","70-74","White","2106-3",46,23860,192.8,141.1,257.2,28.4
,"Hawaii","15","2020","2020","Breast","26000","75-79 years","75-79","Asian or Pacific Islander","A-PI",72,33760,213.3,166.9,268.6,25.1
,"Hawaii","15","2020","2020","Breast","26000","75-79 years","75-79","White","2106-3",21,14156,148.3,91.8,226.8,32.4
,"Hawaii","15","2020","2020","Breast","26000","80-84 years","80-84","Asian or Pacific Islander","A-PI",45,22489,200.1,146.0,267.7,29.8
,"Hawaii","15","2020","2020","Breast","26000","80-84 years","80-84","White","2106-3",22,7295,301.6,189.0,456.6,64.3
,"Hawaii","15","2020","2020","Breast","26000","85+ years","85+","Asian or Pacific Islander","A-PI",49,32060,152.8,113.1,202.1,21.8
,"Hawaii","15","2020","2020","Kidney and Renal Pelvis","29020","60-64 years ","60-64","Asian or Pacific Islander","A-PI",21,65829,31.9,19.7,48.8,7.0
,"Hawaii","15","2020","2020","Kidney and Renal Pelvis","29020","65-69 years","65-69","Asian or Pacific Islander","A-PI",24,58737,40.9,26.2,60.8,8.3
,"Hawaii","15","2020","2020","Kidney and Renal Pelvis","29020","70-74 years","70-74","Asian or Pacific Islander","A-PI",37,49422,74.9,52.7,103.2,12.3
,"Hawaii","15","2020","2020","Kidney and Renal Pelvis","29020","75-79 years","75-79","Asian or Pacific Islander","A-PI",20,33760,59.2,36.2,91.5,13.2
,"Hawaii","15","2020","2020","Liver","21071","55-59 years","55-59","Asian or Pacific Islander","A-PI",16,67575,23.7,13.5,38.5,5.9
,"Hawaii","15","2020","2020","Liver","21071","60-64 years ","60-64","Asian or Pacific Islander","A-PI",17,65829,25.8,15.0,41.3,6.3
,"Hawaii","15","2020","2020","Liver","21071","70-74 years","70-74","Asian or Pacific Islander","A-PI",20,49422,40.5,24.7,62.5,9.0
,"Hawaii","15","2020","2020","Lung and Bronchus","22030","55-59 years","55-59","Asian or Pacific Islander","A-PI",36,67575,53.3,37.3,73.8,8.9
,"Hawaii","15","2020","2020","Lung and Bronchus","22030","60-64 years ","60-64","Asian or Pacific Islander","A-PI",47,65829,71.4,52.5,94.9,10.4
,"Hawaii","15","2020","2020","Lung and Bronchus","22030","60-64 years ","60-64","White","2106-3",30,25515,117.6,79.3,167.8,21.5
,"Hawaii","15","2020","2020","Lung and Bronchus","22030","65-69 years","65-69","Asian or Pacific Islander","A-PI",97,58737,165.1,133.9,201.5,16.8
,"Hawaii","15","2020","2020","Lung and Bronchus","22030","65-69 years","65-69","White","2106-3",41,26514,154.6,111.0,209.8,24.1
,"Hawaii","15","2020","2020","Lung and Bronchus","22030","70-74 years","70-74","Asian or Pacific Islander","A-PI",93,49422,188.2,151.9,230.5,19.5
,"Hawaii","15","2020","2020","Lung and Bronchus","22030","70-74 years","70-74","White","2106-3",28,23860,117.4,78.0,169.6,22.2
,"Hawaii","15","2020","2020","Lung and Bronchus","22030","75-79 years","75-79","Asian or Pacific Islander","A-PI",86,33760,254.7,203.8,314.6,27.5
,"Hawaii","15","2020","2020","Lung and Bronchus","22030","75-79 years","75-79","White","2106-3",39,14156,275.5,195.9,376.6,44.1
,"Hawaii","15","2020","2020","Lung and Bronchus","22030","80-84 years","80-84","Asian or Pacific Islander","A-PI",57,22489,253.5,192.0,328.4,33.6
,"Hawaii","15","2020","2020","Lung and Bronchus","22030","80-84 years","80-84","White","2106-3",24,7295,329.0,210.8,489.5,67.2
,"Hawaii","15","2020","2020","Lung and Bronchus","22030","85+ years","85+","Asian or Pacific Islander","A-PI",72,32060,224.6,175.7,282.8,26.5
,"Hawaii","15","2020","2020","Lung and Bronchus","22030","85+ years","85+","White","2106-3",18,7736,232.7,137.9,367.7,54.8
,"Hawaii","15","2020","2020","Prostate","28010","55-59 years","55-59","Asian or Pacific Islander","A-PI",56,32430,172.7,130.4,224.2,23.1
,"Hawaii","15","2020","2020","Prostate","28010","55-59 years","55-59","White","2106-3",23,12634,182.0,115.4,273.2,38.0
,"Hawaii","15","2020","2020","Prostate","28010","60-64 years ","60-64","Asian or Pacific Islander","A-PI",77,31636,243.4,192.1,304.2,27.7
,"Hawaii","15","2020","2020","Prostate","28010","60-64 years ","60-64","White","2106-3",47,13303,353.3,259.6,469.8,51.5
,"Hawaii","15","2020","2020","Prostate","28010","65-69 years","65-69","Asian or Pacific Islander","A-PI",125,27501,454.5,378.3,541.6,40.7
,"Hawaii","15","2020","2020","Prostate","28010","65-69 years","65-69","White","2106-3",86,13851,620.9,496.6,766.8,67.0
,"Hawaii","15","2020","2020","Prostate","28010","70-74 years","70-74","Asian or Pacific Islander","A-PI",117,22656,516.4,427.1,618.9,47.7
,"Hawaii","15","2020","2020","Prostate","28010","70-74 years","70-74","White","2106-3",76,12710,598.0,471.1,748.4,68.6
,"Hawaii","15","2020","2020","Prostate","28010","75-79 years","75-79","Asian or Pacific Islander","A-PI",92,15043,611.6,493.0,750.0,63.8
,"Hawaii","15","2020","2020","Prostate","28010","75-79 years","75-79","White","2106-3",62,7363,842.0,645.6,1079.5,106.9
,"Hawaii","15","2020","2020","Prostate","28010","80-84 years","80-84","Asian or Pacific Islander","A-PI",35,9244,378.6,263.7,526.6,64.0
,"Hawaii","15","2020","2020","Prostate","28010","85+ years","85+","Asian or Pacific Islander","A-PI",39,10948,356.2,253.3,487.0,57.0
,"Hawaii","15","2020","2020","Urinary Bladder, invasive and in situ","29010","60-64 years ","60-64","White","2106-3",17,25515,66.6,38.8,106.7,16.2
,"Hawaii","15","2020","2020","Urinary Bladder, invasive and in situ","29010","65-69 years","65-69","White","2106-3",19,26514,71.7,43.1,111.9,16.4
,"Hawaii","15","2020","2020","Urinary Bladder, invasive and in situ","29010","70-74 years","70-74","Asian or Pacific Islander","A-PI",24,49422,48.6,31.1,72.3,9.9
,"Hawaii","15","2020","2020","Urinary Bladder, invasive and in situ","29010","70-74 years","70-74","White","2106-3",23,23860,96.4,61.1,144.6,20.1
,"Hawaii","15","2020","2020","Urinary Bladder, invasive and in situ","29010","75-79 years","75-79","Asian or Pacific Islander","A-PI",22,33760,65.2,40.8,98.7,13.9
,"Hawaii","15","2020","2020","Urinary Bladder, invasive and in situ","29010","75-79 years","75-79","White","2106-3",21,14156,148.3,91.8,226.8,32.4
,"Hawaii","15","2020","2020","Urinary Bladder, invasive and in situ","29010","80-84 years","80-84","Asian or Pacific Islander","A-PI",23,22489,102.3,64.8,153.5,21.3
,"Hawaii","15","2020","2020","Urinary Bladder, invasive and in situ","29010","85+ years","85+","Asian or Pacific Islander","A-PI",35,32060,109.2,76.0,151.8,18.5
,"Idaho","16","2020","2020","Breast","26000","35-39 years","35-39","White","2106-3",36,114622,31.4,22.0,43.5,5.2
,"Idaho","16","2020","2020","Breast","26000","40-44 years","40-44","White","2106-3",73,109289,66.8,52.4,84.0,7.8
,"Idaho","16","2020","2020","Breast","26000","45-49 years","45-49","White","2106-3",112,99972,112.0,92.2,134.8,10.6
,"Idaho","16","2020","2020","Breast","26000","50-54 years","50-54","White","2106-3",129,97852,131.8,110.1,156.6,11.6
,"Idaho","16","2020","2020","Breast","26000","55-59 years","55-59","White","2106-3",147,106195,138.4,117.0,162.7,11.4
,"Idaho","16","2020","2020","Breast","26000","60-64 years ","60-64","White","2106-3",175,108398,161.4,138.4,187.2,12.2
,"Idaho","16","2020","2020","Breast","26000","65-69 years","65-69","White","2106-3",224,99626,224.8,196.4,256.3,15.0
,"Idaho","16","2020","2020","Breast","26000","70-74 years","70-74","White","2106-3",201,80754,248.9,215.7,285.8,17.6
,"Idaho","16","2020","2020","Breast","26000","75-79 years","75-79","White","2106-3",137,52866,259.1,217.6,306.4,22.1
,"Idaho","16","2020","2020","Breast","26000","80-84 years","80-84","White","2106-3",76,32085,236.9,186.6,296.5,27.2
,"Idaho","16","2020","2020","Breast","26000","85+ years","85+","White","2106-3",65,28216,230.4,177.8,293.6,28.6
,"Idaho","16","2020","2020","Kidney and Renal Pelvis","29020","45-49 years","45-49","White","2106-3",22,99972,22.0,13.8,33.3,4.7
,"Idaho","16","2020","2020","Kidney and Renal Pelvis","29020","50-54 years","50-54","White","2106-3",31,97852,31.7,21.5,45.0,5.7
,"Idaho","16","2020","2020","Kidney and Renal Pelvis","29020","55-59 years","55-59","White","2106-3",44,106195,41.4,30.1,55.6,6.2
,"Idaho","16","2020","2020","Kidney and Renal Pelvis","29020","60-64 years ","60-64","White","2106-3",34,108398,31.4,21.7,43.8,5.4
,"Idaho","16","2020","2020","Kidney and Renal Pelvis","29020","65-69 years","65-69","White","2106-3",45,99626,45.2,32.9,60.4,6.7
,"Idaho","16","2020","2020","Kidney and Renal Pelvis","29020","70-74 years","70-74","White","2106-3",66,80754,81.7,63.2,104.0,10.1
,"Idaho","16","2020","2020","Kidney and Renal Pelvis","29020","75-79 years","75-79","White","2106-3",51,52866,96.5,71.8,126.8,13.5
,"Idaho","16","2020","2020","Kidney and Renal Pelvis","29020","80-84 years","80-84","White","2106-3",19,32085,59.2,35.7,92.5,13.6
,"Idaho","16","2020","2020","Kidney and Renal Pelvis","29020","85+ years","85+","White","2106-3",24,28216,85.1,54.5,126.6,17.4
,"Idaho","16","2020","2020","Liver","21071","60-64 years ","60-64","White","2106-3",28,108398,25.8,17.2,37.3,4.9
,"Idaho","16","2020","2020","Liver","21071","65-69 years","65-69","White","2106-3",31,99626,31.1,21.1,44.2,5.6
,"Idaho","16","2020","2020","Liver","21071","70-74 years","70-74","White","2106-3",28,80754,34.7,23.0,50.1,6.6
,"Idaho","16","2020","2020","Lung and Bronchus","22030","50-54 years","50-54","White","2106-3",21,97852,21.5,13.3,32.8,4.7
,"Idaho","16","2020","2020","Lung and Bronchus","22030","55-59 years","55-59","White","2106-3",65,106195,61.2,47.2,78.0,7.6
,"Idaho","16","2020","2020","Lung and Bronchus","22030","60-64 years ","60-64","White","2106-3",127,108398,117.2,97.7,139.4,10.4
,"Idaho","16","2020","2020","Lung and Bronchus","22030","65-69 years","65-69","White","2106-3",165,99626,165.6,141.3,192.9,12.9
,"Idaho","16","2020","2020","Lung and Bronchus","22030","70-74 years","70-74","White","2106-3",186,80754,230.3,198.4,265.9,16.9
,"Idaho","16","2020","2020","Lung and Bronchus","22030","75-79 years","75-79","White","2106-3",174,52866,329.1,282.0,381.8,25.0
,"Idaho","16","2020","2020","Lung and Bronchus","22030","80-84 years","80-84","White","2106-3",91,32085,283.6,228.4,348.2,29.7
,"Idaho","16","2020","2020","Lung and Bronchus","22030","85+ years","85+","White","2106-3",87,28216,308.3,247.0,380.3,33.1
,"Idaho","16","2020","2020","Prostate","28010","50-54 years","50-54","White","2106-3",56,49921,112.2,84.7,145.7,15.0
,"Idaho","16","2020","2020","Prostate","28010","55-59 years","55-59","White","2106-3",110,52648,208.9,171.7,251.8,19.9
,"Idaho","16","2020","2020","Prostate","28010","60-64 years ","60-64","White","2106-3",219,53343,410.6,358.0,468.7,27.7
,"Idaho","16","2020","2020","Prostate","28010","65-69 years","65-69","White","2106-3",334,48945,682.4,611.2,759.7,37.3
,"Idaho","16","2020","2020","Prostate","28010","65-69 years","65-69","Other Races and Unknown combined","2131-1",20,Not Applicable,Not Applicable,Not Applicable,Not Applicable,Not Applicable
,"Idaho","16","2020","2020","Prostate","28010","70-74 years","70-74","White","2106-3",269,39965,673.1,595.0,758.5,41.0
,"Idaho","16","2020","2020","Prostate","28010","75-79 years","75-79","White","2106-3",163,25371,642.5,547.6,749.0,50.3
,"Idaho","16","2020","2020","Prostate","28010","80-84 years","80-84","White","2106-3",95,14978,634.3,513.2,775.4,65.1
,"Idaho","16","2020","2020","Prostate","28010","85+ years","85+","White","2106-3",48,11107,432.2,318.6,573.0,62.4
,"Idaho","16","2020","2020","Urinary Bladder, invasive and in situ","29010","55-59 years","55-59","White","2106-3",24,106195,22.6,14.5,33.6,4.6
,"Idaho","16","2020","2020","Urinary Bladder, invasive and in situ","29010","60-64 years ","60-64","White","2106-3",44,108398,40.6,29.5,54.5,6.1
,"Idaho","16","2020","2020","Urinary Bladder, invasive and in situ","29010","65-69 years","65-69","White","2106-3",57,99626,57.2,43.3,74.1,7.6
,"Idaho","16","2020","2020","Urinary Bladder, invasive and in situ","29010","70-74 years","70-74","White","2106-3",91,80754,112.7,90.7,138.4,11.8
,"Idaho","16","2020","2020","Urinary Bladder, invasive and in situ","29010","75-79 years","75-79","White","2106-3",75,52866,141.9,111.6,177.8,16.4
,"Idaho","16","2020","2020","Urinary Bladder, invasive and in situ","29010","80-84 years","80-84","White","2106-3",53,32085,165.2,123.7,216.1,22.7
,"Idaho","16","2020","2020","Urinary Bladder, invasive and in situ","29010","85+ years","85+","White","2106-3",49,28216,173.7,128.5,229.6,24.8
,"Illinois","17","2020","2020","Breast","26000","25-29 years","25-29","White","2106-3",29,644301,4.5,3.0,6.5,0.8
,"Illinois","17","2020","2020","Breast","26000","30-34 years","30-34","Black or African American","2054-5",20,140363,14.2,8.7,22.0,3.2
,"Illinois","17","2020","2020","Breast","26000","30-34 years","30-34","White","2106-3",95,653074,14.5,11.8,17.8,1.5
,"Illinois","17","2020","2020","Breast","26000","35-39 years","35-39","Asian or Pacific Islander","A-PI",16,70856,22.6,12.9,36.7,5.6
,"Illinois","17","2020","2020","Breast","26000","35-39 years","35-39","Black or African American","2054-5",43,124357,34.6,25.0,46.6,5.3
,"Illinois","17","2020","2020","Breast","26000","35-39 years","35-39","White","2106-3",198,664712,29.8,25.8,34.2,2.1
,"Illinois","17","2020","2020","Breast","26000","40-44 years","40-44","Asian or Pacific Islander","A-PI",39,63362,61.6,43.8,84.1,9.9
,"Illinois","17","2020","2020","Breast","26000","40-44 years","40-44","Black or African American","2054-5",67,117196,57.2,44.3,72.6,7.0
,"Illinois","17","2020","2020","Breast","26000","40-44 years","40-44","White","2106-3",420,629960,66.7,60.4,73.4,3.3
,"Illinois","17","2020","2020","Breast","26000","45-49 years","45-49","Asian or Pacific Islander","A-PI",56,58575,95.6,72.2,124.1,12.8
,"Illinois","17","2020","2020","Breast","26000","45-49 years","45-49","Black or African American","2054-5",119,116926,101.8,84.3,121.8,9.3
,"Illinois","17","2020","2020","Breast","26000","45-49 years","45-49","White","2106-3",596,616755,96.6,89.0,104.7,4.0
,"Illinois","17","2020","2020","Breast","26000","50-54 years","50-54","Asian or Pacific Islander","A-PI",39,49624,78.6,55.9,107.4,12.6
,"Illinois","17","2020","2020","Breast","26000","50-54 years","50-54","Black or African American","2054-5",133,114850,115.8,97.0,137.2,10.0
,"Illinois","17","2020","2020","Breast","26000","50-54 years","50-54","White","2106-3",760,640957,118.6,110.3,127.3,4.3
,"Illinois","17","2020","2020","Breast","26000","50-54 years","50-54","Other Races and Unknown combined","2131-1",17,Not Applicable,Not Applicable,Not Applicable,Not Applicable,Not Applicable
,"Illinois","17","2020","2020","Breast","26000","55-59 years","55-59","Asian or Pacific Islander","A-PI",36,43079,83.6,58.5,115.7,13.9
,"Illinois","17","2020","2020","Breast","26000","55-59 years","55-59","Black or African American","2054-5",172,119091,144.4,123.6,167.7,11.0
,"Illinois","17","2020","2020","Breast","26000","55-59 years","55-59","White","2106-3",932,690067,135.1,126.5,144.0,4.4
,"Illinois","17","2020","2020","Breast","26000","60-64 years ","60-64","Asian or Pacific Islander","A-PI",55,39087,140.7,106.0,183.2,19.0
,"Illinois","17","2020","2020","Breast","26000","60-64 years ","60-64","Black or African American","2054-5",208,112219,185.4,161.0,212.3,12.9
,"Illinois","17","2020","2020","Breast","26000","60-64 years ","60-64","White","2106-3",1151,664757,173.1,163.3,183.4,5.1
,"Illinois","17","2020","2020","Breast","26000","65-69 years","65-69","Asian or Pacific Islander","A-PI",68,35097,193.7,150.5,245.6,23.5
,"Illinois","17","2020","2020","Breast","26000","65-69 years","65-69","Black or African American","2054-5",206,87828,234.5,203.6,268.9,16.3
,"Illinois","17","2020","2020","Breast","26000","65-69 years","65-69","White","2106-3",1139,558757,203.8,192.2,216.0,6.0
,"Illinois","17","2020","2020","Breast","26000","70-74 years","70-74","Asian or Pacific Islander","A-PI",36,28596,125.9,88.2,174.3,21.0
,"Illinois","17","2020","2020","Breast","26000","70-74 years","70-74","Black or African American","2054-5",171,64726,264.2,226.1,306.9,20.2
,"Illinois","17","2020","2020","Breast","26000","70-74 years","70-74","White","2106-3",1103,441918,249.6,235.1,264.8,7.5
,"Illinois","17","2020","2020","Breast","26000","75-79 years","75-79","Asian or Pacific Islander","A-PI",32,18532,172.7,118.1,243.8,30.5
,"Illinois","17","2020","2020","Breast","26000","75-79 years","75-79","Black or African American","2054-5",121,42256,286.3,237.6,342.2,26.0
,"Illinois","17","2020","2020","Breast","26000","75-79 years","75-79","White","2106-3",748,294834,253.7,235.8,272.6,9.3
,"Illinois","17","2020","2020","Breast","26000","80-84 years","80-84","Black or African American","2054-5",65,27774,234.0,180.6,298.3,29.0
,"Illinois","17","2020","2020","Breast","26000","80-84 years","80-84","White","2106-3",504,193389,260.6,238.4,284.4,11.6
,"Illinois","17","2020","2020","Breast","26000","85+ years","85+","Black or African American","2054-5",58,25144,230.7,175.2,298.2,30.3
,"Illinois","17","2020","2020","Breast","26000","85+ years","85+","White","2106-3",451,206227,218.7,199.0,239.8,10.3
,"Illinois","17","2020","2020","Kidney and Renal Pelvis","29020","30-34 years","30-34","White","2106-3",20,653074,3.1,1.9,4.7,0.7
,"Illinois","17","2020","2020","Kidney and Renal Pelvis","29020","35-39 years","35-39","White","2106-3",42,664712,6.3,4.6,8.5,1.0
,"Illinois","17","2020","2020","Kidney and Renal Pelvis","29020","40-44 years","40-44","White","2106-3",79,629960,12.5,9.9,15.6,1.4
,"Illinois","17","2020","2020","Kidney and Renal Pelvis","29020","45-49 years","45-49","Black or African American","2054-5",25,116926,21.4,13.8,31.6,4.3
,"Illinois","17","2020","2020","Kidney and Renal Pelvis","29020","45-49 years","45-49","White","2106-3",114,616755,18.5,15.2,22.2,1.7
,"Illinois","17","2020","2020","Kidney and Renal Pelvis","29020","50-54 years","50-54","Black or African American","2054-5",40,114850,34.8,24.9,47.4,5.5
,"Illinois","17","2020","2020","Kidney and Renal Pelvis","29020","50-54 years","50-54","White","2106-3",152,640957,23.7,20.1,27.8,1.9
,"Illinois","17","2020","2020","Kidney and Renal Pelvis","29020","55-59 years","55-59","Black or African American","2054-5",46,119091,38.6,28.3,51.5,5.7
,"Illinois","17","2020","2020","Kidney and Renal Pelvis","29020","55-59 years","55-59","White","2106-3",228,690067,33.0,28.9,37.6,2.2
,"Illinois","17","2020","2020","Kidney and Renal Pelvis","29020","60-64 years ","60-64","Black or African American","2054-5",55,112219,49.0,36.9,63.8,6.6
,"Illinois","17","2020","2020","Kidney and Renal Pelvis","29020","60-64 years ","60-64","White","2106-3",318,664757,47.8,42.7,53.4,2.7
,"Illinois","17","2020","2020","Kidney and Renal Pelvis","29020","65-69 years","65-69","Black or African American","2054-5",66,87828,75.1,58.1,95.6,9.2
,"Illinois","17","2020","2020","Kidney and Renal Pelvis","29020","65-69 years","65-69","White","2106-3",362,558757,64.8,58.3,71.8,3.4
,"Illinois","17","2020","2020","Kidney and Renal Pelvis","29020","70-74 years","70-74","Black or African American","2054-5",35,64726,54.1,37.7,75.2,9.1
,"Illinois","17","2020","2020","Kidney and Renal Pelvis","29020","70-74 years","70-74","White","2106-3",302,441918,68.3,60.8,76.5,3.9
,"Illinois","17","2020","2020","Kidney and Renal Pelvis","29020","75-79 years","75-79","Black or African American","2054-5",32,42256,75.7,51.8,106.9,13.4
,"Illinois","17","2020","2020","Kidney and Renal Pelvis","29020","75-79 years","75-79","White","2106-3",257,294834,87.2,76.8,98.5,5.4
,"Illinois","17","2020","2020","Kidney and Renal Pelvis","29020","80-84 years","80-84","White","2106-3",173,193389,89.5,76.6,103.8,6.8
,"Illinois","17","2020","2020","Kidney and Renal Pelvis","29020","85+ years","85+","White","2106-3",117,206227,56.7,46.9,68.0,5.2
,"Illinois","17","2020","2020","Liver","21071","50-54 years","50-54","White","2106-3",30,640957,4.7,3.2,6.7,0.9
,"Illinois","17","2020","2020","Liver","21071","55-59 years","55-59","White","2106-3",76,690067,11.0,8.7,13.8,1.3
,"Illinois","17","2020","2020","Liver","21071","60-64 years ","60-64","Black or African American","2054-5",32,112219,28.5,19.5,40.3,5.0
,"Illinois","17","2020","2020","Liver","21071","60-64 years ","60-64","White","2106-3",113,664757,17.0,14.0,20.4,1.6
,"Illinois","17","2020","2020","Liver","21071","65-69 years","65-69","Black or African American","2054-5",48,87828,54.7,40.3,72.5,7.9
,"Illinois","17","2020","2020","Liver","21071","65-69 years","65-69","White","2106-3",144,558757,25.8,21.7,30.3,2.1
,"Illinois","17","2020","2020","Liver","21071","70-74 years","70-74","Black or African American","2054-5",38,64726,58.7,41.5,80.6,9.5
,"Illinois","17","2020","2020","Liver","21071","70-74 years","70-74","White","2106-3",109,441918,24.7,20.3,29.8,2.4
,"Illinois","17","2020","2020","Liver","21071","75-79 years","75-79","White","2106-3",77,294834,26.1,20.6,32.6,3.0
,"Illinois","17","2020","2020","Liver","21071","80-84 years","80-84","White","2106-3",62,193389,32.1,24.6,41.1,4.1
,"Illinois","17","2020","2020","Liver","21071","85+ years","85+","White","2106-3",47,206227,22.8,16.7,30.3,3.3
,"Illinois","17","2020","2020","Lung and Bronchus","22030","40-44 years","40-44","White","2106-3",31,629960,4.9,3.3,7.0,0.9
,"Illinois","17","2020","2020","Lung and Bronchus","22030","45-49 years","45-49","Black or African American","2054-5",24,116926,20.5,13.2,30.5,4.2
,"Illinois","17","2020","2020","Lung and Bronchus","22030","45-49 years","45-49","White","2106-3",89,616755,14.4,11.6,17.8,1.5
,"Illinois","17","2020","2020","Lung and Bronchus","22030","50-54 years","50-54","Black or African American","2054-5",45,114850,39.2,28.6,52.4,5.8
,"Illinois","17","2020","2020","Lung and Bronchus","22030","50-54 years","50-54","White","2106-3",216,640957,33.7,29.4,38.5,2.3
,"Illinois","17","2020","2020","Lung and Bronchus","22030","55-59 years","55-59","Asian or Pacific Islander","A-PI",26,43079,60.4,39.4,88.4,11.8
,"Illinois","17","2020","2020","Lung and Bronchus","22030","55-59 years","55-59","Black or African American","2054-5",117,119091,98.2,81.3,117.7,9.1
,"Illinois","17","2020","2020","Lung and Bronchus","22030","55-59 years","55-59","White","2106-3",599,690067,86.8,80.0,94.0,3.5
,"Illinois","17","2020","2020","Lung and Bronchus","22030","60-64 years ","60-64","Asian or Pacific Islander","A-PI",27,39087,69.1,45.5,100.5,13.3
,"Illinois","17","2020","2020","Lung and Bronchus","22030","60-64 years ","60-64","Black or African American","2054-5",223,112219,198.7,173.5,226.6,13.3
,"Illinois","17","2020","2020","Lung and Bronchus","22030","60-64 years ","60-64","White","2106-3",951,664757,143.1,134.1,152.4,4.6
,"Illinois","17","2020","2020","Lung and Bronchus","22030","65-69 years","65-69","Asian or Pacific Islander","A-PI",34,35097,96.9,67.1,135.4,16.6
,"Illinois","17","2020","2020","Lung and Bronchus","22030","65-69 years","65-69","Black or African American","2054-5",255,87828,290.3,255.8,328.3,18.2
,"Illinois","17","2020","2020","Lung and Bronchus","22030","65-69 years","65-69","White","2106-3",1283,558757,229.6,217.2,242.5,6.4
,"Illinois","17","2020","2020","Lung and Bronchus","22030","70-74 years","70-74","Asian or Pacific Islander","A-PI",43,28596,150.4,108.8,202.5,22.9
,"Illinois","17","2020","2020","Lung and Bronchus","22030","70-74 years","70-74","Black or African American","2054-5",232,64726,358.4,313.8,407.6,23.5
,"Illinois","17","2020","2020","Lung and Bronchus","22030","70-74 years","70-74","White","2106-3",1390,441918,314.5,298.2,331.5,8.4
,"Illinois","17","2020","2020","Lung and Bronchus","22030","75-79 years","75-79","Asian or Pacific Islander","A-PI",42,18532,226.6,163.3,306.3,35.0
,"Illinois","17","2020","2020","Lung and Bronchus","22030","75-79 years","75-79","Black or African American","2054-5",144,42256,340.8,287.4,401.2,28.4
,"Illinois","17","2020","2020","Lung and Bronchus","22030","75-79 years","75-79","White","2106-3",1229,294834,416.8,393.9,440.8,11.9
,"Illinois","17","2020","2020","Lung and Bronchus","22030","80-84 years","80-84","Asian or Pacific Islander","A-PI",31,11425,271.3,184.4,385.1,48.7
,"Illinois","17","2020","2020","Lung and Bronchus","22030","80-84 years","80-84","Black or African American","2054-5",98,27774,352.8,286.5,430.0,35.6
,"Illinois","17","2020","2020","Lung and Bronchus","22030","80-84 years","80-84","White","2106-3",857,193389,443.1,414.0,473.8,15.1
,"Illinois","17","2020","2020","Lung and Bronchus","22030","85+ years","85+","Black or African American","2054-5",64,25144,254.5,196.0,325.0,31.8
,"Illinois","17","2020","2020","Lung and Bronchus","22030","85+ years","85+","White","2106-3",636,206227,308.4,284.9,333.3,12.2
,"Illinois","17","2020","2020","Prostate","28010","40-44 years","40-44","White","2106-3",22,322623,6.8,4.3,10.3,1.5
,"Illinois","17","2020","2020","Prostate","28010","45-49 years","45-49","Black or African American","2054-5",40,53057,75.4,53.9,102.7,11.9
,"Illinois","17","2020","2020","Prostate","28010","45-49 years","45-49","White","2106-3",70,315025,22.2,17.3,28.1,2.7
,"Illinois","17","2020","2020","Prostate","28010","50-54 years","50-54","Black or African American","2054-5",101,52790,191.3,155.8,232.5,19.0
,"Illinois","17","2020","2020","Prostate","28010","50-54 years","50-54","White","2106-3",309,325745,94.9,84.6,106.0,5.4
,"Illinois","17","2020","2020","Prostate","28010","55-59 years","55-59","Asian or Pacific Islander","A-PI",29,20167,143.8,96.3,206.5,26.7
,"Illinois","17","2020","2020","Prostate","28010","55-59 years","55-59","Black or African American","2054-5",217,54762,396.3,345.3,452.6,26.9
,"Illinois","17","2020","2020","Prostate","28010","55-59 years","55-59","White","2106-3",734,346744,211.7,196.6,227.6,7.8
,"Illinois","17","2020","2020","Prostate","28010","55-59 years","55-59","Other Races and Unknown combined","2131-1",22,Not Applicable,Not Applicable,Not Applicable,Not Applicable,Not Applicable
,"Illinois","17","2020","2020","Prostate","28010","60-64 years ","60-64","Asian or Pacific Islander","A-PI",33,18100,182.3,125.5,256.0,31.7
,"Illinois","17","2020","2020","Prostate","28010","60-64 years ","60-64","Black or African American","2054-5",337,49973,674.4,604.3,750.3,36.7
,"Illinois","17","2020","2020","Prostate","28010","60-64 years ","60-64","White","2106-3",1243,330195,376.4,355.8,398.0,10.7
,"Illinois","17","2020","2020","Prostate","28010","60-64 years ","60-64","Other Races and Unknown combined","2131-1",41,Not Applicable,Not Applicable,Not Applicable,Not Applicable,Not Applicable
,"Illinois","17","2020","2020","Prostate","28010","65-69 years","65-69","Asian or Pacific Islander","A-PI",51,15748,323.9,241.1,425.8,45.3
,"Illinois","17","2020","2020","Prostate","28010","65-69 years","65-69","Black or African American","2054-5",374,36933,1012.6,912.6,1120.7,52.4
,"Illinois","17","2020","2020","Prostate","28010","65-69 years","65-69","White","2106-3",1588,272137,583.5,555.2,613.0,14.6
,"Illinois","17","2020","2020","Prostate","28010","65-69 years","65-69","Other Races and Unknown combined","2131-1",74,Not Applicable,Not Applicable,Not Applicable,Not Applicable,Not Applicable
,"Illinois","17","2020","2020","Prostate","28010","70-74 years","70-74","Asian or Pacific Islander","A-PI",48,13070,367.3,270.8,486.9,53.0
,"Illinois","17","2020","2020","Prostate","28010","70-74 years","70-74","Black or African American","2054-5",240,26232,914.9,802.8,1038.3,59.1
,"Illinois","17","2020","2020","Prostate","28010","70-74 years","70-74","White","2106-3",1302,208606,624.1,590.7,659.0,17.3
,"Illinois","17","2020","2020","Prostate","28010","70-74 years","70-74","Other Races and Unknown combined","2131-1",50,Not Applicable,Not Applicable,Not Applicable,Not Applicable,Not Applicable
,"Illinois","17","2020","2020","Prostate","28010","75-79 years","75-79","Asian or Pacific Islander","A-PI",35,8544,409.6,285.3,569.7,69.2
,"Illinois","17","2020","2020","Prostate","28010","75-79 years","75-79","Black or African American","2054-5",120,16557,724.8,600.9,866.6,66.2
,"Illinois","17","2020","2020","Prostate","28010","75-79 years","75-79","White","2106-3",861,132090,651.8,609.0,696.9,22.2
,"Illinois","17","2020","2020","Prostate","28010","75-79 years","75-79","Other Races and Unknown combined","2131-1",31,Not Applicable,Not Applicable,Not Applicable,Not Applicable,Not Applicable
,"Illinois","17","2020","2020","Prostate","28010","80-84 years","80-84","Asian or Pacific Islander","A-PI",18,5144,349.9,207.4,553.0,82.5
,"Illinois","17","2020","2020","Prostate","28010","80-84 years","80-84","Black or African American","2054-5",54,10097,534.8,401.8,697.8,72.8
,"Illinois","17","2020","2020","Prostate","28010","80-84 years","80-84","White","2106-3",385,81050,475.0,428.7,524.9,24.2
,"Illinois","17","2020","2020","Prostate","28010","85+ years","85+","Black or African American","2054-5",48,7771,617.7,455.4,819.0,89.2
,"Illinois","17","2020","2020","Prostate","28010","85+ years","85+","White","2106-3",263,71125,369.8,326.4,417.3,22.8
,"Illinois","17","2020","2020","Urinary Bladder, invasive and in situ","29010","40-44 years","40-44","White","2106-3",20,629960,3.2,1.9,4.9,0.7
,"Illinois","17","2020","2020","Urinary Bladder, invasive and in situ","29010","45-49 years","45-49","White","2106-3",29,616755,4.7,3.1,6.8,0.9
,"Illinois","17","2020","2020","Urinary Bladder, invasive and in situ","29010","50-54 years","50-54","White","2106-3",77,640957,12.0,9.5,15.0,1.4
,"Illinois","17","2020","2020","Urinary Bladder, invasive and in situ","29010","55-59 years","55-59","White","2106-3",175,690067,25.4,21.7,29.4,1.9
,"Illinois","17","2020","2020","Urinary Bladder, invasive and in situ","29010","60-64 years ","60-64","Black or African American","2054-5",24,112219,21.4,13.7,31.8,4.4
,"Illinois","17","2020","2020","Urinary Bladder, invasive and in situ","29010","60-64 years ","60-64","White","2106-3",283,664757,42.6,37.8,47.8,2.5
,"Illinois","17","2020","2020","Urinary Bladder, invasive and in situ","29010","65-69 years","65-69","Black or African American","2054-5",47,87828,53.5,39.3,71.2,7.8
,"Illinois","17","2020","2020","Urinary Bladder, invasive and in situ","29010","65-69 years","65-69","White","2106-3",388,558757,69.4,62.7,76.7,3.5
,"Illinois","17","2020","2020","Urinary Bladder, invasive and in situ","29010","70-74 years","70-74","Black or African American","2054-5",31,64726,47.9,32.5,68.0,8.6
,"Illinois","17","2020","2020","Urinary Bladder, invasive and in situ","29010","70-74 years","70-74","White","2106-3",477,441918,107.9,98.5,118.1,4.9
,"Illinois","17","2020","2020","Urinary Bladder, invasive and in situ","29010","75-79 years","75-79","Black or African American","2054-5",30,42256,71.0,47.9,101.4,13.0
,"Illinois","17","2020","2020","Urinary Bladder, invasive and in situ","29010","75-79 years","75-79","White","2106-3",480,294834,162.8,148.6,178.0,7.4
,"Illinois","17","2020","2020","Urinary Bladder, invasive and in situ","29010","80-84 years","80-84","Black or African American","2054-5",27,27774,97.2,64.1,141.4,18.7
,"Illinois","17","2020","2020","Urinary Bladder, invasive and in situ","29010","80-84 years","80-84","White","2106-3",322,193389,166.5,148.8,185.7,9.3
,"Illinois","17","2020","2020","Urinary Bladder, invasive and in situ","29010","85+ years","85+","Black or African American","2054-5",26,25144,103.4,67.5,151.5,20.3
,"Illinois","17","2020","2020","Urinary Bladder, invasive and in situ","29010","85+ years","85+","White","2106-3",397,206227,192.5,174.0,212.4,9.7
,"Indiana","18","2020","2020","Breast","26000","25-29 years","25-29","White","2106-3",22,372144,5.9,3.7,9.0,1.3
,"Indiana","18","2020","2020","Breast","26000","30-34 years","30-34","White","2106-3",42,361861,11.6,8.4,15.7,1.8
,"Indiana","18","2020","2020","Breast","26000","35-39 years","35-39","Black or African American","2054-5",16,47873,33.4,19.1,54.3,8.4
,"Indiana","18","2020","2020","Breast","26000","35-39 years","35-39","White","2106-3",137,366044,37.4,31.4,44.2,3.2
,"Indiana","18","2020","2020","Breast","26000","40-44 years","40-44","Black or African American","2054-5",30,44690,67.1,45.3,95.8,12.3
,"Indiana","18","2020","2020","Breast","26000","40-44 years","40-44","White","2106-3",216,354433,60.9,53.1,69.6,4.1
,"Indiana","18","2020","2020","Breast","26000","45-49 years","45-49","Asian or Pacific Islander","A-PI",17,12789,132.9,77.4,212.8,32.2
,"Indiana","18","2020","2020","Breast","26000","45-49 years","45-49","Black or African American","2054-5",45,41389,108.7,79.3,145.5,16.2
,"Indiana","18","2020","2020","Breast","26000","45-49 years","45-49","White","2106-3",300,355305,84.4,75.1,94.6,4.9
,"Indiana","18","2020","2020","Breast","26000","50-54 years","50-54","Black or African American","2054-5",48,38098,126.0,92.9,167.0,18.2
,"Indiana","18","2020","2020","Breast","26000","50-54 years","50-54","White","2106-3",373,364386,102.4,92.2,113.3,5.3
,"Indiana","18","2020","2020","Breast","26000","55-59 years","55-59","Black or African American","2054-5",63,38330,164.4,126.3,210.3,20.7
,"Indiana","18","2020","2020","Breast","26000","55-59 years","55-59","White","2106-3",509,399758,127.3,116.5,138.9,5.6
,"Indiana","18","2020","2020","Breast","26000","60-64 years ","60-64","Black or African American","2054-5",64,35972,177.9,137.0,227.2,22.2
,"Indiana","18","2020","2020","Breast","26000","60-64 years ","60-64","White","2106-3",635,388348,163.5,151.0,176.7,6.5
,"Indiana","18","2020","2020","Breast","26000","65-69 years","65-69","Black or African American","2054-5",63,27448,229.5,176.4,293.7,28.9
,"Indiana","18","2020","2020","Breast","26000","65-69 years","65-69","White","2106-3",697,334734,208.2,193.1,224.3,7.9
,"Indiana","18","2020","2020","Breast","26000","70-74 years","70-74","Black or African American","2054-5",45,18604,241.9,176.4,323.7,36.1
,"Indiana","18","2020","2020","Breast","26000","70-74 years","70-74","White","2106-3",639,265673,240.5,222.2,259.9,9.5
,"Indiana","18","2020","2020","Breast","26000","75-79 years","75-79","Black or African American","2054-5",33,11646,283.4,195.1,397.9,49.3
,"Indiana","18","2020","2020","Breast","26000","75-79 years","75-79","White","2106-3",422,175368,240.6,218.2,264.7,11.7
,"Indiana","18","2020","2020","Breast","26000","80-84 years","80-84","White","2106-3",270,113602,237.7,210.2,267.8,14.5
,"Indiana","18","2020","2020","Breast","26000","85+ years","85+","White","2106-3",237,112131,211.4,185.3,240.1,13.7
,"Indiana","18","2020","2020","Kidney and Renal Pelvis","29020","35-39 years","35-39","White","2106-3",27,366044,7.4,4.9,10.7,1.4
,"Indiana","18","2020","2020","Kidney and Renal Pelvis","29020","40-44 years","40-44","White","2106-3",45,354433,12.7,9.3,17.0,1.9
,"Indiana","18","2020","2020","Kidney and Renal Pelvis","29020","45-49 years","45-49","White","2106-3",78,355305,22.0,17.4,27.4,2.5
,"Indiana","18","2020","2020","Kidney and Renal Pelvis","29020","50-54 years","50-54","White","2106-3",103,364386,28.3,23.1,34.3,2.8
,"Indiana","18","2020","2020","Kidney and Renal Pelvis","29020","55-59 years","55-59","White","2106-3",151,399758,37.8,32.0,44.3,3.1
,"Indiana","18","2020","2020","Kidney and Renal Pelvis","29020","60-64 years ","60-64","Black or African American","2054-5",21,35972,58.4,36.1,89.2,12.7
,"Indiana","18","2020","2020","Kidney and Renal Pelvis","29020","60-64 years ","60-64","White","2106-3",207,388348,53.3,46.3,61.1,3.7
,"Indiana","18","2020","2020","Kidney and Renal Pelvis","29020","65-69 years","65-69","Black or African American","2054-5",20,27448,72.9,44.5,112.5,16.3
,"Indiana","18","2020","2020","Kidney and Renal Pelvis","29020","65-69 years","65-69","White","2106-3",212,334734,63.3,55.1,72.5,4.3
,"Indiana","18","2020","2020","Kidney and Renal Pelvis","29020","70-74 years","70-74","White","2106-3",193,265673,72.6,62.8,83.6,5.2
,"Indiana","18","2020","2020","Kidney and Renal Pelvis","29020","75-79 years","75-79","White","2106-3",156,175368,89.0,75.5,104.1,7.1
,"Indiana","18","2020","2020","Kidney and Renal Pelvis","29020","80-84 years","80-84","White","2106-3",89,113602,78.3,62.9,96.4,8.3
,"Indiana","18","2020","2020","Kidney and Renal Pelvis","29020","85+ years","85+","White","2106-3",60,112131,53.5,40.8,68.9,6.9
,"Indiana","18","2020","2020","Liver","21071","50-54 years","50-54","White","2106-3",22,364386,6.0,3.8,9.1,1.3
,"Indiana","18","2020","2020","Liver","21071","55-59 years","55-59","White","2106-3",37,399758,9.3,6.5,12.8,1.5
,"Indiana","18","2020","2020","Liver","21071","60-64 years ","60-64","White","2106-3",89,388348,22.9,18.4,28.2,2.4
,"Indiana","18","2020","2020","Liver","21071","65-69 years","65-69","Black or African American","2054-5",21,27448,76.5,47.4,117.0,16.7
,"Indiana","18","2020","2020","Liver","21071","65-69 years","65-69","White","2106-3",105,334734,31.4,25.7,38.0,3.1
,"Indiana","18","2020","2020","Liver","21071","70-74 years","70-74","White","2106-3",78,265673,29.4,23.2,36.6,3.3
,"Indiana","18","2020","2020","Liver","21071","75-79 years","75-79","White","2106-3",43,175368,24.5,17.7,33.0,3.7
,"Indiana","18","2020","2020","Liver","21071","80-84 years","80-84","White","2106-3",33,113602,29.0,20.0,40.8,5.1
,"Indiana","18","2020","2020","Liver","21071","85+ years","85+","White","2106-3",25,112131,22.3,14.4,32.9,4.5
,"Indiana","18","2020","2020","Lung and Bronchus","22030","40-44 years","40-44","White","2106-3",34,354433,9.6,6.6,13.4,1.6
,"Indiana","18","2020","2020","Lung and Bronchus","22030","45-49 years","45-49","White","2106-3",85,355305,23.9,19.1,29.6,2.6
,"Indiana","18","2020","2020","Lung and Bronchus","22030","50-54 years","50-54","Black or African American","2054-5",16,38098,42.0,24.0,68.2,10.5
,"Indiana","18","2020","2020","Lung and Bronchus","22030","50-54 years","50-54","White","2106-3",167,364386,45.8,39.1,53.3,3.5
,"Indiana","18","2020","2020","Lung and Bronchus","22030","55-59 years","55-59","Black or African American","2054-5",50,38330,130.4,96.8,172.0,18.4
,"Indiana","18","2020","2020","Lung and Bronchus","22030","55-59 years","55-59","White","2106-3",506,399758,126.6,115.8,138.1,5.6
,"Indiana","18","2020","2020","Lung and Bronchus","22030","60-64 years ","60-64","Black or African American","2054-5",66,35972,183.5,141.9,233.4,22.6
,"Indiana","18","2020","2020","Lung and Bronchus","22030","60-64 years ","60-64","White","2106-3",795,388348,204.7,190.7,219.5,7.3
,"Indiana","18","2020","2020","Lung and Bronchus","22030","65-69 years","65-69","Black or African American","2054-5",74,27448,269.6,211.7,338.5,31.3
,"Indiana","18","2020","2020","Lung and Bronchus","22030","65-69 years","65-69","White","2106-3",920,334734,274.8,257.4,293.2,9.1
,"Indiana","18","2020","2020","Lung and Bronchus","22030","70-74 years","70-74","Black or African American","2054-5",47,18604,252.6,185.6,335.9,36.9
,"Indiana","18","2020","2020","Lung and Bronchus","22030","70-74 years","70-74","White","2106-3",979,265673,368.5,345.8,392.3,11.8
,"Indiana","18","2020","2020","Lung and Bronchus","22030","75-79 years","75-79","Black or African American","2054-5",42,11646,360.6,259.9,487.5,55.6
,"Indiana","18","2020","2020","Lung and Bronchus","22030","75-79 years","75-79","White","2106-3",763,175368,435.1,404.8,467.1,15.8
,"Indiana","18","2020","2020","Lung and Bronchus","22030","80-84 years","80-84","Black or African American","2054-5",28,7204,388.7,258.3,561.7,73.5
,"Indiana","18","2020","2020","Lung and Bronchus","22030","80-84 years","80-84","White","2106-3",464,113602,408.4,372.1,447.4,19.0
,"Indiana","18","2020","2020","Lung and Bronchus","22030","85+ years","85+","Black or African American","2054-5",23,6657,345.5,219.0,518.4,72.0
,"Indiana","18","2020","2020","Lung and Bronchus","22030","85+ years","85+","White","2106-3",322,112131,287.2,256.7,320.3,16.0
,"Indiana","18","2020","2020","Prostate","28010","45-49 years","45-49","Black or African American","2054-5",16,19631,81.5,46.6,132.4,20.4
,"Indiana","18","2020","2020","Prostate","28010","45-49 years","45-49","White","2106-3",36,180104,20.0,14.0,27.7,3.3
,"Indiana","18","2020","2020","Prostate","28010","50-54 years","50-54","Black or African American","2054-5",39,18162,214.7,152.7,293.5,34.4
,"Indiana","18","2020","2020","Prostate","28010","50-54 years","50-54","White","2106-3",137,184362,74.3,62.4,87.8,6.3
,"Indiana","18","2020","2020","Prostate","28010","55-59 years","55-59","Black or African American","2054-5",71,17994,394.6,308.2,497.7,46.8
,"Indiana","18","2020","2020","Prostate","28010","55-59 years","55-59","White","2106-3",367,199081,184.3,166.0,204.2,9.6
,"Indiana","18","2020","2020","Prostate","28010","60-64 years ","60-64","Black or African American","2054-5",101,16354,617.6,503.0,750.4,61.5
,"Indiana","18","2020","2020","Prostate","28010","60-64 years ","60-64","White","2106-3",629,191963,327.7,302.6,354.3,13.1
,"Indiana","18","2020","2020","Prostate","28010","65-69 years","65-69","Black or African American","2054-5",97,12048,805.1,652.9,982.2,81.7
,"Indiana","18","2020","2020","Prostate","28010","65-69 years","65-69","White","2106-3",945,161926,583.6,547.0,622.0,19.0
,"Indiana","18","2020","2020","Prostate","28010","65-69 years","65-69","Other Races and Unknown combined","2131-1",18,Not Applicable,Not Applicable,Not Applicable,Not Applicable,Not Applicable
,"Indiana","18","2020","2020","Prostate","28010","70-74 years","70-74","Black or African American","2054-5",71,7974,890.4,695.4,1123.1,105.7
,"Indiana","18","2020","2020","Prostate","28010","70-74 years","70-74","White","2106-3",776,125029,620.7,577.8,665.9,22.3
,"Indiana","18","2020","2020","Prostate","28010","75-79 years","75-79","Black or African American","2054-5",37,4662,793.7,558.8,1093.9,130.5
,"Indiana","18","2020","2020","Prostate","28010","75-79 years","75-79","White","2106-3",466,78873,590.8,538.4,647.0,27.4
,"Indiana","18","2020","2020","Prostate","28010","80-84 years","80-84","White","2106-3",231,47405,487.3,426.5,554.3,32.1
,"Indiana","18","2020","2020","Prostate","28010","85+ years","85+","White","2106-3",159,38186,416.4,354.2,486.4,33.0
,"Indiana","18","2020","2020","Urinary Bladder, invasive and in situ","29010","50-54 years","50-54","White","2106-3",46,364386,12.6,9.2,16.8,1.9
,"Indiana","18","2020","2020","Urinary Bladder, invasive and in situ","29010","55-59 years","55-59","White","2106-3",86,399758,21.5,17.2,26.6,2.3
,"Indiana","18","2020","2020","Urinary Bladder, invasive and in situ","29010","60-64 years ","60-64","White","2106-3",167,388348,43.0,36.7,50.0,3.3
,"Indiana","18","2020","2020","Urinary Bladder, invasive and in situ","29010","65-69 years","65-69","White","2106-3",231,334734,69.0,60.4,78.5,4.5
,"Indiana","18","2020","2020","Urinary Bladder, invasive and in situ","29010","70-74 years","70-74","White","2106-3",285,265673,107.3,95.2,120.5,6.4
,"Indiana","18","2020","2020","Urinary Bladder, invasive and in situ","29010","75-79 years","75-79","White","2106-3",263,175368,150.0,132.4,169.2,9.2
,"Indiana","18","2020","2020","Urinary Bladder, invasive and in situ","29010","80-84 years","80-84","White","2106-3",197,113602,173.4,150.0,199.4,12.4
,"Indiana","18","2020","2020","Urinary Bladder, invasive and in situ","29010","85+ years","85+","White","2106-3",180,112131,160.5,137.9,185.8,12.0
,"Iowa","19","2020","2020","Breast","26000","30-34 years","30-34","White","2106-3",33,171286,19.3,13.3,27.1,3.4
,"Iowa","19","2020","2020","Breast","26000","35-39 years","35-39","White","2106-3",72,185188,38.9,30.4,49.0,4.6
,"Iowa","19","2020","2020","Breast","26000","40-44 years","40-44","White","2106-3",103,174660,59.0,48.1,71.5,5.8
,"Iowa","19","2020","2020","Breast","26000","45-49 years","45-49","White","2106-3",179,164115,109.1,93.7,126.3,8.2
,"Iowa","19","2020","2020","Breast","26000","50-54 years","50-54","White","2106-3",193,174030,110.9,95.8,127.7,8.0
,"Iowa","19","2020","2020","Breast","26000","55-59 years","55-59","White","2106-3",253,198958,127.2,112.0,143.8,8.0
,"Iowa","19","2020","2020","Breast","26000","60-64 years ","60-64","White","2106-3",348,200518,173.6,155.8,192.8,9.3
,"Iowa","19","2020","2020","Breast","26000","65-69 years","65-69","White","2106-3",337,176786,190.6,170.8,212.1,10.4
,"Iowa","19","2020","2020","Breast","26000","70-74 years","70-74","White","2106-3",366,137723,265.8,239.2,294.4,13.9
,"Iowa","19","2020","2020","Breast","26000","75-79 years","75-79","White","2106-3",246,91396,269.2,236.6,305.0,17.2
,"Iowa","19","2020","2020","Breast","26000","80-84 years","80-84","White","2106-3",177,64461,274.6,235.6,318.2,20.6
,"Iowa","19","2020","2020","Breast","26000","85+ years","85+","White","2106-3",163,71796,227.0,193.5,264.7,17.8
,"Iowa","19","2020","2020","Kidney and Renal Pelvis","29020","35-39 years","35-39","White","2106-3",19,185188,10.3,6.2,16.0,2.4
,"Iowa","19","2020","2020","Kidney and Renal Pelvis","29020","40-44 years","40-44","White","2106-3",22,174660,12.6,7.9,19.1,2.7
,"Iowa","19","2020","2020","Kidney and Renal Pelvis","29020","45-49 years","45-49","White","2106-3",34,164115,20.7,14.3,29.0,3.6
,"Iowa","19","2020","2020","Kidney and Renal Pelvis","29020","50-54 years","50-54","White","2106-3",76,174030,43.7,34.4,54.7,5.0
,"Iowa","19","2020","2020","Kidney and Renal Pelvis","29020","55-59 years","55-59","White","2106-3",83,198958,41.7,33.2,51.7,4.6
,"Iowa","19","2020","2020","Kidney and Renal Pelvis","29020","60-64 years ","60-64","White","2106-3",133,200518,66.3,55.5,78.6,5.8
,"Iowa","19","2020","2020","Kidney and Renal Pelvis","29020","65-69 years","65-69","White","2106-3",134,176786,75.8,63.5,89.8,6.5
,"Iowa","19","2020","2020","Kidney and Renal Pelvis","29020","70-74 years","70-74","White","2106-3",118,137723,85.7,70.9,102.6,7.9
,"Iowa","19","2020","2020","Kidney and Renal Pelvis","29020","75-79 years","75-79","White","2106-3",77,91396,84.2,66.5,105.3,9.6
,"Iowa","19","2020","2020","Kidney and Renal Pelvis","29020","80-84 years","80-84","White","2106-3",48,64461,74.5,54.9,98.7,10.7
,"Iowa","19","2020","2020","Kidney and Renal Pelvis","29020","85+ years","85+","White","2106-3",47,71796,65.5,48.1,87.1,9.5
,"Iowa","19","2020","2020","Liver","21071","55-59 years","55-59","White","2106-3",20,198958,10.1,6.1,15.5,2.2
,"Iowa","19","2020","2020","Liver","21071","60-64 years ","60-64","White","2106-3",41,200518,20.4,14.7,27.7,3.2
,"Iowa","19","2020","2020","Liver","21071","65-69 years","65-69","White","2106-3",39,176786,22.1,15.7,30.2,3.5
,"Iowa","19","2020","2020","Liver","21071","70-74 years","70-74","White","2106-3",39,137723,28.3,20.1,38.7,4.5
,"Iowa","19","2020","2020","Liver","21071","75-79 years","75-79","White","2106-3",18,91396,19.7,11.7,31.1,4.6
,"Iowa","19","2020","2020","Liver","21071","80-84 years","80-84","White","2106-3",18,64461,27.9,16.5,44.1,6.6
,"Iowa","19","2020","2020","Liver","21071","85+ years","85+","White","2106-3",17,71796,23.7,13.8,37.9,5.7
,"Iowa","19","2020","2020","Lung and Bronchus","22030","45-49 years","45-49","White","2106-3",31,164115,18.9,12.8,26.8,3.4
,"Iowa","19","2020","2020","Lung and Bronchus","22030","50-54 years","50-54","White","2106-3",67,174030,38.5,29.8,48.9,4.7
,"Iowa","19","2020","2020","Lung and Bronchus","22030","55-59 years","55-59","White","2106-3",201,198958,101.0,87.5,116.0,7.1
,"Iowa","19","2020","2020","Lung and Bronchus","22030","60-64 years ","60-64","White","2106-3",328,200518,163.6,146.4,182.3,9.0
,"Iowa","19","2020","2020","Lung and Bronchus","22030","65-69 years","65-69","White","2106-3",410,176786,231.9,210.0,255.5,11.5
,"Iowa","19","2020","2020","Lung and Bronchus","22030","70-74 years","70-74","White","2106-3",424,137723,307.9,279.3,338.6,15.0
,"Iowa","19","2020","2020","Lung and Bronchus","22030","75-79 years","75-79","White","2106-3",380,91396,415.8,375.0,459.8,21.3
,"Iowa","19","2020","2020","Lung and Bronchus","22030","80-84 years","80-84","White","2106-3",300,64461,465.4,414.2,521.2,26.9
,"Iowa","19","2020","2020","Lung and Bronchus","22030","85+ years","85+","White","2106-3",198,71796,275.8,238.7,317.0,19.6
,"Iowa","19","2020","2020","Prostate","28010","45-49 years","45-49","White","2106-3",19,83670,22.7,13.7,35.5,5.2
,"Iowa","19","2020","2020","Prostate","28010","50-54 years","50-54","White","2106-3",94,88473,106.2,85.9,130.0,11.0
,"Iowa","19","2020","2020","Prostate","28010","55-59 years","55-59","White","2106-3",227,99350,228.5,199.7,260.2,15.2
,"Iowa","19","2020","2020","Prostate","28010","60-64 years ","60-64","Black or African American","2054-5",24,2401,999.6,640.4,1487.3,204.0
,"Iowa","19","2020","2020","Prostate","28010","60-64 years ","60-64","White","2106-3",418,99984,418.1,378.9,460.1,20.4
,"Iowa","19","2020","2020","Prostate","28010","65-69 years","65-69","Black or African American","2054-5",30,1546,1940.5,1309.2,2770.2,354.3
,"Iowa","19","2020","2020","Prostate","28010","65-69 years","65-69","White","2106-3",593,87417,678.4,624.9,735.2,27.9
,"Iowa","19","2020","2020","Prostate","28010","70-74 years","70-74","White","2106-3",459,66267,692.7,630.7,759.0,32.3
,"Iowa","19","2020","2020","Prostate","28010","75-79 years","75-79","White","2106-3",240,41881,573.1,502.8,650.3,37.0
,"Iowa","19","2020","2020","Prostate","28010","80-84 years","80-84","White","2106-3",154,27426,561.5,476.3,657.5,45.2
,"Iowa","19","2020","2020","Prostate","28010","85+ years","85+","White","2106-3",106,24254,437.0,357.8,528.6,42.4
,"Iowa","19","2020","2020","Urinary Bladder, invasive and in situ","29010","50-54 years","50-54","White","2106-3",39,174030,22.4,15.9,30.6,3.6
,"Iowa","19","2020","2020","Urinary Bladder, invasive and in situ","29010","55-59 years","55-59","White","2106-3",42,198958,21.1,15.2,28.5,3.3
,"Iowa","19","2020","2020","Urinary Bladder, invasive and in situ","29010","60-64 years ","60-64","White","2106-3",87,200518,43.4,34.8,53.5,4.7
,"Iowa","19","2020","2020","Urinary Bladder, invasive and in situ","29010","65-69 years","65-69","White","2106-3",124,176786,70.1,58.3,83.6,6.3
,"Iowa","19","2020","2020","Urinary Bladder, invasive and in situ","29010","70-74 years","70-74","White","2106-3",151,137723,109.6,92.9,128.6,8.9
,"Iowa","19","2020","2020","Urinary Bladder, invasive and in situ","29010","75-79 years","75-79","White","2106-3",121,91396,132.4,109.9,158.2,12.0
,"Iowa","19","2020","2020","Urinary Bladder, invasive and in situ","29010","80-84 years","80-84","White","2106-3",142,64461,220.3,185.5,259.6,18.5
,"Iowa","19","2020","2020","Urinary Bladder, invasive and in situ","29010","85+ years","85+","White","2106-3",114,71796,158.8,131.0,190.7,14.9
,"Kansas","20","2020","2020","Breast","26000","30-34 years","30-34","White","2106-3",29,159035,18.2,12.2,26.2,3.4
,"Kansas","20","2020","2020","Breast","26000","35-39 years","35-39","White","2106-3",39,169506,23.0,16.4,31.5,3.7
,"Kansas","20","2020","2020","Breast","26000","40-44 years","40-44","White","2106-3",98,155118,63.2,51.3,77.0,6.4
,"Kansas","20","2020","2020","Breast","26000","45-49 years","45-49","White","2106-3",131,144733,90.5,75.7,107.4,7.9
,"Kansas","20","2020","2020","Breast","26000","50-54 years","50-54","White","2106-3",162,147317,110.0,93.7,128.3,8.6
,"Kansas","20","2020","2020","Breast","26000","55-59 years","55-59","Black or African American","2054-5",16,10667,150.0,85.7,243.6,37.5
,"Kansas","20","2020","2020","Breast","26000","55-59 years","55-59","White","2106-3",214,168696,126.9,110.4,145.0,8.7
,"Kansas","20","2020","2020","Breast","26000","60-64 years ","60-64","Black or African American","2054-5",21,10094,208.0,128.8,318.0,45.4
,"Kansas","20","2020","2020","Breast","26000","60-64 years ","60-64","White","2106-3",292,168753,173.0,153.8,194.1,10.1
,"Kansas","20","2020","2020","Breast","26000","65-69 years","65-69","Black or African American","2054-5",17,7272,233.8,136.2,374.3,56.7
,"Kansas","20","2020","2020","Breast","26000","65-69 years","65-69","White","2106-3",322,147017,219.0,195.8,244.3,12.2
,"Kansas","20","2020","2020","Breast","26000","70-74 years","70-74","White","2106-3",268,114397,234.3,207.1,264.1,14.3
,"Kansas","20","2020","2020","Breast","26000","75-79 years","75-79","White","2106-3",213,75736,281.2,244.7,321.7,19.3
,"Kansas","20","2020","2020","Breast","26000","80-84 years","80-84","White","2106-3",141,50459,279.4,235.2,329.6,23.5
,"Kansas","20","2020","2020","Breast","26000","85+ years","85+","White","2106-3",135,56410,239.3,200.7,283.3,20.6
,"Kansas","20","2020","2020","Kidney and Renal Pelvis","29020","35-39 years","35-39","White","2106-3",16,169506,9.4,5.4,15.3,2.4
,"Kansas","20","2020","2020","Kidney and Renal Pelvis","29020","40-44 years","40-44","White","2106-3",24,155118,15.5,9.9,23.0,3.2
,"Kansas","20","2020","2020","Kidney and Renal Pelvis","29020","45-49 years","45-49","White","2106-3",33,144733,22.8,15.7,32.0,4.0
,"Kansas","20","2020","2020","Kidney and Renal Pelvis","29020","50-54 years","50-54","White","2106-3",44,147317,29.9,21.7,40.1,4.5
,"Kansas","20","2020","2020","Kidney and Renal Pelvis","29020","55-59 years","55-59","White","2106-3",65,168696,38.5,29.7,49.1,4.8
,"Kansas","20","2020","2020","Kidney and Renal Pelvis","29020","60-64 years ","60-64","White","2106-3",64,168753,37.9,29.2,48.4,4.7
,"Kansas","20","2020","2020","Kidney and Renal Pelvis","29020","65-69 years","65-69","White","2106-3",100,147017,68.0,55.3,82.7,6.8
,"Kansas","20","2020","2020","Kidney and Renal Pelvis","29020","70-74 years","70-74","White","2106-3",84,114397,73.4,58.6,90.9,8.0
,"Kansas","20","2020","2020","Kidney and Renal Pelvis","29020","75-79 years","75-79","White","2106-3",73,75736,96.4,75.6,121.2,11.3
,"Kansas","20","2020","2020","Kidney and Renal Pelvis","29020","80-84 years","80-84","White","2106-3",44,50459,87.2,63.4,117.1,13.1
,"Kansas","20","2020","2020","Kidney and Renal Pelvis","29020","85+ years","85+","White","2106-3",16,56410,28.4,16.2,46.1,7.1
,"Kansas","20","2020","2020","Liver","21071","55-59 years","55-59","White","2106-3",22,168696,13.0,8.2,19.7,2.8
,"Kansas","20","2020","2020","Liver","21071","60-64 years ","60-64","White","2106-3",37,168753,21.9,15.4,30.2,3.6
,"Kansas","20","2020","2020","Liver","21071","65-69 years","65-69","White","2106-3",33,147017,22.4,15.5,31.5,3.9
,"Kansas","20","2020","2020","Liver","21071","70-74 years","70-74","White","2106-3",24,114397,21.0,13.4,31.2,4.3
,"Kansas","20","2020","2020","Lung and Bronchus","22030","45-49 years","45-49","White","2106-3",26,144733,18.0,11.7,26.3,3.5
,"Kansas","20","2020","2020","Lung and Bronchus","22030","50-54 years","50-54","White","2106-3",50,147317,33.9,25.2,44.7,4.8
,"Kansas","20","2020","2020","Lung and Bronchus","22030","55-59 years","55-59","White","2106-3",132,168696,78.2,65.5,92.8,6.8
,"Kansas","20","2020","2020","Lung and Bronchus","22030","60-64 years ","60-64","Black or African American","2054-5",20,10094,198.1,121.0,306.0,44.3
,"Kansas","20","2020","2020","Lung and Bronchus","22030","60-64 years ","60-64","White","2106-3",234,168753,138.7,121.5,157.6,9.1
,"Kansas","20","2020","2020","Lung and Bronchus","22030","65-69 years","65-69","Black or African American","2054-5",21,7272,288.8,178.8,441.4,63.0
,"Kansas","20","2020","2020","Lung and Bronchus","22030","65-69 years","65-69","White","2106-3",305,147017,207.5,184.8,232.1,11.9
,"Kansas","20","2020","2020","Lung and Bronchus","22030","70-74 years","70-74","Black or African American","2054-5",22,5054,435.3,272.8,659.0,92.8
,"Kansas","20","2020","2020","Lung and Bronchus","22030","70-74 years","70-74","White","2106-3",322,114397,281.5,251.6,314.0,15.7
,"Kansas","20","2020","2020","Lung and Bronchus","22030","75-79 years","75-79","Black or African American","2054-5",17,3098,548.7,319.7,878.6,133.1
,"Kansas","20","2020","2020","Lung and Bronchus","22030","75-79 years","75-79","White","2106-3",263,75736,347.3,306.6,391.9,21.4
,"Kansas","20","2020","2020","Lung and Bronchus","22030","80-84 years","80-84","White","2106-3",185,50459,366.6,315.7,423.4,27.0
,"Kansas","20","2020","2020","Lung and Bronchus","22030","85+ years","85+","White","2106-3",115,56410,203.9,168.3,244.7,19.0
,"Kansas","20","2020","2020","Prostate","28010","50-54 years","50-54","White","2106-3",71,74591,95.2,74.3,120.1,11.3
,"Kansas","20","2020","2020","Prostate","28010","55-59 years","55-59","Black or African American","2054-5",25,5398,463.1,299.7,683.7,92.6
,"Kansas","20","2020","2020","Prostate","28010","55-59 years","55-59","White","2106-3",181,83831,215.9,185.6,249.8,16.0
,"Kansas","20","2020","2020","Prostate","28010","60-64 years ","60-64","Black or African American","2054-5",34,5123,663.7,459.6,927.4,113.8
,"Kansas","20","2020","2020","Prostate","28010","60-64 years ","60-64","White","2106-3",373,82990,449.5,405.0,497.5,23.3
,"Kansas","20","2020","2020","Prostate","28010","60-64 years ","60-64","Other Races and Unknown combined","2131-1",30,Not Applicable,Not Applicable,Not Applicable,Not Applicable,Not Applicable
,"Kansas","20","2020","2020","Prostate","28010","65-69 years","65-69","Black or African American","2054-5",43,3546,1212.6,877.6,1633.4,184.9
,"Kansas","20","2020","2020","Prostate","28010","65-69 years","65-69","White","2106-3",481,71885,669.1,610.7,731.7,30.5
,"Kansas","20","2020","2020","Prostate","28010","65-69 years","65-69","Other Races and Unknown combined","2131-1",24,Not Applicable,Not Applicable,Not Applicable,Not Applicable,Not Applicable
,"Kansas","20","2020","2020","Prostate","28010","70-74 years","70-74","Black or African American","2054-5",18,2256,797.9,472.9,1261.0,188.1
,"Kansas","20","2020","2020","Prostate","28010","70-74 years","70-74","White","2106-3",348,55056,632.1,567.4,702.1,33.9
,"Kansas","20","2020","2020","Prostate","28010","70-74 years","70-74","Other Races and Unknown combined","2131-1",27,Not Applicable,Not Applicable,Not Applicable,Not Applicable,Not Applicable
,"Kansas","20","2020","2020","Prostate","28010","75-79 years","75-79","White","2106-3",261,34521,756.1,667.1,853.6,46.8
,"Kansas","20","2020","2020","Prostate","28010","80-84 years","80-84","White","2106-3",121,21675,558.2,463.2,667.0,50.7
,"Kansas","20","2020","2020","Prostate","28010","85+ years","85+","White","2106-3",60,20058,299.1,228.3,385.0,38.6
,"Kansas","20","2020","2020","Urinary Bladder, invasive and in situ","29010","50-54 years","50-54","White","2106-3",19,147317,12.9,7.8,20.1,3.0
,"Kansas","20","2020","2020","Urinary Bladder, invasive and in situ","29010","55-59 years","55-59","White","2106-3",43,168696,25.5,18.4,34.3,3.9
,"Kansas","20","2020","2020","Urinary Bladder, invasive and in situ","29010","60-64 years ","60-64","White","2106-3",68,168753,40.3,31.3,51.1,4.9
,"Kansas","20","2020","2020","Urinary Bladder, invasive and in situ","29010","65-69 years","65-69","White","2106-3",105,147017,71.4,58.4,86.5,7.0
,"Kansas","20","2020","2020","Urinary Bladder, invasive and in situ","29010","70-74 years","70-74","White","2106-3",125,114397,109.3,91.0,130.2,9.8
,"Kansas","20","2020","2020","Urinary Bladder, invasive and in situ","29010","75-79 years","75-79","White","2106-3",111,75736,146.6,120.6,176.5,13.9
,"Kansas","20","2020","2020","Urinary Bladder, invasive and in situ","29010","80-84 years","80-84","White","2106-3",77,50459,152.6,120.4,190.7,17.4
,"Kansas","20","2020","2020","Urinary Bladder, invasive and in situ","29010","85+ years","85+","White","2106-3",95,56410,168.4,136.3,205.9,17.3
,"Kentucky","21","2020","2020","Breast","26000","30-34 years","30-34","White","2106-3",36,250010,14.4,10.1,19.9,2.4
,"Kentucky","21","2020","2020","Breast","26000","35-39 years","35-39","White","2106-3",63,248744,25.3,19.5,32.4,3.2
,"Kentucky","21","2020","2020","Breast","26000","40-44 years","40-44","Black or African American","2054-5",24,24939,96.2,61.7,143.2,19.6
,"Kentucky","21","2020","2020","Breast","26000","40-44 years","40-44","White","2106-3",165,246918,66.8,57.0,77.8,5.2
,"Kentucky","21","2020","2020","Breast","26000","45-49 years","45-49","Black or African American","2054-5",23,23161,99.3,63.0,149.0,20.7
,"Kentucky","21","2020","2020","Breast","26000","45-49 years","45-49","White","2106-3",244,250103,97.6,85.7,110.6,6.2
,"Kentucky","21","2020","2020","Breast","26000","50-54 years","50-54","Black or African American","2054-5",40,22098,181.0,129.3,246.5,28.6
,"Kentucky","21","2020","2020","Breast","26000","50-54 years","50-54","White","2106-3",299,257230,116.2,103.4,130.2,6.7
,"Kentucky","21","2020","2020","Breast","26000","55-59 years","55-59","Black or African American","2054-5",30,23751,126.3,85.2,180.3,23.1
,"Kentucky","21","2020","2020","Breast","26000","55-59 years","55-59","White","2106-3",360,280028,128.6,115.6,142.5,6.8
,"Kentucky","21","2020","2020","Breast","26000","60-64 years ","60-64","Black or African American","2054-5",32,22432,142.7,97.6,201.4,25.2
,"Kentucky","21","2020","2020","Breast","26000","60-64 years ","60-64","White","2106-3",438,268726,163.0,148.1,179.0,7.8
,"Kentucky","21","2020","2020","Breast","26000","65-69 years","65-69","Black or African American","2054-5",31,17193,180.3,122.5,255.9,32.4
,"Kentucky","21","2020","2020","Breast","26000","65-69 years","65-69","White","2106-3",460,235087,195.7,178.2,214.4,9.1
,"Kentucky","21","2020","2020","Breast","26000","70-74 years","70-74","Black or African American","2054-5",28,11815,237.0,157.5,342.5,44.8
,"Kentucky","21","2020","2020","Breast","26000","70-74 years","70-74","White","2106-3",425,192364,220.9,200.4,243.0,10.7
,"Kentucky","21","2020","2020","Breast","26000","75-79 years","75-79","Black or African American","2054-5",18,6652,270.6,160.4,427.7,63.8
,"Kentucky","21","2020","2020","Breast","26000","75-79 years","75-79","White","2106-3",323,124739,258.9,231.5,288.8,14.4
,"Kentucky","21","2020","2020","Breast","26000","80-84 years","80-84","White","2106-3",176,78613,223.9,192.0,259.5,16.9
,"Kentucky","21","2020","2020","Breast","26000","85+ years","85+","White","2106-3",152,69835,217.7,184.4,255.1,17.7
,"Kentucky","21","2020","2020","Kidney and Renal Pelvis","29020","35-39 years","35-39","White","2106-3",29,248744,11.7,7.8,16.7,2.2
,"Kentucky","21","2020","2020","Kidney and Renal Pelvis","29020","40-44 years","40-44","White","2106-3",43,246918,17.4,12.6,23.5,2.7
,"Kentucky","21","2020","2020","Kidney and Renal Pelvis","29020","45-49 years","45-49","White","2106-3",55,250103,22.0,16.6,28.6,3.0
,"Kentucky","21","2020","2020","Kidney and Renal Pelvis","29020","50-54 years","50-54","White","2106-3",85,257230,33.0,26.4,40.9,3.6
,"Kentucky","21","2020","2020","Kidney and Renal Pelvis","29020","55-59 years","55-59","White","2106-3",109,280028,38.9,32.0,47.0,3.7
,"Kentucky","21","2020","2020","Kidney and Renal Pelvis","29020","60-64 years ","60-64","White","2106-3",160,268726,59.5,50.7,69.5,4.7
,"Kentucky","21","2020","2020","Kidney and Renal Pelvis","29020","65-69 years","65-69","White","2106-3",172,235087,73.2,62.6,85.0,5.6
,"Kentucky","21","2020","2020","Kidney and Renal Pelvis","29020","70-74 years","70-74","White","2106-3",138,192364,71.7,60.3,84.8,6.1
,"Kentucky","21","2020","2020","Kidney and Renal Pelvis","29020","75-79 years","75-79","White","2106-3",106,124739,85.0,69.6,102.8,8.3
,"Kentucky","21","2020","2020","Kidney and Renal Pelvis","29020","80-84 years","80-84","White","2106-3",58,78613,73.8,56.0,95.4,9.7
,"Kentucky","21","2020","2020","Kidney and Renal Pelvis","29020","85+ years","85+","White","2106-3",46,69835,65.9,48.2,87.9,9.7
,"Kentucky","21","2020","2020","Liver","21071","50-54 years","50-54","White","2106-3",20,257230,7.8,4.7,12.0,1.7
,"Kentucky","21","2020","2020","Liver","21071","55-59 years","55-59","White","2106-3",34,280028,12.1,8.4,17.0,2.1
,"Kentucky","21","2020","2020","Liver","21071","60-64 years ","60-64","White","2106-3",84,268726,31.3,24.9,38.7,3.4
,"Kentucky","21","2020","2020","Liver","21071","65-69 years","65-69","White","2106-3",67,235087,28.5,22.1,36.2,3.5
,"Kentucky","21","2020","2020","Liver","21071","70-74 years","70-74","White","2106-3",64,192364,33.3,25.6,42.5,4.2
,"Kentucky","21","2020","2020","Liver","21071","75-79 years","75-79","White","2106-3",46,124739,36.9,27.0,49.2,5.4
,"Kentucky","21","2020","2020","Liver","21071","80-84 years","80-84","White","2106-3",27,78613,34.3,22.6,50.0,6.6
,"Kentucky","21","2020","2020","Liver","21071","85+ years","85+","White","2106-3",19,69835,27.2,16.4,42.5,6.2
,"Kentucky","21","2020","2020","Lung and Bronchus","22030","40-44 years","40-44","White","2106-3",23,246918,9.3,5.9,14.0,1.9
,"Kentucky","21","2020","2020","Lung and Bronchus","22030","45-49 years","45-49","White","2106-3",85,250103,34.0,27.1,42.0,3.7
,"Kentucky","21","2020","2020","Lung and Bronchus","22030","50-54 years","50-54","White","2106-3",204,257230,79.3,68.8,91.0,5.6
,"Kentucky","21","2020","2020","Lung and Bronchus","22030","55-59 years","55-59","Black or African American","2054-5",32,23751,134.7,92.2,190.2,23.8
,"Kentucky","21","2020","2020","Lung and Bronchus","22030","55-59 years","55-59","White","2106-3",421,280028,150.3,136.3,165.4,7.3
,"Kentucky","21","2020","2020","Lung and Bronchus","22030","60-64 years ","60-64","Black or African American","2054-5",62,22432,276.4,211.9,354.3,35.1
,"Kentucky","21","2020","2020","Lung and Bronchus","22030","60-64 years ","60-64","White","2106-3",779,268726,289.9,269.9,311.0,10.4
,"Kentucky","21","2020","2020","Lung and Bronchus","22030","65-69 years","65-69","Black or African American","2054-5",46,17193,267.6,195.9,356.9,39.4
,"Kentucky","21","2020","2020","Lung and Bronchus","22030","65-69 years","65-69","White","2106-3",814,235087,346.3,322.9,370.9,12.1
,"Kentucky","21","2020","2020","Lung and Bronchus","22030","70-74 years","70-74","Black or African American","2054-5",45,11815,380.9,277.8,509.6,56.8
,"Kentucky","21","2020","2020","Lung and Bronchus","22030","70-74 years","70-74","White","2106-3",878,192364,456.4,426.7,487.6,15.4
,"Kentucky","21","2020","2020","Lung and Bronchus","22030","75-79 years","75-79","Black or African American","2054-5",35,6652,526.2,366.5,731.8,88.9
,"Kentucky","21","2020","2020","Lung and Bronchus","22030","75-79 years","75-79","White","2106-3",682,124739,546.7,506.5,589.4,20.9
,"Kentucky","21","2020","2020","Lung and Bronchus","22030","80-84 years","80-84","Black or African American","2054-5",17,4355,390.4,227.4,625.0,94.7
,"Kentucky","21","2020","2020","Lung and Bronchus","22030","80-84 years","80-84","White","2106-3",412,78613,524.1,474.7,577.2,25.8
,"Kentucky","21","2020","2020","Lung and Bronchus","22030","85+ years","85+","White","2106-3",260,69835,372.3,328.4,420.4,23.1
,"Kentucky","21","2020","2020","Prostate","28010","45-49 years","45-49","White","2106-3",25,126157,19.8,12.8,29.3,4.0
,"Kentucky","21","2020","2020","Prostate","28010","50-54 years","50-54","Black or African American","2054-5",30,10960,273.7,184.7,390.8,50.0
,"Kentucky","21","2020","2020","Prostate","28010","50-54 years","50-54","White","2106-3",109,128661,84.7,69.6,102.2,8.1
,"Kentucky","21","2020","2020","Prostate","28010","55-59 years","55-59","Black or African American","2054-5",44,11517,382.0,277.6,512.9,57.6
,"Kentucky","21","2020","2020","Prostate","28010","55-59 years","55-59","White","2106-3",277,137567,201.4,178.3,226.5,12.1
,"Kentucky","21","2020","2020","Prostate","28010","60-64 years ","60-64","Black or African American","2054-5",96,10654,901.1,729.9,1100.4,92.0
,"Kentucky","21","2020","2020","Prostate","28010","60-64 years ","60-64","White","2106-3",461,130601,353.0,321.5,386.7,16.4
,"Kentucky","21","2020","2020","Prostate","28010","60-64 years ","60-64","Other Races and Unknown combined","2131-1",19,Not Applicable,Not Applicable,Not Applicable,Not Applicable,Not Applicable
,"Kentucky","21","2020","2020","Prostate","28010","65-69 years","65-69","Black or African American","2054-5",74,7807,947.9,744.3,1190.0,110.2
,"Kentucky","21","2020","2020","Prostate","28010","65-69 years","65-69","White","2106-3",655,112377,582.9,539.1,629.3,22.8
,"Kentucky","21","2020","2020","Prostate","28010","65-69 years","65-69","Other Races and Unknown combined","2131-1",30,Not Applicable,Not Applicable,Not Applicable,Not Applicable,Not Applicable
,"Kentucky","21","2020","2020","Prostate","28010","70-74 years","70-74","Black or African American","2054-5",45,5223,861.6,628.4,1152.9,128.4
,"Kentucky","21","2020","2020","Prostate","28010","70-74 years","70-74","White","2106-3",501,90458,553.8,506.4,604.5,24.7
,"Kentucky","21","2020","2020","Prostate","28010","70-74 years","70-74","Other Races and Unknown combined","2131-1",17,Not Applicable,Not Applicable,Not Applicable,Not Applicable,Not Applicable
,"Kentucky","21","2020","2020","Prostate","28010","75-79 years","75-79","Black or African American","2054-5",17,2689,632.2,368.3,1012.2,153.3
,"Kentucky","21","2020","2020","Prostate","28010","75-79 years","75-79","White","2106-3",307,56035,547.9,488.3,612.7,31.3
,"Kentucky","21","2020","2020","Prostate","28010","80-84 years","80-84","White","2106-3",147,33248,442.1,373.5,519.7,36.5
,"Kentucky","21","2020","2020","Prostate","28010","85+ years","85+","White","2106-3",136,24116,563.9,473.1,667.1,48.4
,"Kentucky","21","2020","2020","Urinary Bladder, invasive and in situ","29010","45-49 years","45-49","White","2106-3",20,250103,8.0,4.9,12.4,1.8
,"Kentucky","21","2020","2020","Urinary Bladder, invasive and in situ","29010","50-54 years","50-54","White","2106-3",41,257230,15.9,11.4,21.6,2.5
,"Kentucky","21","2020","2020","Urinary Bladder, invasive and in situ","29010","55-59 years","55-59","White","2106-3",73,280028,26.1,20.4,32.8,3.1
,"Kentucky","21","2020","2020","Urinary Bladder, invasive and in situ","29010","60-64 years ","60-64","White","2106-3",146,268726,54.3,45.9,63.9,4.5
,"Kentucky","21","2020","2020","Urinary Bladder, invasive and in situ","29010","65-69 years","65-69","White","2106-3",185,235087,78.7,67.8,90.9,5.8
,"Kentucky","21","2020","2020","Urinary Bladder, invasive and in situ","29010","70-74 years","70-74","White","2106-3",213,192364,110.7,96.4,126.6,7.6
,"Kentucky","21","2020","2020","Urinary Bladder, invasive and in situ","29010","75-79 years","75-79","White","2106-3",190,124739,152.3,131.4,175.6,11.1
,"Kentucky","21","2020","2020","Urinary Bladder, invasive and in situ","29010","80-84 years","80-84","White","2106-3",133,78613,169.2,141.7,200.5,14.7
,"Kentucky","21","2020","2020","Urinary Bladder, invasive and in situ","29010","85+ years","85+","White","2106-3",106,69835,151.8,124.3,183.6,14.7
,"Louisiana","22","2020","2020","Breast","26000","30-34 years","30-34","Black or African American","2054-5",22,110842,19.8,12.4,30.1,4.2
,"Louisiana","22","2020","2020","Breast","26000","30-34 years","30-34","White","2106-3",29,201001,14.4,9.7,20.7,2.7
,"Louisiana","22","2020","2020","Breast","26000","35-39 years","35-39","Black or African American","2054-5",46,103891,44.3,32.4,59.1,6.5
,"Louisiana","22","2020","2020","Breast","26000","35-39 years","35-39","White","2106-3",70,204412,34.2,26.7,43.3,4.1
,"Louisiana","22","2020","2020","Breast","26000","40-44 years","40-44","Black or African American","2054-5",64,92800,69.0,53.1,88.1,8.6
,"Louisiana","22","2020","2020","Breast","26000","40-44 years","40-44","White","2106-3",87,183766,47.3,37.9,58.4,5.1
,"Louisiana","22","2020","2020","Breast","26000","45-49 years","45-49","Black or African American","2054-5",81,81659,99.2,78.8,123.3,11.0
,"Louisiana","22","2020","2020","Breast","26000","45-49 years","45-49","White","2106-3",168,175557,95.7,81.8,111.3,7.4
,"Louisiana","22","2020","2020","Breast","26000","50-54 years","50-54","Black or African American","2054-5",89,84089,105.8,85.0,130.2,11.2
,"Louisiana","22","2020","2020","Breast","26000","50-54 years","50-54","White","2106-3",178,183713,96.9,83.2,112.2,7.3
,"Louisiana","22","2020","2020","Breast","26000","55-59 years","55-59","Black or African American","2054-5",149,91593,162.7,137.6,191.0,13.3
,"Louisiana","22","2020","2020","Breast","26000","55-59 years","55-59","White","2106-3",254,205396,123.7,108.9,139.8,7.8
,"Louisiana","22","2020","2020","Breast","26000","60-64 years ","60-64","Black or African American","2054-5",182,87964,206.9,177.9,239.2,15.3
,"Louisiana","22","2020","2020","Breast","26000","60-64 years ","60-64","White","2106-3",350,202255,173.0,155.4,192.2,9.2
,"Louisiana","22","2020","2020","Breast","26000","65-69 years","65-69","Black or African American","2054-5",183,72002,254.2,218.7,293.8,18.8
,"Louisiana","22","2020","2020","Breast","26000","65-69 years","65-69","White","2106-3",392,176417,222.2,200.7,245.3,11.2
,"Louisiana","22","2020","2020","Breast","26000","70-74 years","70-74","Black or African American","2054-5",108,50884,212.2,174.1,256.3,20.4
,"Louisiana","22","2020","2020","Breast","26000","70-74 years","70-74","White","2106-3",351,143883,243.9,219.1,270.9,13.0
,"Louisiana","22","2020","2020","Breast","26000","75-79 years","75-79","Black or African American","2054-5",78,29927,260.6,206.0,325.3,29.5
,"Louisiana","22","2020","2020","Breast","26000","75-79 years","75-79","White","2106-3",245,96314,254.4,223.5,288.3,16.3
,"Louisiana","22","2020","2020","Breast","26000","80-84 years","80-84","Black or African American","2054-5",57,18550,307.3,232.7,398.1,40.7
,"Louisiana","22","2020","2020","Breast","26000","80-84 years","80-84","White","2106-3",128,61651,207.6,173.2,246.9,18.4
,"Louisiana","22","2020","2020","Breast","26000","85+ years","85+","Black or African American","2054-5",42,15979,262.8,189.4,355.3,40.6
,"Louisiana","22","2020","2020","Breast","26000","85+ years","85+","White","2106-3",141,56386,250.1,210.5,294.9,21.1
,"Louisiana","22","2020","2020","Kidney and Renal Pelvis","29020","40-44 years","40-44","White","2106-3",26,183766,14.1,9.2,20.7,2.8
,"Louisiana","22","2020","2020","Kidney and Renal Pelvis","29020","45-49 years","45-49","Black or African American","2054-5",27,81659,33.1,21.8,48.1,6.4
,"Louisiana","22","2020","2020","Kidney and Renal Pelvis","29020","45-49 years","45-49","White","2106-3",55,175557,31.3,23.6,40.8,4.2
,"Louisiana","22","2020","2020","Kidney and Renal Pelvis","29020","50-54 years","50-54","Black or African American","2054-5",32,84089,38.1,26.0,53.7,6.7
,"Louisiana","22","2020","2020","Kidney and Renal Pelvis","29020","50-54 years","50-54","White","2106-3",71,183713,38.6,30.2,48.7,4.6
,"Louisiana","22","2020","2020","Kidney and Renal Pelvis","29020","55-59 years","55-59","Black or African American","2054-5",39,91593,42.6,30.3,58.2,6.8
,"Louisiana","22","2020","2020","Kidney and Renal Pelvis","29020","55-59 years","55-59","White","2106-3",104,205396,50.6,41.4,61.4,5.0
,"Louisiana","22","2020","2020","Kidney and Renal Pelvis","29020","60-64 years ","60-64","Black or African American","2054-5",48,87964,54.6,40.2,72.3,7.9
,"Louisiana","22","2020","2020","Kidney and Renal Pelvis","29020","60-64 years ","60-64","White","2106-3",135,202255,66.7,56.0,79.0,5.7
,"Louisiana","22","2020","2020","Kidney and Renal Pelvis","29020","65-69 years","65-69","Black or African American","2054-5",68,72002,94.4,73.3,119.7,11.5
,"Louisiana","22","2020","2020","Kidney and Renal Pelvis","29020","65-69 years","65-69","White","2106-3",147,176417,83.3,70.4,97.9,6.9
,"Louisiana","22","2020","2020","Kidney and Renal Pelvis","29020","70-74 years","70-74","Black or African American","2054-5",51,50884,100.2,74.6,131.8,14.0
,"Louisiana","22","2020","2020","Kidney and Renal Pelvis","29020","70-74 years","70-74","White","2106-3",142,143883,98.7,83.1,116.3,8.3
,"Louisiana","22","2020","2020","Kidney and Renal Pelvis","29020","75-79 years","75-79","Black or African American","2054-5",31,29927,103.6,70.4,147.0,18.6
,"Louisiana","22","2020","2020","Kidney and Renal Pelvis","29020","75-79 years","75-79","White","2106-3",95,96314,98.6,79.8,120.6,10.1
,"Louisiana","22","2020","2020","Kidney and Renal Pelvis","29020","80-84 years","80-84","White","2106-3",50,61651,81.1,60.2,106.9,11.5
,"Louisiana","22","2020","2020","Kidney and Renal Pelvis","29020","85+ years","85+","White","2106-3",39,56386,69.2,49.2,94.6,11.1
,"Louisiana","22","2020","2020","Liver","21071","55-59 years","55-59","Black or African American","2054-5",24,91593,26.2,16.8,39.0,5.3
,"Louisiana","22","2020","2020","Liver","21071","55-59 years","55-59","White","2106-3",36,205396,17.5,12.3,24.3,2.9
,"Louisiana","22","2020","2020","Liver","21071","60-64 years ","60-64","Black or African American","2054-5",61,87964,69.3,53.0,89.1,8.9
,"Louisiana","22","2020","2020","Liver","21071","60-64 years ","60-64","White","2106-3",63,202255,31.1,23.9,39.9,3.9
,"Louisiana","22","2020","2020","Liver","21071","65-69 years","65-69","Black or African American","2054-5",52,72002,72.2,53.9,94.7,10.0
,"Louisiana","22","2020","2020","Liver","21071","65-69 years","65-69","White","2106-3",82,176417,46.5,37.0,57.7,5.1
,"Louisiana","22","2020","2020","Liver","21071","70-74 years","70-74","Black or African American","2054-5",26,50884,51.1,33.4,74.9,10.0
,"Louisiana","22","2020","2020","Liver","21071","70-74 years","70-74","White","2106-3",52,143883,36.1,27.0,47.4,5.0
,"Louisiana","22","2020","2020","Liver","21071","75-79 years","75-79","White","2106-3",30,96314,31.1,21.0,44.5,5.7
,"Louisiana","22","2020","2020","Liver","21071","80-84 years","80-84","White","2106-3",27,61651,43.8,28.9,63.7,8.4
,"Louisiana","22","2020","2020","Lung and Bronchus","22030","45-49 years","45-49","White","2106-3",28,175557,15.9,10.6,23.1,3.0
,"Louisiana","22","2020","2020","Lung and Bronchus","22030","50-54 years","50-54","Black or African American","2054-5",37,84089,44.0,31.0,60.6,7.2
,"Louisiana","22","2020","2020","Lung and Bronchus","22030","50-54 years","50-54","White","2106-3",83,183713,45.2,36.0,56.0,5.0
,"Louisiana","22","2020","2020","Lung and Bronchus","22030","55-59 years","55-59","Black or African American","2054-5",96,91593,104.8,84.9,128.0,10.7
,"Louisiana","22","2020","2020","Lung and Bronchus","22030","55-59 years","55-59","White","2106-3",215,205396,104.7,91.2,119.6,7.1
,"Louisiana","22","2020","2020","Lung and Bronchus","22030","60-64 years ","60-64","Black or African American","2054-5",164,87964,186.4,159.0,217.3,14.6
,"Louisiana","22","2020","2020","Lung and Bronchus","22030","60-64 years ","60-64","White","2106-3",372,202255,183.9,165.7,203.6,9.5
,"Louisiana","22","2020","2020","Lung and Bronchus","22030","65-69 years","65-69","Black or African American","2054-5",200,72002,277.8,240.6,319.0,19.6
,"Louisiana","22","2020","2020","Lung and Bronchus","22030","65-69 years","65-69","White","2106-3",415,176417,235.2,213.1,259.0,11.5
,"Louisiana","22","2020","2020","Lung and Bronchus","22030","70-74 years","70-74","Black or African American","2054-5",173,50884,340.0,291.2,394.6,25.8
,"Louisiana","22","2020","2020","Lung and Bronchus","22030","70-74 years","70-74","White","2106-3",417,143883,289.8,262.7,319.0,14.2
,"Louisiana","22","2020","2020","Lung and Bronchus","22030","75-79 years","75-79","Black or African American","2054-5",119,29927,397.6,329.4,475.8,36.5
,"Louisiana","22","2020","2020","Lung and Bronchus","22030","75-79 years","75-79","White","2106-3",391,96314,406.0,366.7,448.3,20.5
,"Louisiana","22","2020","2020","Lung and Bronchus","22030","80-84 years","80-84","Black or African American","2054-5",65,18550,350.4,270.4,446.6,43.5
,"Louisiana","22","2020","2020","Lung and Bronchus","22030","80-84 years","80-84","White","2106-3",220,61651,356.8,311.2,407.2,24.1
,"Louisiana","22","2020","2020","Lung and Bronchus","22030","85+ years","85+","Black or African American","2054-5",28,15979,175.2,116.4,253.3,33.1
,"Louisiana","22","2020","2020","Lung and Bronchus","22030","85+ years","85+","White","2106-3",162,56386,287.3,244.8,335.1,22.6
,"Louisiana","22","2020","2020","Prostate","28010","45-49 years","45-49","Black or African American","2054-5",29,37949,76.4,51.2,109.7,14.2
,"Louisiana","22","2020","2020","Prostate","28010","45-49 years","45-49","White","2106-3",26,89303,29.1,19.0,42.7,5.7
,"Louisiana","22","2020","2020","Prostate","28010","50-54 years","50-54","Black or African American","2054-5",92,38486,239.0,192.7,293.2,24.9
,"Louisiana","22","2020","2020","Prostate","28010","50-54 years","50-54","White","2106-3",84,92665,90.6,72.3,112.2,9.9
,"Louisiana","22","2020","2020","Prostate","28010","55-59 years","55-59","Black or African American","2054-5",203,41903,484.5,420.1,555.9,34.0
,"Louisiana","22","2020","2020","Prostate","28010","55-59 years","55-59","White","2106-3",209,101955,205.0,178.1,234.7,14.2
,"Louisiana","22","2020","2020","Prostate","28010","60-64 years ","60-64","Black or African American","2054-5",289,40038,721.8,641.0,810.0,42.5
,"Louisiana","22","2020","2020","Prostate","28010","60-64 years ","60-64","White","2106-3",368,99667,369.2,332.5,408.9,19.2
,"Louisiana","22","2020","2020","Prostate","28010","65-69 years","65-69","Black or African American","2054-5",353,31773,1111.0,998.1,1233.2,59.1
,"Louisiana","22","2020","2020","Prostate","28010","65-69 years","65-69","White","2106-3",541,85588,632.1,579.9,687.7,27.2
,"Louisiana","22","2020","2020","Prostate","28010","70-74 years","70-74","Black or African American","2054-5",189,21947,861.2,742.8,993.1,62.6
,"Louisiana","22","2020","2020","Prostate","28010","70-74 years","70-74","White","2106-3",466,68102,684.3,623.5,749.3,31.7
,"Louisiana","22","2020","2020","Prostate","28010","75-79 years","75-79","Black or African American","2054-5",96,12120,792.1,641.6,967.3,80.8
,"Louisiana","22","2020","2020","Prostate","28010","75-79 years","75-79","White","2106-3",237,43544,544.3,477.2,618.2,35.4
,"Louisiana","22","2020","2020","Prostate","28010","80-84 years","80-84","Black or African American","2054-5",40,6926,577.5,412.6,786.4,91.3
,"Louisiana","22","2020","2020","Prostate","28010","80-84 years","80-84","White","2106-3",126,26292,479.2,399.2,570.6,42.7
,"Louisiana","22","2020","2020","Prostate","28010","85+ years","85+","Black or African American","2054-5",27,5031,536.7,353.7,780.8,103.3
,"Louisiana","22","2020","2020","Prostate","28010","85+ years","85+","White","2106-3",76,20235,375.6,295.9,470.1,43.1
,"Louisiana","22","2020","2020","Urinary Bladder, invasive and in situ","29010","50-54 years","50-54","White","2106-3",28,183713,15.2,10.1,22.0,2.9
,"Louisiana","22","2020","2020","Urinary Bladder, invasive and in situ","29010","55-59 years","55-59","Black or African American","2054-5",24,91593,26.2,16.8,39.0,5.3
,"Louisiana","22","2020","2020","Urinary Bladder, invasive and in situ","29010","55-59 years","55-59","White","2106-3",59,205396,28.7,21.9,37.1,3.7
,"Louisiana","22","2020","2020","Urinary Bladder, invasive and in situ","29010","60-64 years ","60-64","Black or African American","2054-5",28,87964,31.8,21.2,46.0,6.0
,"Louisiana","22","2020","2020","Urinary Bladder, invasive and in situ","29010","60-64 years ","60-64","White","2106-3",94,202255,46.5,37.6,56.9,4.8
,"Louisiana","22","2020","2020","Urinary Bladder, invasive and in situ","29010","65-69 years","65-69","Black or African American","2054-5",16,72002,22.2,12.7,36.1,5.6
,"Louisiana","22","2020","2020","Urinary Bladder, invasive and in situ","29010","65-69 years","65-69","White","2106-3",137,176417,77.7,65.2,91.8,6.6
,"Louisiana","22","2020","2020","Urinary Bladder, invasive and in situ","29010","70-74 years","70-74","Black or African American","2054-5",30,50884,59.0,39.8,84.2,10.8
,"Louisiana","22","2020","2020","Urinary Bladder, invasive and in situ","29010","70-74 years","70-74","White","2106-3",159,143883,110.5,94.0,129.1,8.8
,"Louisiana","22","2020","2020","Urinary Bladder, invasive and in situ","29010","75-79 years","75-79","Black or African American","2054-5",25,29927,83.5,54.1,123.3,16.7
,"Louisiana","22","2020","2020","Urinary Bladder, invasive and in situ","29010","75-79 years","75-79","White","2106-3",143,96314,148.5,125.1,174.9,12.4
,"Louisiana","22","2020","2020","Urinary Bladder, invasive and in situ","29010","80-84 years","80-84","White","2106-3",107,61651,173.6,142.2,209.7,16.8
,"Louisiana","22","2020","2020","Urinary Bladder, invasive and in situ","29010","85+ years","85+","Black or African American","2054-5",18,15979,112.6,66.8,178.0,26.6
,"Louisiana","22","2020","2020","Urinary Bladder, invasive and in situ","29010","85+ years","85+","White","2106-3",80,56386,141.9,112.5,176.6,15.9
,"Maine","23","2020","2020","Breast","26000","35-39 years","35-39","White","2106-3",29,77818,37.3,25.0,53.5,6.9
,"Maine","23","2020","2020","Breast","26000","40-44 years","40-44","White","2106-3",44,74304,59.2,43.0,79.5,8.9
,"Maine","23","2020","2020","Breast","26000","45-49 years","45-49","White","2106-3",77,78467,98.1,77.4,122.6,11.2
,"Maine","23","2020","2020","Breast","26000","50-54 years","50-54","White","2106-3",96,88779,108.1,87.6,132.0,11.0
,"Maine","23","2020","2020","Breast","26000","55-59 years","55-59","White","2106-3",152,103610,146.7,124.3,172.0,11.9
,"Maine","23","2020","2020","Breast","26000","60-64 years ","60-64","White","2106-3",167,105491,158.3,135.2,184.2,12.3
,"Maine","23","2020","2020","Breast","26000","65-69 years","65-69","White","2106-3",201,95301,210.9,182.8,242.2,14.9
,"Maine","23","2020","2020","Breast","26000","70-74 years","70-74","White","2106-3",203,78100,259.9,225.4,298.2,18.2
,"Maine","23","2020","2020","Breast","26000","75-79 years","75-79","White","2106-3",123,50195,245.0,203.7,292.4,22.1
,"Maine","23","2020","2020","Breast","26000","80-84 years","80-84","White","2106-3",73,31108,234.7,183.9,295.1,27.5
,"Maine","23","2020","2020","Breast","26000","85+ years","85+","White","2106-3",68,31039,219.1,170.1,277.7,26.6
,"Maine","23","2020","2020","Kidney and Renal Pelvis","29020","50-54 years","50-54","White","2106-3",21,88779,23.7,14.6,36.2,5.2
,"Maine","23","2020","2020","Kidney and Renal Pelvis","29020","55-59 years","55-59","White","2106-3",47,103610,45.4,33.3,60.3,6.6
,"Maine","23","2020","2020","Kidney and Renal Pelvis","29020","60-64 years ","60-64","White","2106-3",38,105491,36.0,25.5,49.4,5.8
,"Maine","23","2020","2020","Kidney and Renal Pelvis","29020","65-69 years","65-69","White","2106-3",63,95301,66.1,50.8,84.6,8.3
,"Maine","23","2020","2020","Kidney and Renal Pelvis","29020","70-74 years","70-74","White","2106-3",71,78100,90.9,71.0,114.7,10.8
,"Maine","23","2020","2020","Kidney and Renal Pelvis","29020","75-79 years","75-79","White","2106-3",32,50195,63.8,43.6,90.0,11.3
,"Maine","23","2020","2020","Kidney and Renal Pelvis","29020","80-84 years","80-84","White","2106-3",23,31108,73.9,46.9,110.9,15.4
,"Maine","23","2020","2020","Kidney and Renal Pelvis","29020","85+ years","85+","White","2106-3",16,31039,51.5,29.5,83.7,12.9
,"Maine","23","2020","2020","Liver","21071","60-64 years ","60-64","White","2106-3",19,105491,18.0,10.8,28.1,4.1
,"Maine","23","2020","2020","Liver","21071","65-69 years","65-69","White","2106-3",21,95301,22.0,13.6,33.7,4.8
,"Maine","23","2020","2020","Liver","21071","75-79 years","75-79","White","2106-3",16,50195,31.9,18.2,51.8,8.0
,"Maine","23","2020","2020","Lung and Bronchus","22030","45-49 years","45-49","White","2106-3",18,78467,22.9,13.6,36.3,5.4
,"Maine","23","2020","2020","Lung and Bronchus","22030","50-54 years","50-54","White","2106-3",49,88779,55.2,40.8,73.0,7.9
,"Maine","23","2020","2020","Lung and Bronchus","22030","55-59 years","55-59","White","2106-3",111,103610,107.1,88.1,129.0,10.2
,"Maine","23","2020","2020","Lung and Bronchus","22030","60-64 years ","60-64","White","2106-3",224,105491,212.3,185.4,242.0,14.2
,"Maine","23","2020","2020","Lung and Bronchus","22030","65-69 years","65-69","White","2106-3",229,95301,240.3,210.2,273.5,15.9
,"Maine","23","2020","2020","Lung and Bronchus","22030","70-74 years","70-74","White","2106-3",299,78100,382.8,340.7,428.8,22.1
,"Maine","23","2020","2020","Lung and Bronchus","22030","75-79 years","75-79","White","2106-3",245,50195,488.1,428.9,553.2,31.2
,"Maine","23","2020","2020","Lung and Bronchus","22030","80-84 years","80-84","White","2106-3",148,31108,475.8,402.2,558.9,39.1
,"Maine","23","2020","2020","Lung and Bronchus","22030","85+ years","85+","White","2106-3",97,31039,312.5,253.4,381.2,31.7
,"Maine","23","2020","2020","Prostate","28010","50-54 years","50-54","White","2106-3",40,43814,91.3,65.2,124.3,14.4
,"Maine","23","2020","2020","Prostate","28010","55-59 years","55-59","White","2106-3",97,50901,190.6,154.5,232.5,19.3
,"Maine","23","2020","2020","Prostate","28010","60-64 years ","60-64","White","2106-3",185,51203,361.3,311.1,417.3,26.6
,"Maine","23","2020","2020","Prostate","28010","65-69 years","65-69","White","2106-3",248,46003,539.1,474.1,610.5,34.2
,"Maine","23","2020","2020","Prostate","28010","70-74 years","70-74","White","2106-3",224,37788,592.8,517.7,675.7,39.6
,"Maine","23","2020","2020","Prostate","28010","75-79 years","75-79","White","2106-3",123,23492,523.6,435.1,624.7,47.2
,"Maine","23","2020","2020","Prostate","28010","80-84 years","80-84","White","2106-3",68,13468,504.9,392.1,640.1,61.2
,"Maine","23","2020","2020","Prostate","28010","85+ years","85+","White","2106-3",56,11068,506.0,382.2,657.0,67.6
,"Maine","23","2020","2020","Urinary Bladder, invasive and in situ","29010","50-54 years","50-54","White","2106-3",21,88779,23.7,14.6,36.2,5.2
,"Maine","23","2020","2020","Urinary Bladder, invasive and in situ","29010","55-59 years","55-59","White","2106-3",42,103610,40.5,29.2,54.8,6.3
,"Maine","23","2020","2020","Urinary Bladder, invasive and in situ","29010","60-64 years ","60-64","White","2106-3",69,105491,65.4,50.9,82.8,7.9
,"Maine","23","2020","2020","Urinary Bladder, invasive and in situ","29010","65-69 years","65-69","White","2106-3",75,95301,78.7,61.9,98.6,9.1
,"Maine","23","2020","2020","Urinary Bladder, invasive and in situ","29010","70-74 years","70-74","White","2106-3",114,78100,146.0,120.4,175.4,13.7
,"Maine","23","2020","2020","Urinary Bladder, invasive and in situ","29010","75-79 years","75-79","White","2106-3",102,50195,203.2,165.7,246.7,20.1
,"Maine","23","2020","2020","Urinary Bladder, invasive and in situ","29010","80-84 years","80-84","White","2106-3",77,31108,247.5,195.3,309.4,28.2
,"Maine","23","2020","2020","Urinary Bladder, invasive and in situ","29010","85+ years","85+","White","2106-3",71,31039,228.7,178.7,288.5,27.1
,"Maryland","24","2020","2020","Breast","26000","30-34 years","30-34","Black or African American","2054-5",25,146177,17.1,11.1,25.2,3.4
,"Maryland","24","2020","2020","Breast","26000","30-34 years","30-34","White","2106-3",48,244099,19.7,14.5,26.1,2.8
,"Maryland","24","2020","2020","Breast","26000","35-39 years","35-39","Black or African American","2054-5",62,137575,45.1,34.6,57.8,5.7
,"Maryland","24","2020","2020","Breast","26000","35-39 years","35-39","White","2106-3",82,247769,33.1,26.3,41.1,3.7
,"Maryland","24","2020","2020","Breast","26000","40-44 years","40-44","Asian or Pacific Islander","A-PI",19,35846,53.0,31.9,82.8,12.2
,"Maryland","24","2020","2020","Breast","26000","40-44 years","40-44","Black or African American","2054-5",86,129275,66.5,53.2,82.2,7.2
,"Maryland","24","2020","2020","Breast","26000","40-44 years","40-44","White","2106-3",157,224751,69.9,59.4,81.7,5.6
,"Maryland","24","2020","2020","Breast","26000","45-49 years","45-49","Asian or Pacific Islander","A-PI",33,34697,95.1,65.5,133.6,16.6
,"Maryland","24","2020","2020","Breast","26000","45-49 years","45-49","Black or African American","2054-5",113,127141,88.9,73.2,106.9,8.4
,"Maryland","24","2020","2020","Breast","26000","45-49 years","45-49","White","2106-3",224,220741,101.5,88.6,115.7,6.8
,"Maryland","24","2020","2020","Breast","26000","50-54 years","50-54","Asian or Pacific Islander","A-PI",36,30935,116.4,81.5,161.1,19.4
,"Maryland","24","2020","2020","Breast","26000","50-54 years","50-54","Black or African American","2054-5",157,136390,115.1,97.8,134.6,9.2
,"Maryland","24","2020","2020","Breast","26000","50-54 years","50-54","White","2106-3",306,245431,124.7,111.1,139.5,7.1
,"Maryland","24","2020","2020","Breast","26000","55-59 years","55-59","Asian or Pacific Islander","A-PI",33,27771,118.8,81.8,166.9,20.7
,"Maryland","24","2020","2020","Breast","26000","55-59 years","55-59","Black or African American","2054-5",209,138533,150.9,131.1,172.8,10.4
,"Maryland","24","2020","2020","Breast","26000","55-59 years","55-59","White","2106-3",384,271332,141.5,127.7,156.4,7.2
,"Maryland","24","2020","2020","Breast","26000","60-64 years ","60-64","Asian or Pacific Islander","A-PI",35,24381,143.6,100.0,199.6,24.3
,"Maryland","24","2020","2020","Breast","26000","60-64 years ","60-64","Black or African American","2054-5",220,120490,182.6,159.3,208.4,12.3
,"Maryland","24","2020","2020","Breast","26000","60-64 years ","60-64","White","2106-3",462,252960,182.6,166.4,200.1,8.5
,"Maryland","24","2020","2020","Breast","26000","65-69 years","65-69","Asian or Pacific Islander","A-PI",38,19412,195.8,138.5,268.7,31.8
,"Maryland","24","2020","2020","Breast","26000","65-69 years","65-69","Black or African American","2054-5",228,92575,246.3,215.4,280.4,16.3
,"Maryland","24","2020","2020","Breast","26000","65-69 years","65-69","White","2106-3",420,211196,198.9,180.3,218.8,9.7
,"Maryland","24","2020","2020","Breast","26000","70-74 years","70-74","Asian or Pacific Islander","A-PI",25,15497,161.3,104.4,238.1,32.3
,"Maryland","24","2020","2020","Breast","26000","70-74 years","70-74","Black or African American","2054-5",193,69784,276.6,238.9,318.5,19.9
,"Maryland","24","2020","2020","Breast","26000","70-74 years","70-74","White","2106-3",447,173450,257.7,234.4,282.7,12.2
,"Maryland","24","2020","2020","Breast","26000","75-79 years","75-79","Black or African American","2054-5",145,42562,340.7,287.5,400.9,28.3
,"Maryland","24","2020","2020","Breast","26000","75-79 years","75-79","White","2106-3",313,118422,264.3,235.8,295.3,14.9
,"Maryland","24","2020","2020","Breast","26000","80-84 years","80-84","Black or African American","2054-5",69,25789,267.6,208.2,338.6,32.2
,"Maryland","24","2020","2020","Breast","26000","80-84 years","80-84","White","2106-3",211,74258,284.1,247.1,325.2,19.6
,"Maryland","24","2020","2020","Breast","26000","85+ years","85+","Black or African American","2054-5",51,22760,224.1,166.8,294.6,31.4
,"Maryland","24","2020","2020","Breast","26000","85+ years","85+","White","2106-3",216,80830,267.2,232.8,305.3,18.2
,"Maryland","24","2020","2020","Kidney and Renal Pelvis","29020","40-44 years","40-44","White","2106-3",21,224751,9.3,5.8,14.3,2.0
,"Maryland","24","2020","2020","Kidney and Renal Pelvis","29020","45-49 years","45-49","Black or African American","2054-5",19,127141,14.9,9.0,23.3,3.4
,"Maryland","24","2020","2020","Kidney and Renal Pelvis","29020","45-49 years","45-49","White","2106-3",30,220741,13.6,9.2,19.4,2.5
,"Maryland","24","2020","2020","Kidney and Renal Pelvis","29020","50-54 years","50-54","Black or African American","2054-5",24,136390,17.6,11.3,26.2,3.6
,"Maryland","24","2020","2020","Kidney and Renal Pelvis","29020","50-54 years","50-54","White","2106-3",35,245431,14.3,9.9,19.8,2.4
,"Maryland","24","2020","2020","Kidney and Renal Pelvis","29020","55-59 years","55-59","Black or African American","2054-5",49,138533,35.4,26.2,46.8,5.1
,"Maryland","24","2020","2020","Kidney and Renal Pelvis","29020","55-59 years","55-59","White","2106-3",74,271332,27.3,21.4,34.2,3.2
,"Maryland","24","2020","2020","Kidney and Renal Pelvis","29020","60-64 years ","60-64","Black or African American","2054-5",52,120490,43.2,32.2,56.6,6.0
,"Maryland","24","2020","2020","Kidney and Renal Pelvis","29020","60-64 years ","60-64","White","2106-3",95,252960,37.6,30.4,45.9,3.9
,"Maryland","24","2020","2020","Kidney and Renal Pelvis","29020","65-69 years","65-69","Black or African American","2054-5",54,92575,58.3,43.8,76.1,7.9
,"Maryland","24","2020","2020","Kidney and Renal Pelvis","29020","65-69 years","65-69","White","2106-3",105,211196,49.7,40.7,60.2,4.9
,"Maryland","24","2020","2020","Kidney and Renal Pelvis","29020","70-74 years","70-74","Black or African American","2054-5",48,69784,68.8,50.7,91.2,9.9
,"Maryland","24","2020","2020","Kidney and Renal Pelvis","29020","70-74 years","70-74","White","2106-3",95,173450,54.8,44.3,67.0,5.6
,"Maryland","24","2020","2020","Kidney and Renal Pelvis","29020","75-79 years","75-79","Black or African American","2054-5",40,42562,94.0,67.1,128.0,14.9
,"Maryland","24","2020","2020","Kidney and Renal Pelvis","29020","75-79 years","75-79","White","2106-3",53,118422,44.8,33.5,58.5,6.1
,"Maryland","24","2020","2020","Kidney and Renal Pelvis","29020","80-84 years","80-84","White","2106-3",35,74258,47.1,32.8,65.6,8.0
,"Maryland","24","2020","2020","Kidney and Renal Pelvis","29020","85+ years","85+","Black or African American","2054-5",25,22760,109.8,71.1,162.1,22.0
,"Maryland","24","2020","2020","Kidney and Renal Pelvis","29020","85+ years","85+","White","2106-3",44,80830,54.4,39.6,73.1,8.2
,"Maryland","24","2020","2020","Liver","21071","55-59 years","55-59","Black or African American","2054-5",25,138533,18.0,11.7,26.6,3.6
,"Maryland","24","2020","2020","Liver","21071","55-59 years","55-59","White","2106-3",30,271332,11.1,7.5,15.8,2.0
,"Maryland","24","2020","2020","Liver","21071","60-64 years ","60-64","Black or African American","2054-5",44,120490,36.5,26.5,49.0,5.5
,"Maryland","24","2020","2020","Liver","21071","60-64 years ","60-64","White","2106-3",56,252960,22.1,16.7,28.7,3.0
,"Maryland","24","2020","2020","Liver","21071","65-69 years","65-69","Black or African American","2054-5",59,92575,63.7,48.5,82.2,8.3
,"Maryland","24","2020","2020","Liver","21071","65-69 years","65-69","White","2106-3",40,211196,18.9,13.5,25.8,3.0
,"Maryland","24","2020","2020","Liver","21071","70-74 years","70-74","Black or African American","2054-5",37,69784,53.0,37.3,73.1,8.7
,"Maryland","24","2020","2020","Liver","21071","70-74 years","70-74","White","2106-3",40,173450,23.1,16.5,31.4,3.6
,"Maryland","24","2020","2020","Liver","21071","75-79 years","75-79","White","2106-3",33,118422,27.9,19.2,39.1,4.9
,"Maryland","24","2020","2020","Liver","21071","80-84 years","80-84","White","2106-3",16,74258,21.5,12.3,35.0,5.4
,"Maryland","24","2020","2020","Liver","21071","85+ years","85+","White","2106-3",18,80830,22.3,13.2,35.2,5.2
,"Maryland","24","2020","2020","Lung and Bronchus","22030","45-49 years","45-49","White","2106-3",25,220741,11.3,7.3,16.7,2.3
,"Maryland","24","2020","2020","Lung and Bronchus","22030","50-54 years","50-54","Black or African American","2054-5",43,136390,31.5,22.8,42.5,4.8
,"Maryland","24","2020","2020","Lung and Bronchus","22030","50-54 years","50-54","White","2106-3",88,245431,35.9,28.8,44.2,3.8
,"Maryland","24","2020","2020","Lung and Bronchus","22030","55-59 years","55-59","Black or African American","2054-5",84,138533,60.6,48.4,75.1,6.6
,"Maryland","24","2020","2020","Lung and Bronchus","22030","55-59 years","55-59","White","2106-3",199,271332,73.3,63.5,84.3,5.2
,"Maryland","24","2020","2020","Lung and Bronchus","22030","60-64 years ","60-64","Asian or Pacific Islander","A-PI",19,24381,77.9,46.9,121.7,17.9
,"Maryland","24","2020","2020","Lung and Bronchus","22030","60-64 years ","60-64","Black or African American","2054-5",145,120490,120.3,101.6,141.6,10.0
,"Maryland","24","2020","2020","Lung and Bronchus","22030","60-64 years ","60-64","White","2106-3",340,252960,134.4,120.5,149.5,7.3
,"Maryland","24","2020","2020","Lung and Bronchus","22030","65-69 years","65-69","Black or African American","2054-5",182,92575,196.6,169.1,227.3,14.6
,"Maryland","24","2020","2020","Lung and Bronchus","22030","65-69 years","65-69","White","2106-3",405,211196,191.8,173.5,211.4,9.5
,"Maryland","24","2020","2020","Lung and Bronchus","22030","70-74 years","70-74","Asian or Pacific Islander","A-PI",19,15497,122.6,73.8,191.5,28.1
,"Maryland","24","2020","2020","Lung and Bronchus","22030","70-74 years","70-74","Black or African American","2054-5",140,69784,200.6,168.8,236.7,17.0
,"Maryland","24","2020","2020","Lung and Bronchus","22030","70-74 years","70-74","White","2106-3",511,173450,294.6,269.6,321.3,13.0
,"Maryland","24","2020","2020","Lung and Bronchus","22030","75-79 years","75-79","Black or African American","2054-5",132,42562,310.1,259.5,367.8,27.0
,"Maryland","24","2020","2020","Lung and Bronchus","22030","75-79 years","75-79","White","2106-3",394,118422,332.7,300.7,367.2,16.8
,"Maryland","24","2020","2020","Lung and Bronchus","22030","80-84 years","80-84","Asian or Pacific Islander","A-PI",16,6779,236.0,134.9,383.3,59.0
,"Maryland","24","2020","2020","Lung and Bronchus","22030","80-84 years","80-84","Black or African American","2054-5",79,25789,306.3,242.5,381.8,34.5
,"Maryland","24","2020","2020","Lung and Bronchus","22030","80-84 years","80-84","White","2106-3",266,74258,358.2,316.5,403.9,22.0
,"Maryland","24","2020","2020","Lung and Bronchus","22030","85+ years","85+","Black or African American","2054-5",77,22760,338.3,267.0,422.8,38.6
,"Maryland","24","2020","2020","Lung and Bronchus","22030","85+ years","85+","White","2106-3",239,80830,295.7,259.4,335.6,19.1
,"Maryland","24","2020","2020","Prostate","28010","45-49 years","45-49","Black or African American","2054-5",47,58632,80.2,58.9,106.6,11.7
,"Maryland","24","2020","2020","Prostate","28010","45-49 years","45-49","White","2106-3",25,111346,22.5,14.5,33.1,4.5
,"Maryland","24","2020","2020","Prostate","28010","50-54 years","50-54","Black or African American","2054-5",137,62722,218.4,183.4,258.2,18.7
,"Maryland","24","2020","2020","Prostate","28010","50-54 years","50-54","White","2106-3",111,122679,90.5,74.4,109.0,8.6
,"Maryland","24","2020","2020","Prostate","28010","55-59 years","55-59","Black or African American","2054-5",294,63498,463.0,411.6,519.1,27.0
,"Maryland","24","2020","2020","Prostate","28010","55-59 years","55-59","White","2106-3",275,135173,203.4,180.1,229.0,12.3
,"Maryland","24","2020","2020","Prostate","28010","55-59 years","55-59","Other Races and Unknown combined","2131-1",18,Not Applicable,Not Applicable,Not Applicable,Not Applicable,Not Applicable
,"Maryland","24","2020","2020","Prostate","28010","60-64 years ","60-64","Asian or Pacific Islander","A-PI",26,11425,227.6,148.7,333.4,44.6
,"Maryland","24","2020","2020","Prostate","28010","60-64 years ","60-64","Black or African American","2054-5",370,54012,685.0,617.0,758.5,35.6
,"Maryland","24","2020","2020","Prostate","28010","60-64 years ","60-64","White","2106-3",476,125256,380.0,346.6,415.7,17.4
,"Maryland","24","2020","2020","Prostate","28010","60-64 years ","60-64","Other Races and Unknown combined","2131-1",23,Not Applicable,Not Applicable,Not Applicable,Not Applicable,Not Applicable
,"Maryland","24","2020","2020","Prostate","28010","65-69 years","65-69","Asian or Pacific Islander","A-PI",31,8776,353.2,240.0,501.4,63.4
,"Maryland","24","2020","2020","Prostate","28010","65-69 years","65-69","Black or African American","2054-5",375,39003,961.5,866.6,1063.9,49.6
,"Maryland","24","2020","2020","Prostate","28010","65-69 years","65-69","White","2106-3",623,102069,610.4,563.4,660.2,24.5
,"Maryland","24","2020","2020","Prostate","28010","65-69 years","65-69","Other Races and Unknown combined","2131-1",32,Not Applicable,Not Applicable,Not Applicable,Not Applicable,Not Applicable
,"Maryland","24","2020","2020","Prostate","28010","70-74 years","70-74","Asian or Pacific Islander","A-PI",22,6948,316.6,198.4,479.4,67.5
,"Maryland","24","2020","2020","Prostate","28010","70-74 years","70-74","Black or African American","2054-5",252,28401,887.3,781.1,1003.9,55.9
,"Maryland","24","2020","2020","Prostate","28010","70-74 years","70-74","White","2106-3",558,81918,681.2,625.8,740.1,28.8
,"Maryland","24","2020","2020","Prostate","28010","70-74 years","70-74","Other Races and Unknown combined","2131-1",21,Not Applicable,Not Applicable,Not Applicable,Not Applicable,Not Applicable
,"Maryland","24","2020","2020","Prostate","28010","75-79 years","75-79","Asian or Pacific Islander","A-PI",16,4669,342.7,195.9,556.5,85.7
,"Maryland","24","2020","2020","Prostate","28010","75-79 years","75-79","Black or African American","2054-5",146,16741,872.1,736.4,1025.6,72.2
,"Maryland","24","2020","2020","Prostate","28010","75-79 years","75-79","White","2106-3",327,53451,611.8,547.3,681.8,33.8
,"Maryland","24","2020","2020","Prostate","28010","75-79 years","75-79","Other Races and Unknown combined","2131-1",17,Not Applicable,Not Applicable,Not Applicable,Not Applicable,Not Applicable
,"Maryland","24","2020","2020","Prostate","28010","80-84 years","80-84","Black or African American","2054-5",64,9594,667.1,513.7,851.8,83.4
,"Maryland","24","2020","2020","Prostate","28010","80-84 years","80-84","White","2106-3",155,31549,491.3,417.0,575.0,39.5
,"Maryland","24","2020","2020","Prostate","28010","85+ years","85+","Black or African American","2054-5",38,6817,557.4,394.5,765.1,90.4
,"Maryland","24","2020","2020","Prostate","28010","85+ years","85+","White","2106-3",124,28653,432.8,360.0,516.0,38.9
,"Maryland","24","2020","2020","Urinary Bladder, invasive and in situ","29010","50-54 years","50-54","White","2106-3",18,245431,7.3,4.3,11.6,1.7
,"Maryland","24","2020","2020","Urinary Bladder, invasive and in situ","29010","55-59 years","55-59","Black or African American","2054-5",24,138533,17.3,11.1,25.8,3.5
,"Maryland","24","2020","2020","Urinary Bladder, invasive and in situ","29010","55-59 years","55-59","White","2106-3",41,271332,15.1,10.8,20.5,2.4
,"Maryland","24","2020","2020","Urinary Bladder, invasive and in situ","29010","60-64 years ","60-64","Black or African American","2054-5",27,120490,22.4,14.8,32.6,4.3
,"Maryland","24","2020","2020","Urinary Bladder, invasive and in situ","29010","60-64 years ","60-64","White","2106-3",84,252960,33.2,26.5,41.1,3.6
,"Maryland","24","2020","2020","Urinary Bladder, invasive and in situ","29010","65-69 years","65-69","Black or African American","2054-5",31,92575,33.5,22.8,47.5,6.0
,"Maryland","24","2020","2020","Urinary Bladder, invasive and in situ","29010","65-69 years","65-69","White","2106-3",98,211196,46.4,37.7,56.5,4.7
,"Maryland","24","2020","2020","Urinary Bladder, invasive and in situ","29010","70-74 years","70-74","Black or African American","2054-5",31,69784,44.4,30.2,63.1,8.0
,"Maryland","24","2020","2020","Urinary Bladder, invasive and in situ","29010","70-74 years","70-74","White","2106-3",114,173450,65.7,54.2,79.0,6.2
,"Maryland","24","2020","2020","Urinary Bladder, invasive and in situ","29010","75-79 years","75-79","Black or African American","2054-5",28,42562,65.8,43.7,95.1,12.4
,"Maryland","24","2020","2020","Urinary Bladder, invasive and in situ","29010","75-79 years","75-79","White","2106-3",126,118422,106.4,88.6,126.7,9.5
,"Maryland","24","2020","2020","Urinary Bladder, invasive and in situ","29010","80-84 years","80-84","Black or African American","2054-5",20,25789,77.6,47.4,119.8,17.3
,"Maryland","24","2020","2020","Urinary Bladder, invasive and in situ","29010","80-84 years","80-84","White","2106-3",105,74258,141.4,115.7,171.2,13.8
,"Maryland","24","2020","2020","Urinary Bladder, invasive and in situ","29010","85+ years","85+","Black or African American","2054-5",28,22760,123.0,81.7,177.8,23.2
,"Maryland","24","2020","2020","Urinary Bladder, invasive and in situ","29010","85+ years","85+","White","2106-3",141,80830,174.4,146.8,205.7,14.7
,"Massachusetts","25","2020","2020","Breast","26000","25-29 years","25-29","White","2106-3",23,384514,6.0,3.8,9.0,1.2
,"Massachusetts","25","2020","2020","Breast","26000","30-34 years","30-34","White","2106-3",67,389412,17.2,13.3,21.9,2.1
,"Massachusetts","25","2020","2020","Breast","26000","35-39 years","35-39","Black or African American","2054-5",18,49590,36.3,21.5,57.4,8.6
,"Massachusetts","25","2020","2020","Breast","26000","35-39 years","35-39","White","2106-3",103,362581,28.4,23.2,34.5,2.8
,"Massachusetts","25","2020","2020","Breast","26000","40-44 years","40-44","Asian or Pacific Islander","A-PI",29,41851,69.3,46.4,99.5,12.9
,"Massachusetts","25","2020","2020","Breast","26000","40-44 years","40-44","Black or African American","2054-5",43,45182,95.2,68.9,128.2,14.5
,"Massachusetts","25","2020","2020","Breast","26000","40-44 years","40-44","White","2106-3",241,331842,72.6,63.7,82.4,4.7
,"Massachusetts","25","2020","2020","Breast","26000","40-44 years","40-44","Other Races and Unknown combined","2131-1",18,Not Applicable,Not Applicable,Not Applicable,Not Applicable,Not Applicable
,"Massachusetts","25","2020","2020","Breast","26000","45-49 years","45-49","Asian or Pacific Islander","A-PI",42,38846,108.1,77.9,146.1,16.7
,"Massachusetts","25","2020","2020","Breast","26000","45-49 years","45-49","Black or African American","2054-5",34,41344,82.2,57.0,114.9,14.1
,"Massachusetts","25","2020","2020","Breast","26000","45-49 years","45-49","White","2106-3",378,344912,109.6,98.8,121.2,5.6
,"Massachusetts","25","2020","2020","Breast","26000","45-49 years","45-49","Other Races and Unknown combined","2131-1",20,Not Applicable,Not Applicable,Not Applicable,Not Applicable,Not Applicable
,"Massachusetts","25","2020","2020","Breast","26000","50-54 years","50-54","Asian or Pacific Islander","A-PI",28,32330,86.6,57.5,125.2,16.4
,"Massachusetts","25","2020","2020","Breast","26000","50-54 years","50-54","Black or African American","2054-5",31,41167,75.3,51.2,106.9,13.5
,"Massachusetts","25","2020","2020","Breast","26000","50-54 years","50-54","White","2106-3",440,394973,111.4,101.2,122.3,5.3
,"Massachusetts","25","2020","2020","Breast","26000","55-59 years","55-59","Asian or Pacific Islander","A-PI",26,27800,93.5,61.1,137.0,18.3
,"Massachusetts","25","2020","2020","Breast","26000","55-59 years","55-59","Black or African American","2054-5",44,39277,112.0,81.4,150.4,16.9
,"Massachusetts","25","2020","2020","Breast","26000","55-59 years","55-59","White","2106-3",567,434060,130.6,120.1,141.8,5.5
,"Massachusetts","25","2020","2020","Breast","26000","55-59 years","55-59","Other Races and Unknown combined","2131-1",26,Not Applicable,Not Applicable,Not Applicable,Not Applicable,Not Applicable
,"Massachusetts","25","2020","2020","Breast","26000","60-64 years ","60-64","Asian or Pacific Islander","A-PI",19,23029,82.5,49.7,128.8,18.9
,"Massachusetts","25","2020","2020","Breast","26000","60-64 years ","60-64","Black or African American","2054-5",46,33328,138.0,101.0,184.1,20.4
,"Massachusetts","25","2020","2020","Breast","26000","60-64 years ","60-64","White","2106-3",640,410743,155.8,144.0,168.4,6.2
,"Massachusetts","25","2020","2020","Breast","26000","65-69 years","65-69","Asian or Pacific Islander","A-PI",20,17897,111.8,68.3,172.6,25.0
,"Massachusetts","25","2020","2020","Breast","26000","65-69 years","65-69","Black or African American","2054-5",45,24758,181.8,132.6,243.2,27.1
,"Massachusetts","25","2020","2020","Breast","26000","65-69 years","65-69","White","2106-3",724,346837,208.7,193.8,224.5,7.8
,"Massachusetts","25","2020","2020","Breast","26000","65-69 years","65-69","Other Races and Unknown combined","2131-1",18,Not Applicable,Not Applicable,Not Applicable,Not Applicable,Not Applicable
,"Massachusetts","25","2020","2020","Breast","26000","70-74 years","70-74","Asian or Pacific Islander","A-PI",17,13078,130.0,75.7,208.1,31.5
,"Massachusetts","25","2020","2020","Breast","26000","70-74 years","70-74","Black or African American","2054-5",30,17379,172.6,116.5,246.4,31.5
,"Massachusetts","25","2020","2020","Breast","26000","70-74 years","70-74","White","2106-3",753,283036,266.0,247.4,285.7,9.7
,"Massachusetts","25","2020","2020","Breast","26000","75-79 years","75-79","Black or African American","2054-5",19,10878,174.7,105.2,272.8,40.1
,"Massachusetts","25","2020","2020","Breast","26000","75-79 years","75-79","White","2106-3",483,186416,259.1,236.5,283.3,11.8
,"Massachusetts","25","2020","2020","Breast","26000","80-84 years","80-84","White","2106-3",314,117837,266.5,237.8,297.6,15.0
,"Massachusetts","25","2020","2020","Breast","26000","85+ years","85+","White","2106-3",278,131706,211.1,187.0,237.4,12.7
,"Massachusetts","25","2020","2020","Kidney and Renal Pelvis","29020","35-39 years","35-39","White","2106-3",16,362581,4.4,2.5,7.2,1.1
,"Massachusetts","25","2020","2020","Kidney and Renal Pelvis","29020","40-44 years","40-44","White","2106-3",31,331842,9.3,6.3,13.3,1.7
,"Massachusetts","25","2020","2020","Kidney and Renal Pelvis","29020","45-49 years","45-49","White","2106-3",47,344912,13.6,10.0,18.1,2.0
,"Massachusetts","25","2020","2020","Kidney and Renal Pelvis","29020","50-54 years","50-54","White","2106-3",93,394973,23.5,19.0,28.8,2.4
,"Massachusetts","25","2020","2020","Kidney and Renal Pelvis","29020","55-59 years","55-59","White","2106-3",125,434060,28.8,24.0,34.3,2.6
,"Massachusetts","25","2020","2020","Kidney and Renal Pelvis","29020","60-64 years ","60-64","White","2106-3",172,410743,41.9,35.9,48.6,3.2
,"Massachusetts","25","2020","2020","Kidney and Renal Pelvis","29020","65-69 years","65-69","White","2106-3",171,346837,49.3,42.2,57.3,3.8
,"Massachusetts","25","2020","2020","Kidney and Renal Pelvis","29020","70-74 years","70-74","White","2106-3",163,283036,57.6,49.1,67.1,4.5
,"Massachusetts","25","2020","2020","Kidney and Renal Pelvis","29020","75-79 years","75-79","White","2106-3",143,186416,76.7,64.7,90.4,6.4
,"Massachusetts","25","2020","2020","Kidney and Renal Pelvis","29020","80-84 years","80-84","White","2106-3",83,117837,70.4,56.1,87.3,7.7
,"Massachusetts","25","2020","2020","Kidney and Renal Pelvis","29020","85+ years","85+","White","2106-3",76,131706,57.7,45.5,72.2,6.6
,"Massachusetts","25","2020","2020","Liver","21071","50-54 years","50-54","White","2106-3",16,394973,4.1,2.3,6.6,1.0
,"Massachusetts","25","2020","2020","Liver","21071","55-59 years","55-59","White","2106-3",47,434060,10.8,8.0,14.4,1.6
,"Massachusetts","25","2020","2020","Liver","21071","60-64 years ","60-64","Black or African American","2054-5",16,33328,48.0,27.4,78.0,12.0
,"Massachusetts","25","2020","2020","Liver","21071","60-64 years ","60-64","White","2106-3",68,410743,16.6,12.9,21.0,2.0
,"Massachusetts","25","2020","2020","Liver","21071","65-69 years","65-69","White","2106-3",91,346837,26.2,21.1,32.2,2.8
,"Massachusetts","25","2020","2020","Liver","21071","70-74 years","70-74","White","2106-3",76,283036,26.9,21.2,33.6,3.1
,"Massachusetts","25","2020","2020","Liver","21071","75-79 years","75-79","White","2106-3",52,186416,27.9,20.8,36.6,3.9
,"Massachusetts","25","2020","2020","Liver","21071","80-84 years","80-84","White","2106-3",38,117837,32.2,22.8,44.3,5.2
,"Massachusetts","25","2020","2020","Liver","21071","85+ years","85+","White","2106-3",21,131706,15.9,9.9,24.4,3.5
,"Massachusetts","25","2020","2020","Lung and Bronchus","22030","40-44 years","40-44","White","2106-3",19,331842,5.7,3.4,8.9,1.3
,"Massachusetts","25","2020","2020","Lung and Bronchus","22030","45-49 years","45-49","White","2106-3",47,344912,13.6,10.0,18.1,2.0
,"Massachusetts","25","2020","2020","Lung and Bronchus","22030","50-54 years","50-54","White","2106-3",130,394973,32.9,27.5,39.1,2.9
,"Massachusetts","25","2020","2020","Lung and Bronchus","22030","55-59 years","55-59","Asian or Pacific Islander","A-PI",22,27800,79.1,49.6,119.8,16.9
,"Massachusetts","25","2020","2020","Lung and Bronchus","22030","55-59 years","55-59","Black or African American","2054-5",33,39277,84.0,57.8,118.0,14.6
,"Massachusetts","25","2020","2020","Lung and Bronchus","22030","55-59 years","55-59","White","2106-3",358,434060,82.5,74.2,91.5,4.4
,"Massachusetts","25","2020","2020","Lung and Bronchus","22030","60-64 years ","60-64","Asian or Pacific Islander","A-PI",23,23029,99.9,63.3,149.9,20.8
,"Massachusetts","25","2020","2020","Lung and Bronchus","22030","60-64 years ","60-64","Black or African American","2054-5",31,33328,93.0,63.2,132.0,16.7
,"Massachusetts","25","2020","2020","Lung and Bronchus","22030","60-64 years ","60-64","White","2106-3",618,410743,150.5,138.8,162.8,6.1
,"Massachusetts","25","2020","2020","Lung and Bronchus","22030","65-69 years","65-69","Asian or Pacific Islander","A-PI",24,17897,134.1,85.9,199.5,27.4
,"Massachusetts","25","2020","2020","Lung and Bronchus","22030","65-69 years","65-69","Black or African American","2054-5",51,24758,206.0,153.4,270.8,28.8
,"Massachusetts","25","2020","2020","Lung and Bronchus","22030","65-69 years","65-69","White","2106-3",771,346837,222.3,206.9,238.6,8.0
,"Massachusetts","25","2020","2020","Lung and Bronchus","22030","70-74 years","70-74","Asian or Pacific Islander","A-PI",27,13078,206.5,136.1,300.4,39.7
,"Massachusetts","25","2020","2020","Lung and Bronchus","22030","70-74 years","70-74","Black or African American","2054-5",34,17379,195.6,135.5,273.4,33.6
,"Massachusetts","25","2020","2020","Lung and Bronchus","22030","70-74 years","70-74","White","2106-3",905,283036,319.7,299.3,341.3,10.6
,"Massachusetts","25","2020","2020","Lung and Bronchus","22030","75-79 years","75-79","Black or African American","2054-5",26,10878,239.0,156.1,350.2,46.9
,"Massachusetts","25","2020","2020","Lung and Bronchus","22030","75-79 years","75-79","White","2106-3",797,186416,427.5,398.4,458.3,15.1
,"Massachusetts","25","2020","2020","Lung and Bronchus","22030","80-84 years","80-84","Asian or Pacific Islander","A-PI",17,5807,292.8,170.5,468.7,71.0
,"Massachusetts","25","2020","2020","Lung and Bronchus","22030","80-84 years","80-84","Black or African American","2054-5",16,7147,223.9,128.0,363.5,56.0
,"Massachusetts","25","2020","2020","Lung and Bronchus","22030","80-84 years","80-84","White","2106-3",542,117837,460.0,422.0,500.4,19.8
,"Massachusetts","25","2020","2020","Lung and Bronchus","22030","85+ years","85+","White","2106-3",437,131706,331.8,301.4,364.4,15.9
,"Massachusetts","25","2020","2020","Prostate","28010","45-49 years","45-49","White","2106-3",26,169803,15.3,10.0,22.4,3.0
,"Massachusetts","25","2020","2020","Prostate","28010","50-54 years","50-54","Black or African American","2054-5",41,19576,209.4,150.3,284.1,32.7
,"Massachusetts","25","2020","2020","Prostate","28010","50-54 years","50-54","White","2106-3",159,194410,81.8,69.6,95.5,6.5
,"Massachusetts","25","2020","2020","Prostate","28010","55-59 years","55-59","Black or African American","2054-5",69,18889,365.3,284.2,462.3,44.0
,"Massachusetts","25","2020","2020","Prostate","28010","55-59 years","55-59","White","2106-3",466,213213,218.6,199.2,239.3,10.1
,"Massachusetts","25","2020","2020","Prostate","28010","55-59 years","55-59","Other Races and Unknown combined","2131-1",24,Not Applicable,Not Applicable,Not Applicable,Not Applicable,Not Applicable
,"Massachusetts","25","2020","2020","Prostate","28010","60-64 years ","60-64","Black or African American","2054-5",106,15600,679.5,556.3,821.8,66.0
,"Massachusetts","25","2020","2020","Prostate","28010","60-64 years ","60-64","White","2106-3",779,199960,389.6,362.7,417.9,14.0
,"Massachusetts","25","2020","2020","Prostate","28010","60-64 years ","60-64","Other Races and Unknown combined","2131-1",33,Not Applicable,Not Applicable,Not Applicable,Not Applicable,Not Applicable
,"Massachusetts","25","2020","2020","Prostate","28010","65-69 years","65-69","Asian or Pacific Islander","A-PI",23,8149,282.2,178.9,423.5,58.9
,"Massachusetts","25","2020","2020","Prostate","28010","65-69 years","65-69","Black or African American","2054-5",102,11050,923.1,752.7,1120.6,91.4
,"Massachusetts","25","2020","2020","Prostate","28010","65-69 years","65-69","White","2106-3",939,165118,568.7,532.9,606.3,18.6
,"Massachusetts","25","2020","2020","Prostate","28010","65-69 years","65-69","Other Races and Unknown combined","2131-1",29,Not Applicable,Not Applicable,Not Applicable,Not Applicable,Not Applicable
,"Massachusetts","25","2020","2020","Prostate","28010","70-74 years","70-74","Asian or Pacific Islander","A-PI",20,5932,337.2,205.9,520.7,75.4
,"Massachusetts","25","2020","2020","Prostate","28010","70-74 years","70-74","Black or African American","2054-5",68,7536,902.3,700.7,1143.9,109.4
,"Massachusetts","25","2020","2020","Prostate","28010","70-74 years","70-74","White","2106-3",854,131037,651.7,608.7,696.9,22.3
,"Massachusetts","25","2020","2020","Prostate","28010","75-79 years","75-79","Black or African American","2054-5",28,4313,649.2,431.4,938.3,122.7
,"Massachusetts","25","2020","2020","Prostate","28010","75-79 years","75-79","White","2106-3",470,82944,566.6,516.6,620.3,26.1
,"Massachusetts","25","2020","2020","Prostate","28010","80-84 years","80-84","White","2106-3",221,48335,457.2,398.9,521.6,30.8
,"Massachusetts","25","2020","2020","Prostate","28010","85+ years","85+","White","2106-3",180,43952,409.5,351.9,473.9,30.5
,"Massachusetts","25","2020","2020","Urinary Bladder, invasive and in situ","29010","40-44 years","40-44","White","2106-3",21,331842,6.3,3.9,9.7,1.4
,"Massachusetts","25","2020","2020","Urinary Bladder, invasive and in situ","29010","45-49 years","45-49","White","2106-3",17,344912,4.9,2.9,7.9,1.2
,"Massachusetts","25","2020","2020","Urinary Bladder, invasive and in situ","29010","50-54 years","50-54","White","2106-3",56,394973,14.2,10.7,18.4,1.9
,"Massachusetts","25","2020","2020","Urinary Bladder, invasive and in situ","29010","55-59 years","55-59","White","2106-3",112,434060,25.8,21.2,31.0,2.4
,"Massachusetts","25","2020","2020","Urinary Bladder, invasive and in situ","29010","60-64 years ","60-64","White","2106-3",182,410743,44.3,38.1,51.2,3.3
,"Massachusetts","25","2020","2020","Urinary Bladder, invasive and in situ","29010","65-69 years","65-69","White","2106-3",258,346837,74.4,65.6,84.0,4.6
,"Massachusetts","25","2020","2020","Urinary Bladder, invasive and in situ","29010","70-74 years","70-74","White","2106-3",294,283036,103.9,92.3,116.5,6.1
,"Massachusetts","25","2020","2020","Urinary Bladder, invasive and in situ","29010","75-79 years","75-79","White","2106-3",306,186416,164.1,146.3,183.6,9.4
,"Massachusetts","25","2020","2020","Urinary Bladder, invasive and in situ","29010","80-84 years","80-84","White","2106-3",212,117837,179.9,156.5,205.8,12.4
,"Massachusetts","25","2020","2020","Urinary Bladder, invasive and in situ","29010","85+ years","85+","White","2106-3",279,131706,211.8,187.7,238.2,12.7
,"Michigan","26","2020","2020","Breast","26000","25-29 years","25-29","White","2106-3",27,509223,5.3,3.5,7.7,1.0
,"Michigan","26","2020","2020","Breast","26000","30-34 years","30-34","Black or African American","2054-5",20,107797,18.6,11.3,28.7,4.1
,"Michigan","26","2020","2020","Breast","26000","30-34 years","30-34","White","2106-3",76,491708,15.5,12.2,19.3,1.8
,"Michigan","26","2020","2020","Breast","26000","35-39 years","35-39","Black or African American","2054-5",26,87933,29.6,19.3,43.3,5.8
,"Michigan","26","2020","2020","Breast","26000","35-39 years","35-39","White","2106-3",166,488028,34.0,29.0,39.6,2.6
,"Michigan","26","2020","2020","Breast","26000","40-44 years","40-44","Asian or Pacific Islander","A-PI",17,27578,61.6,35.9,98.7,15.0
,"Michigan","26","2020","2020","Breast","26000","40-44 years","40-44","Black or African American","2054-5",48,85855,55.9,41.2,74.1,8.1
,"Michigan","26","2020","2020","Breast","26000","40-44 years","40-44","White","2106-3",296,467383,63.3,56.3,71.0,3.7
,"Michigan","26","2020","2020","Breast","26000","45-49 years","45-49","Asian or Pacific Islander","A-PI",23,27872,82.5,52.3,123.8,17.2
,"Michigan","26","2020","2020","Breast","26000","45-49 years","45-49","Black or African American","2054-5",86,91744,93.7,75.0,115.8,10.1
,"Michigan","26","2020","2020","Breast","26000","45-49 years","45-49","White","2106-3",472,477372,98.9,90.2,108.2,4.6
,"Michigan","26","2020","2020","Breast","26000","50-54 years","50-54","Asian or Pacific Islander","A-PI",16,22667,70.6,40.3,114.6,17.6
,"Michigan","26","2020","2020","Breast","26000","50-54 years","50-54","Black or African American","2054-5",100,88996,112.4,91.4,136.7,11.2
,"Michigan","26","2020","2020","Breast","26000","50-54 years","50-54","White","2106-3",598,531070,112.6,103.8,122.0,4.6
,"Michigan","26","2020","2020","Breast","26000","55-59 years","55-59","Asian or Pacific Islander","A-PI",20,18910,105.8,64.6,163.3,23.6
,"Michigan","26","2020","2020","Breast","26000","55-59 years","55-59","Black or African American","2054-5",130,86182,150.8,126.0,179.1,13.2
,"Michigan","26","2020","2020","Breast","26000","55-59 years","55-59","White","2106-3",726,598574,121.3,112.6,130.4,4.5
,"Michigan","26","2020","2020","Breast","26000","60-64 years ","60-64","Asian or Pacific Islander","A-PI",17,14938,113.8,66.3,182.2,27.6
,"Michigan","26","2020","2020","Breast","26000","60-64 years ","60-64","Black or African American","2054-5",120,83431,143.8,119.3,172.0,13.1
,"Michigan","26","2020","2020","Breast","26000","60-64 years ","60-64","White","2106-3",930,598502,155.4,145.6,165.7,5.1
,"Michigan","26","2020","2020","Breast","26000","65-69 years","65-69","Black or African American","2054-5",153,67758,225.8,191.4,264.6,18.3
,"Michigan","26","2020","2020","Breast","26000","65-69 years","65-69","White","2106-3",976,521460,187.2,175.6,199.3,6.0
,"Michigan","26","2020","2020","Breast","26000","70-74 years","70-74","Black or African American","2054-5",133,51195,259.8,217.5,307.9,22.5
,"Michigan","26","2020","2020","Breast","26000","70-74 years","70-74","White","2106-3",930,410739,226.4,212.1,241.5,7.4
,"Michigan","26","2020","2020","Breast","26000","75-79 years","75-79","Black or African American","2054-5",77,30798,250.0,197.3,312.5,28.5
,"Michigan","26","2020","2020","Breast","26000","75-79 years","75-79","White","2106-3",661,273249,241.9,223.8,261.1,9.4
,"Michigan","26","2020","2020","Breast","26000","80-84 years","80-84","Black or African American","2054-5",41,18356,223.4,160.3,303.0,34.9
,"Michigan","26","2020","2020","Breast","26000","80-84 years","80-84","White","2106-3",413,171379,241.0,218.3,265.4,11.9
,"Michigan","26","2020","2020","Breast","26000","85+ years","85+","Black or African American","2054-5",40,18979,210.8,150.6,287.0,33.3
,"Michigan","26","2020","2020","Breast","26000","85+ years","85+","White","2106-3",375,168349,222.8,200.8,246.5,11.5
,"Michigan","26","2020","2020","Kidney and Renal Pelvis","29020","30-34 years","30-34","White","2106-3",18,491708,3.7,2.2,5.8,0.9
,"Michigan","26","2020","2020","Kidney and Renal Pelvis","29020","35-39 years","35-39","White","2106-3",40,488028,8.2,5.9,11.2,1.3
,"Michigan","26","2020","2020","Kidney and Renal Pelvis","29020","40-44 years","40-44","White","2106-3",64,467383,13.7,10.5,17.5,1.7
,"Michigan","26","2020","2020","Kidney and Renal Pelvis","29020","45-49 years","45-49","White","2106-3",81,477372,17.0,13.5,21.1,1.9
,"Michigan","26","2020","2020","Kidney and Renal Pelvis","29020","50-54 years","50-54","Black or African American","2054-5",24,88996,27.0,17.3,40.1,5.5
,"Michigan","26","2020","2020","Kidney and Renal Pelvis","29020","50-54 years","50-54","White","2106-3",128,531070,24.1,20.1,28.7,2.1
,"Michigan","26","2020","2020","Kidney and Renal Pelvis","29020","55-59 years","55-59","Black or African American","2054-5",18,86182,20.9,12.4,33.0,4.9
,"Michigan","26","2020","2020","Kidney and Renal Pelvis","29020","55-59 years","55-59","White","2106-3",180,598574,30.1,25.8,34.8,2.2
,"Michigan","26","2020","2020","Kidney and Renal Pelvis","29020","60-64 years ","60-64","Black or African American","2054-5",40,83431,47.9,34.3,65.3,7.6
,"Michigan","26","2020","2020","Kidney and Renal Pelvis","29020","60-64 years ","60-64","White","2106-3",265,598502,44.3,39.1,49.9,2.7
,"Michigan","26","2020","2020","Kidney and Renal Pelvis","29020","65-69 years","65-69","Black or African American","2054-5",49,67758,72.3,53.5,95.6,10.3
,"Michigan","26","2020","2020","Kidney and Renal Pelvis","29020","65-69 years","65-69","White","2106-3",263,521460,50.4,44.5,56.9,3.1
,"Michigan","26","2020","2020","Kidney and Renal Pelvis","29020","70-74 years","70-74","Black or African American","2054-5",35,51195,68.4,47.6,95.1,11.6
,"Michigan","26","2020","2020","Kidney and Renal Pelvis","29020","70-74 years","70-74","White","2106-3",276,410739,67.2,59.5,75.6,4.0
,"Michigan","26","2020","2020","Kidney and Renal Pelvis","29020","75-79 years","75-79","Black or African American","2054-5",16,30798,52.0,29.7,84.4,13.0
,"Michigan","26","2020","2020","Kidney and Renal Pelvis","29020","75-79 years","75-79","White","2106-3",188,273249,68.8,59.3,79.4,5.0
,"Michigan","26","2020","2020","Kidney and Renal Pelvis","29020","80-84 years","80-84","White","2106-3",107,171379,62.4,51.2,75.4,6.0
,"Michigan","26","2020","2020","Kidney and Renal Pelvis","29020","85+ years","85+","White","2106-3",97,168349,57.6,46.7,70.3,5.9
,"Michigan","26","2020","2020","Liver","21071","50-54 years","50-54","White","2106-3",21,531070,4.0,2.4,6.0,0.9
,"Michigan","26","2020","2020","Liver","21071","55-59 years","55-59","Black or African American","2054-5",16,86182,18.6,10.6,30.1,4.6
,"Michigan","26","2020","2020","Liver","21071","55-59 years","55-59","White","2106-3",47,598574,7.9,5.8,10.4,1.1
,"Michigan","26","2020","2020","Liver","21071","60-64 years ","60-64","Black or African American","2054-5",18,83431,21.6,12.8,34.1,5.1
,"Michigan","26","2020","2020","Liver","21071","60-64 years ","60-64","White","2106-3",87,598502,14.5,11.6,17.9,1.6
,"Michigan","26","2020","2020","Liver","21071","65-69 years","65-69","Black or African American","2054-5",40,67758,59.0,42.2,80.4,9.3
,"Michigan","26","2020","2020","Liver","21071","65-69 years","65-69","White","2106-3",135,521460,25.9,21.7,30.6,2.2
,"Michigan","26","2020","2020","Liver","21071","70-74 years","70-74","Black or African American","2054-5",30,51195,58.6,39.5,83.7,10.7
,"Michigan","26","2020","2020","Liver","21071","70-74 years","70-74","White","2106-3",96,410739,23.4,18.9,28.5,2.4
,"Michigan","26","2020","2020","Liver","21071","75-79 years","75-79","White","2106-3",69,273249,25.3,19.6,32.0,3.0
,"Michigan","26","2020","2020","Liver","21071","80-84 years","80-84","White","2106-3",49,171379,28.6,21.2,37.8,4.1
,"Michigan","26","2020","2020","Liver","21071","85+ years","85+","White","2106-3",45,168349,26.7,19.5,35.8,4.0
,"Michigan","26","2020","2020","Lung and Bronchus","22030","35-39 years","35-39","White","2106-3",17,488028,3.5,2.0,5.6,0.8
,"Michigan","26","2020","2020","Lung and Bronchus","22030","40-44 years","40-44","White","2106-3",28,467383,6.0,4.0,8.7,1.1
,"Michigan","26","2020","2020","Lung and Bronchus","22030","45-49 years","45-49","Black or African American","2054-5",16,91744,17.4,10.0,28.3,4.4
,"Michigan","26","2020","2020","Lung and Bronchus","22030","45-49 years","45-49","White","2106-3",85,477372,17.8,14.2,22.0,1.9
,"Michigan","26","2020","2020","Lung and Bronchus","22030","50-54 years","50-54","Black or African American","2054-5",39,88996,43.8,31.2,59.9,7.0
,"Michigan","26","2020","2020","Lung and Bronchus","22030","50-54 years","50-54","White","2106-3",236,531070,44.4,38.9,50.5,2.9
,"Michigan","26","2020","2020","Lung and Bronchus","22030","55-59 years","55-59","Black or African American","2054-5",97,86182,112.6,91.3,137.3,11.4
,"Michigan","26","2020","2020","Lung and Bronchus","22030","55-59 years","55-59","White","2106-3",611,598574,102.1,94.1,110.5,4.1
,"Michigan","26","2020","2020","Lung and Bronchus","22030","60-64 years ","60-64","Asian or Pacific Islander","A-PI",16,14938,107.1,61.2,173.9,26.8
,"Michigan","26","2020","2020","Lung and Bronchus","22030","60-64 years ","60-64","Black or African American","2054-5",157,83431,188.2,159.9,220.0,15.0
,"Michigan","26","2020","2020","Lung and Bronchus","22030","60-64 years ","60-64","White","2106-3",994,598502,166.1,155.9,176.7,5.3
,"Michigan","26","2020","2020","Lung and Bronchus","22030","65-69 years","65-69","American Indian or Alaska Native","1002-5",16,4185,382.3,218.5,620.9,95.6
,"Michigan","26","2020","2020","Lung and Bronchus","22030","65-69 years","65-69","Black or African American","2054-5",184,67758,271.6,233.7,313.8,20.0
,"Michigan","26","2020","2020","Lung and Bronchus","22030","65-69 years","65-69","White","2106-3",1175,521460,225.3,212.6,238.6,6.6
,"Michigan","26","2020","2020","Lung and Bronchus","22030","70-74 years","70-74","American Indian or Alaska Native","1002-5",17,2952,575.9,335.5,922.0,139.7
,"Michigan","26","2020","2020","Lung and Bronchus","22030","70-74 years","70-74","Black or African American","2054-5",144,51195,281.3,237.2,331.2,23.4
,"Michigan","26","2020","2020","Lung and Bronchus","22030","70-74 years","70-74","White","2106-3",1198,410739,291.7,275.4,308.7,8.4
,"Michigan","26","2020","2020","Lung and Bronchus","22030","75-79 years","75-79","Black or African American","2054-5",104,30798,337.7,275.9,409.2,33.1
,"Michigan","26","2020","2020","Lung and Bronchus","22030","75-79 years","75-79","White","2106-3",1039,273249,380.2,357.5,404.1,11.8
,"Michigan","26","2020","2020","Lung and Bronchus","22030","80-84 years","80-84","Black or African American","2054-5",74,18356,403.1,316.5,506.1,46.9
,"Michigan","26","2020","2020","Lung and Bronchus","22030","80-84 years","80-84","White","2106-3",728,171379,424.8,394.5,456.8,15.7
,"Michigan","26","2020","2020","Lung and Bronchus","22030","85+ years","85+","Black or African American","2054-5",67,18979,353.0,273.6,448.3,43.1
,"Michigan","26","2020","2020","Lung and Bronchus","22030","85+ years","85+","White","2106-3",488,168349,289.9,264.7,316.8,13.1
,"Michigan","26","2020","2020","Prostate","28010","45-49 years","45-49","Black or African American","2054-5",25,42203,59.2,38.3,87.4,11.8
,"Michigan","26","2020","2020","Prostate","28010","45-49 years","45-49","White","2106-3",55,241965,22.7,17.1,29.6,3.1
,"Michigan","26","2020","2020","Prostate","28010","50-54 years","50-54","Black or African American","2054-5",84,41484,202.5,161.5,250.7,22.1
,"Michigan","26","2020","2020","Prostate","28010","50-54 years","50-54","White","2106-3",250,268519,93.1,81.9,105.4,5.9
,"Michigan","26","2020","2020","Prostate","28010","50-54 years","50-54","Other Races and Unknown combined","2131-1",22,Not Applicable,Not Applicable,Not Applicable,Not Applicable,Not Applicable
,"Michigan","26","2020","2020","Prostate","28010","55-59 years","55-59","Black or African American","2054-5",178,39978,445.2,382.2,515.7,33.4
,"Michigan","26","2020","2020","Prostate","28010","55-59 years","55-59","White","2106-3",663,299533,221.3,204.8,238.9,8.6
,"Michigan","26","2020","2020","Prostate","28010","55-59 years","55-59","Other Races and Unknown combined","2131-1",38,Not Applicable,Not Applicable,Not Applicable,Not Applicable,Not Applicable
,"Michigan","26","2020","2020","Prostate","28010","60-64 years ","60-64","Black or African American","2054-5",240,37760,635.6,557.7,721.3,41.0
,"Michigan","26","2020","2020","Prostate","28010","60-64 years ","60-64","White","2106-3",1112,296232,375.4,353.6,398.1,11.3
,"Michigan","26","2020","2020","Prostate","28010","60-64 years ","60-64","Other Races and Unknown combined","2131-1",62,Not Applicable,Not Applicable,Not Applicable,Not Applicable,Not Applicable
,"Michigan","26","2020","2020","Prostate","28010","65-69 years","65-69","Asian or Pacific Islander","A-PI",18,5298,339.8,201.4,537.0,80.1
,"Michigan","26","2020","2020","Prostate","28010","65-69 years","65-69","Black or African American","2054-5",241,28975,831.8,730.0,943.7,53.6
,"Michigan","26","2020","2020","Prostate","28010","65-69 years","65-69","White","2106-3",1426,254500,560.3,531.6,590.2,14.8
,"Michigan","26","2020","2020","Prostate","28010","65-69 years","65-69","Other Races and Unknown combined","2131-1",71,Not Applicable,Not Applicable,Not Applicable,Not Applicable,Not Applicable
,"Michigan","26","2020","2020","Prostate","28010","70-74 years","70-74","Black or African American","2054-5",211,21245,993.2,863.7,1136.6,68.4
,"Michigan","26","2020","2020","Prostate","28010","70-74 years","70-74","White","2106-3",1234,196743,627.2,592.7,663.2,17.9
,"Michigan","26","2020","2020","Prostate","28010","70-74 years","70-74","Other Races and Unknown combined","2131-1",49,Not Applicable,Not Applicable,Not Applicable,Not Applicable,Not Applicable
,"Michigan","26","2020","2020","Prostate","28010","75-79 years","75-79","Black or African American","2054-5",89,12512,711.3,571.2,875.3,75.4
,"Michigan","26","2020","2020","Prostate","28010","75-79 years","75-79","White","2106-3",809,125986,642.1,598.6,688.0,22.6
,"Michigan","26","2020","2020","Prostate","28010","75-79 years","75-79","Other Races and Unknown combined","2131-1",37,Not Applicable,Not Applicable,Not Applicable,Not Applicable,Not Applicable
,"Michigan","26","2020","2020","Prostate","28010","80-84 years","80-84","Black or African American","2054-5",51,6870,742.4,552.7,976.1,104.0
,"Michigan","26","2020","2020","Prostate","28010","80-84 years","80-84","White","2106-3",369,74084,498.1,448.6,551.6,25.9
,"Michigan","26","2020","2020","Prostate","28010","85+ years","85+","Black or African American","2054-5",36,5899,610.3,427.4,844.9,101.7
,"Michigan","26","2020","2020","Prostate","28010","85+ years","85+","White","2106-3",236,59832,394.4,345.7,448.1,25.7
,"Michigan","26","2020","2020","Urinary Bladder, invasive and in situ","29010","40-44 years","40-44","White","2106-3",16,467383,3.4,2.0,5.6,0.9
,"Michigan","26","2020","2020","Urinary Bladder, invasive and in situ","29010","45-49 years","45-49","White","2106-3",31,477372,6.5,4.4,9.2,1.2
,"Michigan","26","2020","2020","Urinary Bladder, invasive and in situ","29010","50-54 years","50-54","White","2106-3",82,531070,15.4,12.3,19.2,1.7
,"Michigan","26","2020","2020","Urinary Bladder, invasive and in situ","29010","55-59 years","55-59","Black or African American","2054-5",16,86182,18.6,10.6,30.1,4.6
,"Michigan","26","2020","2020","Urinary Bladder, invasive and in situ","29010","55-59 years","55-59","White","2106-3",146,598574,24.4,20.6,28.7,2.0
,"Michigan","26","2020","2020","Urinary Bladder, invasive and in situ","29010","60-64 years ","60-64","Black or African American","2054-5",26,83431,31.2,20.4,45.7,6.1
,"Michigan","26","2020","2020","Urinary Bladder, invasive and in situ","29010","60-64 years ","60-64","White","2106-3",267,598502,44.6,39.4,50.3,2.7
,"Michigan","26","2020","2020","Urinary Bladder, invasive and in situ","29010","65-69 years","65-69","Black or African American","2054-5",33,67758,48.7,33.5,68.4,8.5
,"Michigan","26","2020","2020","Urinary Bladder, invasive and in situ","29010","65-69 years","65-69","White","2106-3",387,521460,74.2,67.0,82.0,3.8
,"Michigan","26","2020","2020","Urinary Bladder, invasive and in situ","29010","70-74 years","70-74","Black or African American","2054-5",42,51195,82.0,59.1,110.9,12.7
,"Michigan","26","2020","2020","Urinary Bladder, invasive and in situ","29010","70-74 years","70-74","White","2106-3",416,410739,101.3,91.8,111.5,5.0
,"Michigan","26","2020","2020","Urinary Bladder, invasive and in situ","29010","75-79 years","75-79","Black or African American","2054-5",31,30798,100.7,68.4,142.9,18.1
,"Michigan","26","2020","2020","Urinary Bladder, invasive and in situ","29010","75-79 years","75-79","White","2106-3",400,273249,146.4,132.4,161.5,7.3
,"Michigan","26","2020","2020","Urinary Bladder, invasive and in situ","29010","80-84 years","80-84","Black or African American","2054-5",20,18356,109.0,66.6,168.3,24.4
,"Michigan","26","2020","2020","Urinary Bladder, invasive and in situ","29010","80-84 years","80-84","White","2106-3",301,171379,175.6,156.4,196.6,10.1
,"Michigan","26","2020","2020","Urinary Bladder, invasive and in situ","29010","85+ years","85+","Black or African American","2054-5",20,18979,105.4,64.4,162.7,23.6
,"Michigan","26","2020","2020","Urinary Bladder, invasive and in situ","29010","85+ years","85+","White","2106-3",314,168349,186.5,166.5,208.3,10.5
,"Minnesota","27","2020","2020","Breast","26000","25-29 years","25-29","White","2106-3",21,297344,7.1,4.4,10.8,1.5
,"Minnesota","27","2020","2020","Breast","26000","30-34 years","30-34","White","2106-3",44,306826,14.3,10.4,19.3,2.2
,"Minnesota","27","2020","2020","Breast","26000","35-39 years","35-39","White","2106-3",120,328937,36.5,30.2,43.6,3.3
,"Minnesota","27","2020","2020","Breast","26000","40-44 years","40-44","Black or African American","2054-5",21,28288,74.2,46.0,113.5,16.2
,"Minnesota","27","2020","2020","Breast","26000","40-44 years","40-44","White","2106-3",225,300198,75.0,65.5,85.4,5.0
,"Minnesota","27","2020","2020","Breast","26000","45-49 years","45-49","Asian or Pacific Islander","A-PI",17,20127,84.5,49.2,135.2,20.5
,"Minnesota","27","2020","2020","Breast","26000","45-49 years","45-49","Black or African American","2054-5",22,24501,89.8,56.3,135.9,19.1
,"Minnesota","27","2020","2020","Breast","26000","45-49 years","45-49","White","2106-3",310,279182,111.0,99.0,124.1,6.3
,"Minnesota","27","2020","2020","Breast","26000","50-54 years","50-54","Asian or Pacific Islander","A-PI",20,15410,129.8,79.3,200.4,29.0
,"Minnesota","27","2020","2020","Breast","26000","50-54 years","50-54","Black or African American","2054-5",22,20759,106.0,66.4,160.5,22.6
,"Minnesota","27","2020","2020","Breast","26000","50-54 years","50-54","White","2106-3",384,306087,125.5,113.2,138.7,6.4
,"Minnesota","27","2020","2020","Breast","26000","55-59 years","55-59","Black or African American","2054-5",20,17827,112.2,68.5,173.3,25.1
,"Minnesota","27","2020","2020","Breast","26000","55-59 years","55-59","White","2106-3",437,354447,123.3,112.0,135.4,5.9
,"Minnesota","27","2020","2020","Breast","26000","60-64 years ","60-64","Black or African American","2054-5",18,14458,124.5,73.8,196.8,29.3
,"Minnesota","27","2020","2020","Breast","26000","60-64 years ","60-64","White","2106-3",557,347212,160.4,147.4,174.3,6.8
,"Minnesota","27","2020","2020","Breast","26000","65-69 years","65-69","Black or African American","2054-5",22,9535,230.7,144.6,349.3,49.2
,"Minnesota","27","2020","2020","Breast","26000","65-69 years","65-69","White","2106-3",642,294230,218.2,201.6,235.7,8.6
,"Minnesota","27","2020","2020","Breast","26000","70-74 years","70-74","Black or African American","2054-5",16,6097,262.4,150.0,426.2,65.6
,"Minnesota","27","2020","2020","Breast","26000","70-74 years","70-74","White","2106-3",599,226269,264.7,244.0,286.8,10.8
,"Minnesota","27","2020","2020","Breast","26000","75-79 years","75-79","White","2106-3",429,150608,284.8,258.5,313.1,13.8
,"Minnesota","27","2020","2020","Breast","26000","80-84 years","80-84","White","2106-3",264,100652,262.3,231.6,295.9,16.1
,"Minnesota","27","2020","2020","Breast","26000","85+ years","85+","White","2106-3",269,109455,245.8,217.3,277.0,15.0
,"Minnesota","27","2020","2020","Kidney and Renal Pelvis","29020","35-39 years","35-39","White","2106-3",22,328937,6.7,4.2,10.1,1.4
,"Minnesota","27","2020","2020","Kidney and Renal Pelvis","29020","40-44 years","40-44","White","2106-3",25,300198,8.3,5.4,12.3,1.7
,"Minnesota","27","2020","2020","Kidney and Renal Pelvis","29020","45-49 years","45-49","White","2106-3",51,279182,18.3,13.6,24.0,2.6
,"Minnesota","27","2020","2020","Kidney and Renal Pelvis","29020","50-54 years","50-54","White","2106-3",55,306087,18.0,13.5,23.4,2.4
,"Minnesota","27","2020","2020","Kidney and Renal Pelvis","29020","55-59 years","55-59","White","2106-3",138,354447,38.9,32.7,46.0,3.3
,"Minnesota","27","2020","2020","Kidney and Renal Pelvis","29020","60-64 years ","60-64","White","2106-3",149,347212,42.9,36.3,50.4,3.5
,"Minnesota","27","2020","2020","Kidney and Renal Pelvis","29020","65-69 years","65-69","White","2106-3",172,294230,58.5,50.0,67.9,4.5
,"Minnesota","27","2020","2020","Kidney and Renal Pelvis","29020","70-74 years","70-74","White","2106-3",167,226269,73.8,63.0,85.9,5.7
,"Minnesota","27","2020","2020","Kidney and Renal Pelvis","29020","75-79 years","75-79","White","2106-3",127,150608,84.3,70.3,100.3,7.5
,"Minnesota","27","2020","2020","Kidney and Renal Pelvis","29020","80-84 years","80-84","White","2106-3",76,100652,75.5,59.5,94.5,8.7
,"Minnesota","27","2020","2020","Kidney and Renal Pelvis","29020","85+ years","85+","White","2106-3",68,109455,62.1,48.2,78.8,7.5
,"Minnesota","27","2020","2020","Liver","21071","55-59 years","55-59","White","2106-3",17,354447,4.8,2.8,7.7,1.2
,"Minnesota","27","2020","2020","Liver","21071","60-64 years ","60-64","White","2106-3",40,347212,11.5,8.2,15.7,1.8
,"Minnesota","27","2020","2020","Liver","21071","65-69 years","65-69","White","2106-3",66,294230,22.4,17.3,28.5,2.8
,"Minnesota","27","2020","2020","Liver","21071","70-74 years","70-74","White","2106-3",57,226269,25.2,19.1,32.6,3.3
,"Minnesota","27","2020","2020","Liver","21071","75-79 years","75-79","White","2106-3",49,150608,32.5,24.1,43.0,4.6
,"Minnesota","27","2020","2020","Liver","21071","80-84 years","80-84","White","2106-3",24,100652,23.8,15.3,35.5,4.9
,"Minnesota","27","2020","2020","Liver","21071","85+ years","85+","White","2106-3",21,109455,19.2,11.9,29.3,4.2
,"Minnesota","27","2020","2020","Lung and Bronchus","22030","40-44 years","40-44","White","2106-3",18,300198,6.0,3.6,9.5,1.4
,"Minnesota","27","2020","2020","Lung and Bronchus","22030","45-49 years","45-49","White","2106-3",26,279182,9.3,6.1,13.6,1.8
,"Minnesota","27","2020","2020","Lung and Bronchus","22030","50-54 years","50-54","White","2106-3",80,306087,26.1,20.7,32.5,2.9
,"Minnesota","27","2020","2020","Lung and Bronchus","22030","55-59 years","55-59","Black or African American","2054-5",19,17827,106.6,64.2,166.4,24.5
,"Minnesota","27","2020","2020","Lung and Bronchus","22030","55-59 years","55-59","White","2106-3",275,354447,77.6,68.7,87.3,4.7
,"Minnesota","27","2020","2020","Lung and Bronchus","22030","60-64 years ","60-64","Black or African American","2054-5",34,14458,235.2,162.9,328.6,40.3
,"Minnesota","27","2020","2020","Lung and Bronchus","22030","60-64 years ","60-64","White","2106-3",482,347212,138.8,126.7,151.8,6.3
,"Minnesota","27","2020","2020","Lung and Bronchus","22030","65-69 years","65-69","Black or African American","2054-5",31,9535,325.1,220.9,461.5,58.4
,"Minnesota","27","2020","2020","Lung and Bronchus","22030","65-69 years","65-69","White","2106-3",635,294230,215.8,199.4,233.3,8.6
,"Minnesota","27","2020","2020","Lung and Bronchus","22030","70-74 years","70-74","Black or African American","2054-5",18,6097,295.2,175.0,466.6,69.6
,"Minnesota","27","2020","2020","Lung and Bronchus","22030","70-74 years","70-74","White","2106-3",671,226269,296.5,274.5,319.9,11.4
,"Minnesota","27","2020","2020","Lung and Bronchus","22030","75-79 years","75-79","Black or African American","2054-5",17,3655,465.1,270.9,744.7,112.8
,"Minnesota","27","2020","2020","Lung and Bronchus","22030","75-79 years","75-79","White","2106-3",627,150608,416.3,384.4,450.2,16.6
,"Minnesota","27","2020","2020","Lung and Bronchus","22030","80-84 years","80-84","White","2106-3",386,100652,383.5,346.2,423.7,19.5
,"Minnesota","27","2020","2020","Lung and Bronchus","22030","85+ years","85+","White","2106-3",345,109455,315.2,282.8,350.3,17.0
,"Minnesota","27","2020","2020","Prostate","28010","45-49 years","45-49","White","2106-3",34,143141,23.8,16.4,33.2,4.1
,"Minnesota","27","2020","2020","Prostate","28010","50-54 years","50-54","Black or African American","2054-5",18,11075,162.5,96.3,256.9,38.3
,"Minnesota","27","2020","2020","Prostate","28010","50-54 years","50-54","White","2106-3",152,155362,97.8,82.9,114.7,7.9
,"Minnesota","27","2020","2020","Prostate","28010","55-59 years","55-59","Black or African American","2054-5",34,9401,361.7,250.5,505.4,62.0
,"Minnesota","27","2020","2020","Prostate","28010","55-59 years","55-59","White","2106-3",377,178375,211.4,190.6,233.8,10.9
,"Minnesota","27","2020","2020","Prostate","28010","60-64 years ","60-64","Black or African American","2054-5",40,7471,535.4,382.5,729.1,84.7
,"Minnesota","27","2020","2020","Prostate","28010","60-64 years ","60-64","White","2106-3",678,173613,390.5,361.7,421.1,15.0
,"Minnesota","27","2020","2020","Prostate","28010","65-69 years","65-69","Black or African American","2054-5",41,4730,866.8,622.0,1175.9,135.4
,"Minnesota","27","2020","2020","Prostate","28010","65-69 years","65-69","White","2106-3",864,145309,594.6,555.6,635.6,20.2
,"Minnesota","27","2020","2020","Prostate","28010","70-74 years","70-74","Black or African American","2054-5",23,2714,847.5,537.2,1271.6,176.7
,"Minnesota","27","2020","2020","Prostate","28010","70-74 years","70-74","White","2106-3",681,109262,623.3,577.3,671.9,23.9
,"Minnesota","27","2020","2020","Prostate","28010","75-79 years","75-79","White","2106-3",447,69864,639.8,581.9,702.0,30.3
,"Minnesota","27","2020","2020","Prostate","28010","80-84 years","80-84","White","2106-3",197,43929,448.5,388.0,515.6,32.0
,"Minnesota","27","2020","2020","Prostate","28010","85+ years","85+","White","2106-3",148,38763,381.8,322.8,448.5,31.4
,"Minnesota","27","2020","2020","Urinary Bladder, invasive and in situ","29010","45-49 years","45-49","White","2106-3",16,279182,5.7,3.3,9.3,1.4
,"Minnesota","27","2020","2020","Urinary Bladder, invasive and in situ","29010","50-54 years","50-54","White","2106-3",32,306087,10.5,7.2,14.8,1.8
,"Minnesota","27","2020","2020","Urinary Bladder, invasive and in situ","29010","55-59 years","55-59","White","2106-3",79,354447,22.3,17.6,27.8,2.5
,"Minnesota","27","2020","2020","Urinary Bladder, invasive and in situ","29010","60-64 years ","60-64","White","2106-3",142,347212,40.9,34.4,48.2,3.4
,"Minnesota","27","2020","2020","Urinary Bladder, invasive and in situ","29010","65-69 years","65-69","White","2106-3",197,294230,67.0,57.9,77.0,4.8
,"Minnesota","27","2020","2020","Urinary Bladder, invasive and in situ","29010","70-74 years","70-74","White","2106-3",230,226269,101.6,88.9,115.7,6.7
,"Minnesota","27","2020","2020","Urinary Bladder, invasive and in situ","29010","75-79 years","75-79","White","2106-3",263,150608,174.6,154.2,197.1,10.8
,"Minnesota","27","2020","2020","Urinary Bladder, invasive and in situ","29010","80-84 years","80-84","White","2106-3",186,100652,184.8,159.2,213.3,13.5
,"Minnesota","27","2020","2020","Urinary Bladder, invasive and in situ","29010","85+ years","85+","White","2106-3",180,109455,164.5,141.3,190.3,12.3
,"Mississippi","28","2020","2020","Breast","26000","30-34 years","30-34","Black or African American","2054-5",26,76265,34.1,22.3,50.0,6.7
,"Mississippi","28","2020","2020","Breast","26000","35-39 years","35-39","Black or African American","2054-5",36,74273,48.5,33.9,67.1,8.1
,"Mississippi","28","2020","2020","Breast","26000","35-39 years","35-39","White","2106-3",24,107821,22.3,14.3,33.1,4.5
,"Mississippi","28","2020","2020","Breast","26000","40-44 years","40-44","Black or African American","2054-5",60,71783,83.6,63.8,107.6,10.8
,"Mississippi","28","2020","2020","Breast","26000","40-44 years","40-44","White","2106-3",55,104594,52.6,39.6,68.4,7.1
,"Mississippi","28","2020","2020","Breast","26000","45-49 years","45-49","Black or African American","2054-5",64,66690,96.0,73.9,122.5,12.0
,"Mississippi","28","2020","2020","Breast","26000","45-49 years","45-49","White","2106-3",95,107641,88.3,71.4,107.9,9.1
,"Mississippi","28","2020","2020","Breast","26000","50-54 years","50-54","Black or African American","2054-5",84,65241,128.8,102.7,159.4,14.0
,"Mississippi","28","2020","2020","Breast","26000","50-54 years","50-54","White","2106-3",112,111072,100.8,83.0,121.3,9.5
,"Mississippi","28","2020","2020","Breast","26000","55-59 years","55-59","Black or African American","2054-5",102,69389,147.0,119.9,178.4,14.6
,"Mississippi","28","2020","2020","Breast","26000","55-59 years","55-59","White","2106-3",129,122410,105.4,88.0,125.2,9.3
,"Mississippi","28","2020","2020","Breast","26000","60-64 years ","60-64","Black or African American","2054-5",113,66463,170.0,140.1,204.4,16.0
,"Mississippi","28","2020","2020","Breast","26000","60-64 years ","60-64","White","2106-3",198,119678,165.4,143.2,190.2,11.8
,"Mississippi","28","2020","2020","Breast","26000","65-69 years","65-69","Black or African American","2054-5",111,54040,205.4,169.0,247.4,19.5
,"Mississippi","28","2020","2020","Breast","26000","65-69 years","65-69","White","2106-3",190,107029,177.5,153.2,204.6,12.9
,"Mississippi","28","2020","2020","Breast","26000","70-74 years","70-74","Black or African American","2054-5",83,37221,223.0,177.6,276.4,24.5
,"Mississippi","28","2020","2020","Breast","26000","70-74 years","70-74","White","2106-3",224,93269,240.2,209.7,273.8,16.0
,"Mississippi","28","2020","2020","Breast","26000","75-79 years","75-79","Black or African American","2054-5",47,21177,221.9,163.1,295.1,32.4
,"Mississippi","28","2020","2020","Breast","26000","75-79 years","75-79","White","2106-3",161,63839,252.2,214.7,294.3,19.9
,"Mississippi","28","2020","2020","Breast","26000","80-84 years","80-84","Black or African American","2054-5",33,13166,250.6,172.5,352.0,43.6
,"Mississippi","28","2020","2020","Breast","26000","80-84 years","80-84","White","2106-3",109,41997,259.5,213.1,313.1,24.9
,"Mississippi","28","2020","2020","Breast","26000","85+ years","85+","Black or African American","2054-5",24,11546,207.9,133.2,309.3,42.4
,"Mississippi","28","2020","2020","Breast","26000","85+ years","85+","White","2106-3",69,36936,186.8,145.3,236.4,22.5
,"Mississippi","28","2020","2020","Kidney and Renal Pelvis","29020","45-49 years","45-49","White","2106-3",30,107641,27.9,18.8,39.8,5.1
,"Mississippi","28","2020","2020","Kidney and Renal Pelvis","29020","50-54 years","50-54","Black or African American","2054-5",20,65241,30.7,18.7,47.3,6.9
,"Mississippi","28","2020","2020","Kidney and Renal Pelvis","29020","50-54 years","50-54","White","2106-3",37,111072,33.3,23.5,45.9,5.5
,"Mississippi","28","2020","2020","Kidney and Renal Pelvis","29020","55-59 years","55-59","Black or African American","2054-5",32,69389,46.1,31.5,65.1,8.2
,"Mississippi","28","2020","2020","Kidney and Renal Pelvis","29020","55-59 years","55-59","White","2106-3",48,122410,39.2,28.9,52.0,5.7
,"Mississippi","28","2020","2020","Kidney and Renal Pelvis","29020","60-64 years ","60-64","Black or African American","2054-5",43,66463,64.7,46.8,87.1,9.9
,"Mississippi","28","2020","2020","Kidney and Renal Pelvis","29020","60-64 years ","60-64","White","2106-3",76,119678,63.5,50.0,79.5,7.3
,"Mississippi","28","2020","2020","Kidney and Renal Pelvis","29020","65-69 years","65-69","Black or African American","2054-5",35,54040,64.8,45.1,90.1,10.9
,"Mississippi","28","2020","2020","Kidney and Renal Pelvis","29020","65-69 years","65-69","White","2106-3",63,107029,58.9,45.2,75.3,7.4
,"Mississippi","28","2020","2020","Kidney and Renal Pelvis","29020","70-74 years","70-74","Black or African American","2054-5",34,37221,91.3,63.3,127.6,15.7
,"Mississippi","28","2020","2020","Kidney and Renal Pelvis","29020","70-74 years","70-74","White","2106-3",60,93269,64.3,49.1,82.8,8.3
,"Mississippi","28","2020","2020","Kidney and Renal Pelvis","29020","75-79 years","75-79","Black or African American","2054-5",17,21177,80.3,46.8,128.5,19.5
,"Mississippi","28","2020","2020","Kidney and Renal Pelvis","29020","75-79 years","75-79","White","2106-3",35,63839,54.8,38.2,76.2,9.3
,"Mississippi","28","2020","2020","Kidney and Renal Pelvis","29020","80-84 years","80-84","White","2106-3",26,41997,61.9,40.4,90.7,12.1
,"Mississippi","28","2020","2020","Kidney and Renal Pelvis","29020","85+ years","85+","White","2106-3",24,36936,65.0,41.6,96.7,13.3
,"Mississippi","28","2020","2020","Liver","21071","55-59 years","55-59","White","2106-3",22,122410,18.0,11.3,27.2,3.8
,"Mississippi","28","2020","2020","Liver","21071","60-64 years ","60-64","White","2106-3",41,119678,34.3,24.6,46.5,5.4
,"Mississippi","28","2020","2020","Liver","21071","65-69 years","65-69","Black or African American","2054-5",21,54040,38.9,24.1,59.4,8.5
,"Mississippi","28","2020","2020","Liver","21071","65-69 years","65-69","White","2106-3",38,107029,35.5,25.1,48.7,5.8
,"Mississippi","28","2020","2020","Liver","21071","70-74 years","70-74","White","2106-3",23,93269,24.7,15.6,37.0,5.1
,"Mississippi","28","2020","2020","Liver","21071","75-79 years","75-79","White","2106-3",18,63839,28.2,16.7,44.6,6.6
,"Mississippi","28","2020","2020","Liver","21071","80-84 years","80-84","White","2106-3",16,41997,38.1,21.8,61.9,9.5
,"Mississippi","28","2020","2020","Lung and Bronchus","22030","45-49 years","45-49","White","2106-3",25,107641,23.2,15.0,34.3,4.6
,"Mississippi","28","2020","2020","Lung and Bronchus","22030","50-54 years","50-54","Black or African American","2054-5",25,65241,38.3,24.8,56.6,7.7
,"Mississippi","28","2020","2020","Lung and Bronchus","22030","50-54 years","50-54","White","2106-3",63,111072,56.7,43.6,72.6,7.1
,"Mississippi","28","2020","2020","Lung and Bronchus","22030","55-59 years","55-59","Black or African American","2054-5",96,69389,138.4,112.1,168.9,14.1
,"Mississippi","28","2020","2020","Lung and Bronchus","22030","55-59 years","55-59","White","2106-3",176,122410,143.8,123.3,166.7,10.8
,"Mississippi","28","2020","2020","Lung and Bronchus","22030","60-64 years ","60-64","Black or African American","2054-5",138,66463,207.6,174.4,245.3,17.7
,"Mississippi","28","2020","2020","Lung and Bronchus","22030","60-64 years ","60-64","White","2106-3",195,119678,162.9,140.9,187.5,11.7
,"Mississippi","28","2020","2020","Lung and Bronchus","22030","65-69 years","65-69","Black or African American","2054-5",161,54040,297.9,253.7,347.7,23.5
,"Mississippi","28","2020","2020","Lung and Bronchus","22030","65-69 years","65-69","White","2106-3",271,107029,253.2,224.0,285.2,15.4
,"Mississippi","28","2020","2020","Lung and Bronchus","22030","70-74 years","70-74","Black or African American","2054-5",122,37221,327.8,272.2,391.4,29.7
,"Mississippi","28","2020","2020","Lung and Bronchus","22030","70-74 years","70-74","White","2106-3",320,93269,343.1,306.5,382.8,19.2
,"Mississippi","28","2020","2020","Lung and Bronchus","22030","75-79 years","75-79","Black or African American","2054-5",83,21177,391.9,312.2,485.9,43.0
,"Mississippi","28","2020","2020","Lung and Bronchus","22030","75-79 years","75-79","White","2106-3",283,63839,443.3,393.2,498.1,26.4
,"Mississippi","28","2020","2020","Lung and Bronchus","22030","80-84 years","80-84","Black or African American","2054-5",42,13166,319.0,229.9,431.2,49.2
,"Mississippi","28","2020","2020","Lung and Bronchus","22030","80-84 years","80-84","White","2106-3",155,41997,369.1,313.3,432.0,29.6
,"Mississippi","28","2020","2020","Lung and Bronchus","22030","85+ years","85+","Black or African American","2054-5",36,11546,311.8,218.4,431.7,52.0
,"Mississippi","28","2020","2020","Lung and Bronchus","22030","85+ years","85+","White","2106-3",122,36936,330.3,274.3,394.4,29.9
,"Mississippi","28","2020","2020","Prostate","28010","45-49 years","45-49","Black or African American","2054-5",18,30073,59.9,35.5,94.6,14.1
,"Mississippi","28","2020","2020","Prostate","28010","50-54 years","50-54","Black or African American","2054-5",57,29350,194.2,147.1,251.6,25.7
,"Mississippi","28","2020","2020","Prostate","28010","50-54 years","50-54","White","2106-3",44,56601,77.7,56.5,104.4,11.7
,"Mississippi","28","2020","2020","Prostate","28010","55-59 years","55-59","Black or African American","2054-5",131,31692,413.4,345.6,490.5,36.1
,"Mississippi","28","2020","2020","Prostate","28010","55-59 years","55-59","White","2106-3",102,61250,166.5,135.8,202.2,16.5
,"Mississippi","28","2020","2020","Prostate","28010","60-64 years ","60-64","Black or African American","2054-5",216,29881,722.9,629.7,826.0,49.2
,"Mississippi","28","2020","2020","Prostate","28010","60-64 years ","60-64","White","2106-3",212,59004,359.3,312.6,411.1,24.7
,"Mississippi","28","2020","2020","Prostate","28010","65-69 years","65-69","Black or African American","2054-5",215,24119,891.4,776.2,1018.9,60.8
,"Mississippi","28","2020","2020","Prostate","28010","65-69 years","65-69","White","2106-3",266,51059,521.0,460.2,587.5,31.9
,"Mississippi","28","2020","2020","Prostate","28010","70-74 years","70-74","Black or African American","2054-5",163,16419,992.8,846.2,1157.4,77.8
,"Mississippi","28","2020","2020","Prostate","28010","70-74 years","70-74","White","2106-3",279,44080,632.9,560.8,711.7,37.9
,"Mississippi","28","2020","2020","Prostate","28010","75-79 years","75-79","Black or African American","2054-5",76,8684,875.2,689.5,1095.4,100.4
,"Mississippi","28","2020","2020","Prostate","28010","75-79 years","75-79","White","2106-3",160,28687,557.7,474.7,651.2,44.1
,"Mississippi","28","2020","2020","Prostate","28010","80-84 years","80-84","Black or African American","2054-5",28,4821,580.8,385.9,839.4,109.8
,"Mississippi","28","2020","2020","Prostate","28010","80-84 years","80-84","White","2106-3",67,17572,381.3,295.5,484.2,46.6
,"Mississippi","28","2020","2020","Prostate","28010","85+ years","85+","Black or African American","2054-5",24,3271,733.7,470.1,1091.7,149.8
,"Mississippi","28","2020","2020","Prostate","28010","85+ years","85+","White","2106-3",48,12579,381.6,281.4,505.9,55.1
,"Mississippi","28","2020","2020","Urinary Bladder, invasive and in situ","29010","50-54 years","50-54","White","2106-3",18,111072,16.2,9.6,25.6,3.8
,"Mississippi","28","2020","2020","Urinary Bladder, invasive and in situ","29010","55-59 years","55-59","White","2106-3",28,122410,22.9,15.2,33.1,4.3
,"Mississippi","28","2020","2020","Urinary Bladder, invasive and in situ","29010","60-64 years ","60-64","White","2106-3",45,119678,37.6,27.4,50.3,5.6
,"Mississippi","28","2020","2020","Urinary Bladder, invasive and in situ","29010","65-69 years","65-69","Black or African American","2054-5",20,54040,37.0,22.6,57.2,8.3
,"Mississippi","28","2020","2020","Urinary Bladder, invasive and in situ","29010","65-69 years","65-69","White","2106-3",76,107029,71.0,55.9,88.9,8.1
,"Mississippi","28","2020","2020","Urinary Bladder, invasive and in situ","29010","70-74 years","70-74","Black or African American","2054-5",26,37221,69.9,45.6,102.4,13.7
,"Mississippi","28","2020","2020","Urinary Bladder, invasive and in situ","29010","70-74 years","70-74","White","2106-3",78,93269,83.6,66.1,104.4,9.5
,"Mississippi","28","2020","2020","Urinary Bladder, invasive and in situ","29010","75-79 years","75-79","Black or African American","2054-5",16,21177,75.6,43.2,122.7,18.9
,"Mississippi","28","2020","2020","Urinary Bladder, invasive and in situ","29010","75-79 years","75-79","White","2106-3",108,63839,169.2,138.8,204.3,16.3
,"Mississippi","28","2020","2020","Urinary Bladder, invasive and in situ","29010","80-84 years","80-84","White","2106-3",59,41997,140.5,106.9,181.2,18.3
,"Mississippi","28","2020","2020","Urinary Bladder, invasive and in situ","29010","85+ years","85+","White","2106-3",51,36936,138.1,102.8,181.5,19.3
,"Missouri","29","2020","2020","Breast","26000","30-34 years","30-34","White","2106-3",50,330214,15.1,11.2,20.0,2.1
,"Missouri","29","2020","2020","Breast","26000","35-39 years","35-39","White","2106-3",96,336868,28.5,23.1,34.8,2.9
,"Missouri","29","2020","2020","Breast","26000","40-44 years","40-44","Black or African American","2054-5",32,45081,71.0,48.6,100.2,12.5
,"Missouri","29","2020","2020","Breast","26000","40-44 years","40-44","White","2106-3",212,310416,68.3,59.4,78.1,4.7
,"Missouri","29","2020","2020","Breast","26000","45-49 years","45-49","Black or African American","2054-5",36,42817,84.1,58.9,116.4,14.0
,"Missouri","29","2020","2020","Breast","26000","45-49 years","45-49","White","2106-3",303,302059,100.3,89.3,112.3,5.8
,"Missouri","29","2020","2020","Breast","26000","50-54 years","50-54","Black or African American","2054-5",68,42232,161.0,125.0,204.1,19.5
,"Missouri","29","2020","2020","Breast","26000","50-54 years","50-54","White","2106-3",340,315565,107.7,96.6,119.8,5.8
,"Missouri","29","2020","2020","Breast","26000","55-59 years","55-59","Black or African American","2054-5",68,44627,152.4,118.3,193.2,18.5
,"Missouri","29","2020","2020","Breast","26000","55-59 years","55-59","White","2106-3",481,365352,131.7,120.1,144.0,6.0
,"Missouri","29","2020","2020","Breast","26000","60-64 years ","60-64","Black or African American","2054-5",87,42079,206.8,165.6,255.0,22.2
,"Missouri","29","2020","2020","Breast","26000","60-64 years ","60-64","White","2106-3",615,359142,171.2,158.0,185.3,6.9
,"Missouri","29","2020","2020","Breast","26000","65-69 years","65-69","Black or African American","2054-5",84,32173,261.1,208.3,323.2,28.5
,"Missouri","29","2020","2020","Breast","26000","65-69 years","65-69","White","2106-3",677,308006,219.8,203.6,237.0,8.4
,"Missouri","29","2020","2020","Breast","26000","70-74 years","70-74","Black or African American","2054-5",59,22755,259.3,197.4,334.5,33.8
,"Missouri","29","2020","2020","Breast","26000","70-74 years","70-74","White","2106-3",604,249579,242.0,223.1,262.1,9.8
,"Missouri","29","2020","2020","Breast","26000","75-79 years","75-79","Black or African American","2054-5",46,14483,317.6,232.5,423.7,46.8
,"Missouri","29","2020","2020","Breast","26000","75-79 years","75-79","White","2106-3",444,170198,260.9,237.2,286.3,12.4
,"Missouri","29","2020","2020","Breast","26000","80-84 years","80-84","Black or African American","2054-5",22,9042,243.3,152.5,368.4,51.9
,"Missouri","29","2020","2020","Breast","26000","80-84 years","80-84","White","2106-3",281,109962,255.5,226.5,287.2,15.2
,"Missouri","29","2020","2020","Breast","26000","85+ years","85+","Black or African American","2054-5",24,8477,283.1,181.4,421.3,57.8
,"Missouri","29","2020","2020","Breast","26000","85+ years","85+","White","2106-3",242,110330,219.3,192.6,248.8,14.1
,"Missouri","29","2020","2020","Kidney and Renal Pelvis","29020","30-34 years","30-34","White","2106-3",16,330214,4.8,2.8,7.9,1.2
,"Missouri","29","2020","2020","Kidney and Renal Pelvis","29020","35-39 years","35-39","White","2106-3",38,336868,11.3,8.0,15.5,1.8
,"Missouri","29","2020","2020","Kidney and Renal Pelvis","29020","40-44 years","40-44","White","2106-3",45,310416,14.5,10.6,19.4,2.2
,"Missouri","29","2020","2020","Kidney and Renal Pelvis","29020","45-49 years","45-49","White","2106-3",69,302059,22.8,17.8,28.9,2.8
,"Missouri","29","2020","2020","Kidney and Renal Pelvis","29020","50-54 years","50-54","White","2106-3",100,315565,31.7,25.8,38.5,3.2
,"Missouri","29","2020","2020","Kidney and Renal Pelvis","29020","55-59 years","55-59","Black or African American","2054-5",21,44627,47.1,29.1,71.9,10.3
,"Missouri","29","2020","2020","Kidney and Renal Pelvis","29020","55-59 years","55-59","White","2106-3",156,365352,42.7,36.3,49.9,3.4
,"Missouri","29","2020","2020","Kidney and Renal Pelvis","29020","60-64 years ","60-64","Black or African American","2054-5",39,42079,92.7,65.9,126.7,14.8
,"Missouri","29","2020","2020","Kidney and Renal Pelvis","29020","60-64 years ","60-64","White","2106-3",197,359142,54.9,47.5,63.1,3.9
,"Missouri","29","2020","2020","Kidney and Renal Pelvis","29020","65-69 years","65-69","Black or African American","2054-5",34,32173,105.7,73.2,147.7,18.1
,"Missouri","29","2020","2020","Kidney and Renal Pelvis","29020","65-69 years","65-69","White","2106-3",211,308006,68.5,59.6,78.4,4.7
,"Missouri","29","2020","2020","Kidney and Renal Pelvis","29020","70-74 years","70-74","Black or African American","2054-5",29,22755,127.4,85.4,183.0,23.7
,"Missouri","29","2020","2020","Kidney and Renal Pelvis","29020","70-74 years","70-74","White","2106-3",198,249579,79.3,68.7,91.2,5.6
,"Missouri","29","2020","2020","Kidney and Renal Pelvis","29020","75-79 years","75-79","White","2106-3",144,170198,84.6,71.4,99.6,7.1
,"Missouri","29","2020","2020","Kidney and Renal Pelvis","29020","80-84 years","80-84","White","2106-3",91,109962,82.8,66.6,101.6,8.7
,"Missouri","29","2020","2020","Kidney and Renal Pelvis","29020","85+ years","85+","White","2106-3",61,110330,55.3,42.3,71.0,7.1
,"Missouri","29","2020","2020","Liver","21071","50-54 years","50-54","White","2106-3",21,315565,6.7,4.1,10.2,1.5
,"Missouri","29","2020","2020","Liver","21071","55-59 years","55-59","White","2106-3",39,365352,10.7,7.6,14.6,1.7
,"Missouri","29","2020","2020","Liver","21071","60-64 years ","60-64","White","2106-3",86,359142,23.9,19.2,29.6,2.6
,"Missouri","29","2020","2020","Liver","21071","65-69 years","65-69","Black or African American","2054-5",27,32173,83.9,55.3,122.1,16.2
,"Missouri","29","2020","2020","Liver","21071","65-69 years","65-69","White","2106-3",99,308006,32.1,26.1,39.1,3.2
,"Missouri","29","2020","2020","Liver","21071","70-74 years","70-74","White","2106-3",71,249579,28.4,22.2,35.9,3.4
,"Missouri","29","2020","2020","Liver","21071","75-79 years","75-79","White","2106-3",47,170198,27.6,20.3,36.7,4.0
,"Missouri","29","2020","2020","Liver","21071","80-84 years","80-84","White","2106-3",36,109962,32.7,22.9,45.3,5.5
,"Missouri","29","2020","2020","Liver","21071","85+ years","85+","White","2106-3",24,110330,21.8,13.9,32.4,4.4
,"Missouri","29","2020","2020","Lung and Bronchus","22030","40-44 years","40-44","White","2106-3",25,310416,8.1,5.2,11.9,1.6
,"Missouri","29","2020","2020","Lung and Bronchus","22030","45-49 years","45-49","White","2106-3",72,302059,23.8,18.7,30.0,2.8
,"Missouri","29","2020","2020","Lung and Bronchus","22030","50-54 years","50-54","White","2106-3",148,315565,46.9,39.6,55.1,3.9
,"Missouri","29","2020","2020","Lung and Bronchus","22030","55-59 years","55-59","Black or African American","2054-5",59,44627,132.2,100.6,170.5,17.2
,"Missouri","29","2020","2020","Lung and Bronchus","22030","55-59 years","55-59","White","2106-3",482,365352,131.9,120.4,144.2,6.0
,"Missouri","29","2020","2020","Lung and Bronchus","22030","60-64 years ","60-64","Black or African American","2054-5",107,42079,254.3,208.4,307.3,24.6
,"Missouri","29","2020","2020","Lung and Bronchus","22030","60-64 years ","60-64","White","2106-3",727,359142,202.4,188.0,217.7,7.5
,"Missouri","29","2020","2020","Lung and Bronchus","22030","65-69 years","65-69","Black or African American","2054-5",112,32173,348.1,286.6,418.9,32.9
,"Missouri","29","2020","2020","Lung and Bronchus","22030","65-69 years","65-69","White","2106-3",900,308006,292.2,273.4,311.9,9.7
,"Missouri","29","2020","2020","Lung and Bronchus","22030","70-74 years","70-74","Black or African American","2054-5",75,22755,329.6,259.2,413.2,38.1
,"Missouri","29","2020","2020","Lung and Bronchus","22030","70-74 years","70-74","White","2106-3",923,249579,369.8,346.3,394.5,12.2
,"Missouri","29","2020","2020","Lung and Bronchus","22030","75-79 years","75-79","Black or African American","2054-5",59,14483,407.4,310.1,525.5,53.0
,"Missouri","29","2020","2020","Lung and Bronchus","22030","75-79 years","75-79","White","2106-3",769,170198,451.8,420.5,484.9,16.3
,"Missouri","29","2020","2020","Lung and Bronchus","22030","80-84 years","80-84","Black or African American","2054-5",38,9042,420.3,297.4,576.8,68.2
,"Missouri","29","2020","2020","Lung and Bronchus","22030","80-84 years","80-84","White","2106-3",488,109962,443.8,405.3,485.0,20.1
,"Missouri","29","2020","2020","Lung and Bronchus","22030","85+ years","85+","Black or African American","2054-5",23,8477,271.3,172.0,407.1,56.6
,"Missouri","29","2020","2020","Lung and Bronchus","22030","85+ years","85+","White","2106-3",330,110330,299.1,267.7,333.2,16.5
,"Missouri","29","2020","2020","Prostate","28010","45-49 years","45-49","White","2106-3",30,152640,19.7,13.3,28.1,3.6
,"Missouri","29","2020","2020","Prostate","28010","50-54 years","50-54","Black or African American","2054-5",44,19755,222.7,161.8,299.0,33.6
,"Missouri","29","2020","2020","Prostate","28010","50-54 years","50-54","White","2106-3",129,158652,81.3,67.9,96.6,7.2
,"Missouri","29","2020","2020","Prostate","28010","55-59 years","55-59","Black or African American","2054-5",84,20673,406.3,324.1,503.1,44.3
,"Missouri","29","2020","2020","Prostate","28010","55-59 years","55-59","White","2106-3",339,181697,186.6,167.2,207.5,10.1
,"Missouri","29","2020","2020","Prostate","28010","60-64 years ","60-64","Black or African American","2054-5",124,19114,648.7,539.6,773.5,58.3
,"Missouri","29","2020","2020","Prostate","28010","60-64 years ","60-64","White","2106-3",571,176463,323.6,297.6,351.2,13.5
,"Missouri","29","2020","2020","Prostate","28010","65-69 years","65-69","Black or African American","2054-5",122,14000,871.4,723.7,1040.5,78.9
,"Missouri","29","2020","2020","Prostate","28010","65-69 years","65-69","White","2106-3",785,148055,530.2,493.8,568.6,18.9
,"Missouri","29","2020","2020","Prostate","28010","70-74 years","70-74","Black or African American","2054-5",67,9303,720.2,558.1,914.6,88.0
,"Missouri","29","2020","2020","Prostate","28010","70-74 years","70-74","White","2106-3",672,117756,570.7,528.3,615.5,22.0
,"Missouri","29","2020","2020","Prostate","28010","75-79 years","75-79","Black or African American","2054-5",36,5773,623.6,436.8,863.3,103.9
,"Missouri","29","2020","2020","Prostate","28010","75-79 years","75-79","White","2106-3",396,77526,510.8,461.7,563.7,25.7
,"Missouri","29","2020","2020","Prostate","28010","80-84 years","80-84","White","2106-3",167,47094,354.6,302.9,412.7,27.4
,"Missouri","29","2020","2020","Prostate","28010","85+ years","85+","White","2106-3",119,39051,304.7,252.4,364.7,27.9
,"Missouri","29","2020","2020","Urinary Bladder, invasive and in situ","29010","50-54 years","50-54","White","2106-3",54,315565,17.1,12.9,22.3,2.3
,"Missouri","29","2020","2020","Urinary Bladder, invasive and in situ","29010","55-59 years","55-59","White","2106-3",96,365352,26.3,21.3,32.1,2.7
,"Missouri","29","2020","2020","Urinary Bladder, invasive and in situ","29010","60-64 years ","60-64","White","2106-3",158,359142,44.0,37.4,51.4,3.5
,"Missouri","29","2020","2020","Urinary Bladder, invasive and in situ","29010","65-69 years","65-69","Black or African American","2054-5",23,32173,71.5,45.3,107.3,14.9
,"Missouri","29","2020","2020","Urinary Bladder, invasive and in situ","29010","65-69 years","65-69","White","2106-3",203,308006,65.9,57.2,75.6,4.6
,"Missouri","29","2020","2020","Urinary Bladder, invasive and in situ","29010","70-74 years","70-74","White","2106-3",240,249579,96.2,84.4,109.1,6.2
,"Missouri","29","2020","2020","Urinary Bladder, invasive and in situ","29010","75-79 years","75-79","White","2106-3",228,170198,134.0,117.1,152.5,8.9
,"Missouri","29","2020","2020","Urinary Bladder, invasive and in situ","29010","80-84 years","80-84","White","2106-3",168,109962,152.8,130.6,177.7,11.8
,"Missouri","29","2020","2020","Urinary Bladder, invasive and in situ","29010","85+ years","85+","White","2106-3",204,110330,184.9,160.4,212.1,12.9
,"Montana","30","2020","2020","Breast","26000","35-39 years","35-39","White","2106-3",27,64193,42.1,27.7,61.2,8.1
,"Montana","30","2020","2020","Breast","26000","40-44 years","40-44","White","2106-3",39,59440,65.6,46.7,89.7,10.5
,"Montana","30","2020","2020","Breast","26000","45-49 years","45-49","White","2106-3",55,54271,101.3,76.3,131.9,13.7
,"Montana","30","2020","2020","Breast","26000","50-54 years","50-54","White","2106-3",68,55735,122.0,94.7,154.7,14.8
,"Montana","30","2020","2020","Breast","26000","55-59 years","55-59","White","2106-3",95,67356,141.0,114.1,172.4,14.5
,"Montana","30","2020","2020","Breast","26000","60-64 years ","60-64","White","2106-3",120,73680,162.9,135.0,194.7,14.9
,"Montana","30","2020","2020","Breast","26000","65-69 years","65-69","White","2106-3",142,69378,204.7,172.4,241.2,17.2
,"Montana","30","2020","2020","Breast","26000","70-74 years","70-74","White","2106-3",102,54832,186.0,151.7,225.8,18.4
,"Montana","30","2020","2020","Breast","26000","75-79 years","75-79","White","2106-3",85,34976,243.0,194.1,300.5,26.4
,"Montana","30","2020","2020","Breast","26000","80-84 years","80-84","White","2106-3",42,21730,193.3,139.3,261.3,29.8
,"Montana","30","2020","2020","Breast","26000","85+ years","85+","White","2106-3",38,20668,183.9,130.1,252.4,29.8
,"Montana","30","2020","2020","Kidney and Renal Pelvis","29020","55-59 years","55-59","White","2106-3",16,67356,23.8,13.6,38.6,5.9
,"Montana","30","2020","2020","Kidney and Renal Pelvis","29020","60-64 years ","60-64","White","2106-3",25,73680,33.9,22.0,50.1,6.8
,"Montana","30","2020","2020","Kidney and Renal Pelvis","29020","65-69 years","65-69","White","2106-3",43,69378,62.0,44.9,83.5,9.5
,"Montana","30","2020","2020","Kidney and Renal Pelvis","29020","70-74 years","70-74","White","2106-3",38,54832,69.3,49.0,95.1,11.2
,"Montana","30","2020","2020","Kidney and Renal Pelvis","29020","75-79 years","75-79","White","2106-3",29,34976,82.9,55.5,119.1,15.4
,"Montana","30","2020","2020","Kidney and Renal Pelvis","29020","80-84 years","80-84","White","2106-3",17,21730,78.2,45.6,125.3,19.0
,"Montana","30","2020","2020","Lung and Bronchus","22030","55-59 years","55-59","White","2106-3",41,67356,60.9,43.7,82.6,9.5
,"Montana","30","2020","2020","Lung and Bronchus","22030","60-64 years ","60-64","White","2106-3",76,73680,103.1,81.3,129.1,11.8
,"Montana","30","2020","2020","Lung and Bronchus","22030","65-69 years","65-69","White","2106-3",117,69378,168.6,139.5,202.1,15.6
,"Montana","30","2020","2020","Lung and Bronchus","22030","70-74 years","70-74","White","2106-3",145,54832,264.4,223.2,311.2,22.0
,"Montana","30","2020","2020","Lung and Bronchus","22030","75-79 years","75-79","White","2106-3",107,34976,305.9,250.7,369.7,29.6
,"Montana","30","2020","2020","Lung and Bronchus","22030","80-84 years","80-84","White","2106-3",75,21730,345.1,271.5,432.6,39.9
,"Montana","30","2020","2020","Lung and Bronchus","22030","85+ years","85+","White","2106-3",56,20668,271.0,204.7,351.9,36.2
,"Montana","30","2020","2020","Prostate","28010","50-54 years","50-54","White","2106-3",21,28458,73.8,45.7,112.8,16.1
,"Montana","30","2020","2020","Prostate","28010","55-59 years","55-59","White","2106-3",64,33598,190.5,146.7,243.2,23.8
,"Montana","30","2020","2020","Prostate","28010","60-64 years ","60-64","White","2106-3",176,36380,483.8,414.9,560.8,36.5
,"Montana","30","2020","2020","Prostate","28010","65-69 years","65-69","White","2106-3",259,34567,749.3,660.8,846.3,46.6
,"Montana","30","2020","2020","Prostate","28010","70-74 years","70-74","White","2106-3",203,27704,732.7,635.4,840.8,51.4
,"Montana","30","2020","2020","Prostate","28010","75-79 years","75-79","White","2106-3",119,17315,687.3,569.3,822.4,63.0
,"Montana","30","2020","2020","Prostate","28010","80-84 years","80-84","White","2106-3",50,10211,489.7,363.4,645.6,69.2
,"Montana","30","2020","2020","Prostate","28010","85+ years","85+","White","2106-3",28,8100,345.7,229.7,499.6,65.3
,"Montana","30","2020","2020","Urinary Bladder, invasive and in situ","29010","55-59 years","55-59","White","2106-3",19,67356,28.2,17.0,44.1,6.5
,"Montana","30","2020","2020","Urinary Bladder, invasive and in situ","29010","60-64 years ","60-64","White","2106-3",29,73680,39.4,26.4,56.5,7.3
,"Montana","30","2020","2020","Urinary Bladder, invasive and in situ","29010","65-69 years","65-69","White","2106-3",38,69378,54.8,38.8,75.2,8.9
,"Montana","30","2020","2020","Urinary Bladder, invasive and in situ","29010","70-74 years","70-74","White","2106-3",66,54832,120.4,93.1,153.1,14.8
,"Montana","30","2020","2020","Urinary Bladder, invasive and in situ","29010","75-79 years","75-79","White","2106-3",44,34976,125.8,91.4,168.9,19.0
,"Montana","30","2020","2020","Urinary Bladder, invasive and in situ","29010","80-84 years","80-84","White","2106-3",45,21730,207.1,151.1,277.1,30.9
,"Montana","30","2020","2020","Urinary Bladder, invasive and in situ","29010","85+ years","85+","White","2106-3",39,20668,188.7,134.2,258.0,30.2
,"Nebraska","31","2020","2020","Breast","26000","30-34 years","30-34","White","2106-3",20,108899,18.4,11.2,28.4,4.1
,"Nebraska","31","2020","2020","Breast","26000","35-39 years","35-39","White","2106-3",40,117778,34.0,24.3,46.2,5.4
,"Nebraska","31","2020","2020","Breast","26000","40-44 years","40-44","White","2106-3",71,106233,66.8,52.2,84.3,7.9
,"Nebraska","31","2020","2020","Breast","26000","45-49 years","45-49","White","2106-3",100,99128,100.9,82.1,122.7,10.1
,"Nebraska","31","2020","2020","Breast","26000","50-54 years","50-54","White","2106-3",106,98982,107.1,87.7,129.5,10.4
,"Nebraska","31","2020","2020","Breast","26000","55-59 years","55-59","White","2106-3",177,114188,155.0,133.0,179.6,11.7
,"Nebraska","31","2020","2020","Breast","26000","60-64 years ","60-64","White","2106-3",188,113751,165.3,142.5,190.7,12.1
,"Nebraska","31","2020","2020","Breast","26000","65-69 years","65-69","White","2106-3",197,99392,198.2,171.5,227.9,14.1
,"Nebraska","31","2020","2020","Breast","26000","70-74 years","70-74","White","2106-3",170,77505,219.3,187.6,254.9,16.8
,"Nebraska","31","2020","2020","Breast","26000","75-79 years","75-79","White","2106-3",107,50444,212.1,173.8,256.3,20.5
,"Nebraska","31","2020","2020","Breast","26000","80-84 years","80-84","White","2106-3",93,34675,268.2,216.5,328.6,27.8
,"Nebraska","31","2020","2020","Breast","26000","85+ years","85+","White","2106-3",68,37975,179.1,139.1,227.0,21.7
,"Nebraska","31","2020","2020","Kidney and Renal Pelvis","29020","40-44 years","40-44","White","2106-3",18,106233,16.9,10.0,26.8,4.0
,"Nebraska","31","2020","2020","Kidney and Renal Pelvis","29020","50-54 years","50-54","White","2106-3",30,98982,30.3,20.4,43.3,5.5
,"Nebraska","31","2020","2020","Kidney and Renal Pelvis","29020","55-59 years","55-59","White","2106-3",42,114188,36.8,26.5,49.7,5.7
,"Nebraska","31","2020","2020","Kidney and Renal Pelvis","29020","60-64 years ","60-64","White","2106-3",59,113751,51.9,39.5,66.9,6.8
,"Nebraska","31","2020","2020","Kidney and Renal Pelvis","29020","65-69 years","65-69","White","2106-3",65,99392,65.4,50.5,83.4,8.1
,"Nebraska","31","2020","2020","Kidney and Renal Pelvis","29020","70-74 years","70-74","White","2106-3",50,77505,64.5,47.9,85.1,9.1
,"Nebraska","31","2020","2020","Kidney and Renal Pelvis","29020","75-79 years","75-79","White","2106-3",43,50444,85.2,61.7,114.8,13.0
,"Nebraska","31","2020","2020","Kidney and Renal Pelvis","29020","80-84 years","80-84","White","2106-3",23,34675,66.3,42.0,99.5,13.8
,"Nebraska","31","2020","2020","Liver","21071","60-64 years ","60-64","White","2106-3",16,113751,14.1,8.0,22.8,3.5
,"Nebraska","31","2020","2020","Liver","21071","65-69 years","65-69","White","2106-3",19,99392,19.1,11.5,29.9,4.4
,"Nebraska","31","2020","2020","Liver","21071","70-74 years","70-74","White","2106-3",16,77505,20.6,11.8,33.5,5.2
,"Nebraska","31","2020","2020","Lung and Bronchus","22030","50-54 years","50-54","White","2106-3",27,98982,27.3,18.0,39.7,5.2
,"Nebraska","31","2020","2020","Lung and Bronchus","22030","55-59 years","55-59","White","2106-3",85,114188,74.4,59.5,92.0,8.1
,"Nebraska","31","2020","2020","Lung and Bronchus","22030","60-64 years ","60-64","White","2106-3",158,113751,138.9,118.1,162.3,11.1
,"Nebraska","31","2020","2020","Lung and Bronchus","22030","65-69 years","65-69","White","2106-3",194,99392,195.2,168.7,224.7,14.0
,"Nebraska","31","2020","2020","Lung and Bronchus","22030","70-74 years","70-74","White","2106-3",194,77505,250.3,216.3,288.1,18.0
,"Nebraska","31","2020","2020","Lung and Bronchus","22030","75-79 years","75-79","White","2106-3",162,50444,321.1,273.6,374.6,25.2
,"Nebraska","31","2020","2020","Lung and Bronchus","22030","80-84 years","80-84","White","2106-3",134,34675,386.4,323.8,457.7,33.4
,"Nebraska","31","2020","2020","Lung and Bronchus","22030","85+ years","85+","White","2106-3",75,37975,197.5,155.3,247.6,22.8
,"Nebraska","31","2020","2020","Prostate","28010","50-54 years","50-54","White","2106-3",57,50630,112.6,85.3,145.9,14.9
,"Nebraska","31","2020","2020","Prostate","28010","55-59 years","55-59","White","2106-3",106,57379,184.7,151.2,223.4,17.9
,"Nebraska","31","2020","2020","Prostate","28010","60-64 years ","60-64","Black or African American","2054-5",16,2331,686.4,392.3,1114.7,171.6
,"Nebraska","31","2020","2020","Prostate","28010","60-64 years ","60-64","White","2106-3",255,57005,447.3,394.1,505.7,28.0
,"Nebraska","31","2020","2020","Prostate","28010","65-69 years","65-69","Black or African American","2054-5",18,1577,1141.4,676.5,1803.9,269.0
,"Nebraska","31","2020","2020","Prostate","28010","65-69 years","65-69","White","2106-3",303,48547,624.1,555.8,698.5,35.9
,"Nebraska","31","2020","2020","Prostate","28010","70-74 years","70-74","White","2106-3",198,37259,531.4,460.0,610.8,37.8
,"Nebraska","31","2020","2020","Prostate","28010","75-79 years","75-79","White","2106-3",112,23309,480.5,395.6,578.2,45.4
,"Nebraska","31","2020","2020","Prostate","28010","80-84 years","80-84","White","2106-3",62,14859,417.3,319.9,534.9,53.0
,"Nebraska","31","2020","2020","Prostate","28010","85+ years","85+","White","2106-3",43,13596,316.3,228.9,426.0,48.2
,"Nebraska","31","2020","2020","Urinary Bladder, invasive and in situ","29010","55-59 years","55-59","White","2106-3",18,114188,15.8,9.3,24.9,3.7
,"Nebraska","31","2020","2020","Urinary Bladder, invasive and in situ","29010","60-64 years ","60-64","White","2106-3",45,113751,39.6,28.9,52.9,5.9
,"Nebraska","31","2020","2020","Urinary Bladder, invasive and in situ","29010","65-69 years","65-69","White","2106-3",56,99392,56.3,42.6,73.2,7.5
,"Nebraska","31","2020","2020","Urinary Bladder, invasive and in situ","29010","70-74 years","70-74","White","2106-3",56,77505,72.3,54.6,93.8,9.7
,"Nebraska","31","2020","2020","Urinary Bladder, invasive and in situ","29010","75-79 years","75-79","White","2106-3",61,50444,120.9,92.5,155.3,15.5
,"Nebraska","31","2020","2020","Urinary Bladder, invasive and in situ","29010","80-84 years","80-84","White","2106-3",40,34675,115.4,82.4,157.1,18.2
,"Nebraska","31","2020","2020","Urinary Bladder, invasive and in situ","29010","85+ years","85+","White","2106-3",79,37975,208.0,164.7,259.3,23.4
,"Nevada","32","2020","2020","Breast","26000","30-34 years","30-34","White","2106-3",20,166466,12.0,7.3,18.6,2.7
,"Nevada","32","2020","2020","Breast","26000","35-39 years","35-39","White","2106-3",59,162672,36.3,27.6,46.8,4.7
,"Nevada","32","2020","2020","Breast","26000","40-44 years","40-44","White","2106-3",85,150512,56.5,45.1,69.8,6.1
,"Nevada","32","2020","2020","Breast","26000","45-49 years","45-49","Black or African American","2054-5",16,21133,75.7,43.3,122.9,18.9
,"Nevada","32","2020","2020","Breast","26000","45-49 years","45-49","White","2106-3",128,149455,85.6,71.5,101.8,7.6
,"Nevada","32","2020","2020","Breast","26000","50-54 years","50-54","Asian or Pacific Islander","A-PI",23,22778,101.0,64.0,151.5,21.1
,"Nevada","32","2020","2020","Breast","26000","50-54 years","50-54","Black or African American","2054-5",24,19781,121.3,77.7,180.5,24.8
,"Nevada","32","2020","2020","Breast","26000","50-54 years","50-54","White","2106-3",143,152888,93.5,78.8,110.2,7.8
,"Nevada","32","2020","2020","Breast","26000","55-59 years","55-59","Asian or Pacific Islander","A-PI",33,22034,149.8,103.1,210.3,26.1
,"Nevada","32","2020","2020","Breast","26000","55-59 years","55-59","Black or African American","2054-5",28,18892,148.2,98.5,214.2,28.0
,"Nevada","32","2020","2020","Breast","26000","55-59 years","55-59","White","2106-3",165,156820,105.2,89.8,122.6,8.2
,"Nevada","32","2020","2020","Breast","26000","60-64 years ","60-64","Asian or Pacific Islander","A-PI",32,20327,157.4,107.7,222.2,27.8
,"Nevada","32","2020","2020","Breast","26000","60-64 years ","60-64","Black or African American","2054-5",25,16688,149.8,96.9,221.1,30.0
,"Nevada","32","2020","2020","Breast","26000","60-64 years ","60-64","White","2106-3",210,150520,139.5,121.3,159.7,9.6
,"Nevada","32","2020","2020","Breast","26000","65-69 years","65-69","Asian or Pacific Islander","A-PI",34,18902,179.9,124.6,251.4,30.8
,"Nevada","32","2020","2020","Breast","26000","65-69 years","65-69","Black or African American","2054-5",28,13375,209.3,139.1,302.6,39.6
,"Nevada","32","2020","2020","Breast","26000","65-69 years","65-69","White","2106-3",229,135367,169.2,148.0,192.6,11.2
,"Nevada","32","2020","2020","Breast","26000","70-74 years","70-74","Asian or Pacific Islander","A-PI",28,15664,178.8,118.8,258.3,33.8
,"Nevada","32","2020","2020","Breast","26000","70-74 years","70-74","Black or African American","2054-5",26,10054,258.6,168.9,378.9,50.7
,"Nevada","32","2020","2020","Breast","26000","70-74 years","70-74","White","2106-3",272,117277,231.9,205.2,261.2,14.1
,"Nevada","32","2020","2020","Breast","26000","75-79 years","75-79","Asian or Pacific Islander","A-PI",18,9647,186.6,110.6,294.9,44.0
,"Nevada","32","2020","2020","Breast","26000","75-79 years","75-79","White","2106-3",176,77832,226.1,194.0,262.1,17.0
,"Nevada","32","2020","2020","Breast","26000","80-84 years","80-84","White","2106-3",106,44880,236.2,193.4,285.7,22.9
,"Nevada","32","2020","2020","Breast","26000","85+ years","85+","White","2106-3",79,34819,226.9,179.6,282.8,25.5
,"Nevada","32","2020","2020","Kidney and Renal Pelvis","29020","45-49 years","45-49","White","2106-3",21,149455,14.1,8.7,21.5,3.1
,"Nevada","32","2020","2020","Kidney and Renal Pelvis","29020","50-54 years","50-54","White","2106-3",21,152888,13.7,8.5,21.0,3.0
,"Nevada","32","2020","2020","Kidney and Renal Pelvis","29020","55-59 years","55-59","White","2106-3",42,156820,26.8,19.3,36.2,4.1
,"Nevada","32","2020","2020","Kidney and Renal Pelvis","29020","60-64 years ","60-64","White","2106-3",46,150520,30.6,22.4,40.8,4.5
,"Nevada","32","2020","2020","Kidney and Renal Pelvis","29020","65-69 years","65-69","White","2106-3",59,135367,43.6,33.2,56.2,5.7
,"Nevada","32","2020","2020","Kidney and Renal Pelvis","29020","70-74 years","70-74","White","2106-3",65,117277,55.4,42.8,70.6,6.9
,"Nevada","32","2020","2020","Kidney and Renal Pelvis","29020","75-79 years","75-79","White","2106-3",47,77832,60.4,44.4,80.3,8.8
,"Nevada","32","2020","2020","Kidney and Renal Pelvis","29020","80-84 years","80-84","White","2106-3",26,44880,57.9,37.8,84.9,11.4
,"Nevada","32","2020","2020","Kidney and Renal Pelvis","29020","85+ years","85+","White","2106-3",21,34819,60.3,37.3,92.2,13.2
,"Nevada","32","2020","2020","Liver","21071","60-64 years ","60-64","White","2106-3",42,150520,27.9,20.1,37.7,4.3
,"Nevada","32","2020","2020","Liver","21071","65-69 years","65-69","White","2106-3",45,135367,33.2,24.2,44.5,5.0
,"Nevada","32","2020","2020","Liver","21071","70-74 years","70-74","White","2106-3",33,117277,28.1,19.4,39.5,4.9
,"Nevada","32","2020","2020","Lung and Bronchus","22030","50-54 years","50-54","White","2106-3",26,152888,17.0,11.1,24.9,3.3
,"Nevada","32","2020","2020","Lung and Bronchus","22030","55-59 years","55-59","Black or African American","2054-5",16,18892,84.7,48.4,137.5,21.2
,"Nevada","32","2020","2020","Lung and Bronchus","22030","55-59 years","55-59","White","2106-3",96,156820,61.2,49.6,74.8,6.2
,"Nevada","32","2020","2020","Lung and Bronchus","22030","60-64 years ","60-64","Black or African American","2054-5",25,16688,149.8,96.9,221.1,30.0
,"Nevada","32","2020","2020","Lung and Bronchus","22030","60-64 years ","60-64","White","2106-3",183,150520,121.6,104.6,140.5,9.0
,"Nevada","32","2020","2020","Lung and Bronchus","22030","65-69 years","65-69","Asian or Pacific Islander","A-PI",26,18902,137.6,89.9,201.5,27.0
,"Nevada","32","2020","2020","Lung and Bronchus","22030","65-69 years","65-69","Black or African American","2054-5",23,13375,172.0,109.0,258.0,35.9
,"Nevada","32","2020","2020","Lung and Bronchus","22030","65-69 years","65-69","White","2106-3",215,135367,158.8,138.3,181.5,10.8
,"Nevada","32","2020","2020","Lung and Bronchus","22030","70-74 years","70-74","Asian or Pacific Islander","A-PI",27,15664,172.4,113.6,250.8,33.2
,"Nevada","32","2020","2020","Lung and Bronchus","22030","70-74 years","70-74","Black or African American","2054-5",29,10054,288.4,193.2,414.2,53.6
,"Nevada","32","2020","2020","Lung and Bronchus","22030","70-74 years","70-74","White","2106-3",293,117277,249.8,222.0,280.1,14.6
,"Nevada","32","2020","2020","Lung and Bronchus","22030","75-79 years","75-79","Asian or Pacific Islander","A-PI",19,9647,197.0,118.6,307.6,45.2
,"Nevada","32","2020","2020","Lung and Bronchus","22030","75-79 years","75-79","Black or African American","2054-5",21,6354,330.5,204.6,505.2,72.1
,"Nevada","32","2020","2020","Lung and Bronchus","22030","75-79 years","75-79","White","2106-3",263,77832,337.9,298.3,381.3,20.8
,"Nevada","32","2020","2020","Lung and Bronchus","22030","80-84 years","80-84","Asian or Pacific Islander","A-PI",16,5704,280.5,160.3,455.5,70.1
,"Nevada","32","2020","2020","Lung and Bronchus","22030","80-84 years","80-84","White","2106-3",194,44880,432.3,373.6,497.6,31.0
,"Nevada","32","2020","2020","Lung and Bronchus","22030","85+ years","85+","Asian or Pacific Islander","A-PI",17,4174,407.3,237.3,652.1,98.8
,"Nevada","32","2020","2020","Lung and Bronchus","22030","85+ years","85+","White","2106-3",133,34819,382.0,319.8,452.7,33.1
,"Nevada","32","2020","2020","Prostate","28010","50-54 years","50-54","Black or African American","2054-5",16,9943,160.9,92.0,261.3,40.2
,"Nevada","32","2020","2020","Prostate","28010","50-54 years","50-54","White","2106-3",49,80539,60.8,45.0,80.4,8.7
,"Nevada","32","2020","2020","Prostate","28010","55-59 years","55-59","Black or African American","2054-5",41,9447,434.0,311.4,588.8,67.8
,"Nevada","32","2020","2020","Prostate","28010","55-59 years","55-59","White","2106-3",120,81159,147.9,122.6,176.8,13.5
,"Nevada","32","2020","2020","Prostate","28010","60-64 years ","60-64","Asian or Pacific Islander","A-PI",25,8468,295.2,191.1,435.8,59.0
,"Nevada","32","2020","2020","Prostate","28010","60-64 years ","60-64","Black or African American","2054-5",45,8055,558.7,407.5,747.5,83.3
,"Nevada","32","2020","2020","Prostate","28010","60-64 years ","60-64","White","2106-3",230,76603,300.2,262.7,341.7,19.8
,"Nevada","32","2020","2020","Prostate","28010","65-69 years","65-69","Asian or Pacific Islander","A-PI",32,7689,416.2,284.7,587.5,73.6
,"Nevada","32","2020","2020","Prostate","28010","65-69 years","65-69","Black or African American","2054-5",76,6266,1212.9,955.6,1518.1,139.1
,"Nevada","32","2020","2020","Prostate","28010","65-69 years","65-69","White","2106-3",329,66785,492.6,440.8,548.8,27.2
,"Nevada","32","2020","2020","Prostate","28010","70-74 years","70-74","Asian or Pacific Islander","A-PI",27,6478,416.8,274.7,606.4,80.2
,"Nevada","32","2020","2020","Prostate","28010","70-74 years","70-74","Black or African American","2054-5",42,4454,943.0,679.6,1274.6,145.5
,"Nevada","32","2020","2020","Prostate","28010","70-74 years","70-74","White","2106-3",307,58152,527.9,470.5,590.4,30.1
,"Nevada","32","2020","2020","Prostate","28010","75-79 years","75-79","Asian or Pacific Islander","A-PI",17,4057,419.0,244.1,670.9,101.6
,"Nevada","32","2020","2020","Prostate","28010","75-79 years","75-79","Black or African American","2054-5",19,2814,675.2,406.5,1054.4,154.9
,"Nevada","32","2020","2020","Prostate","28010","75-79 years","75-79","White","2106-3",206,38039,541.5,470.1,620.8,37.7
,"Nevada","32","2020","2020","Prostate","28010","80-84 years","80-84","White","2106-3",89,21685,410.4,329.6,505.1,43.5
,"Nevada","32","2020","2020","Prostate","28010","85+ years","85+","White","2106-3",77,14847,518.6,409.3,648.2,59.1
,"Nevada","32","2020","2020","Urinary Bladder, invasive and in situ","29010","55-59 years","55-59","White","2106-3",32,156820,20.4,14.0,28.8,3.6
,"Nevada","32","2020","2020","Urinary Bladder, invasive and in situ","29010","60-64 years ","60-64","White","2106-3",63,150520,41.9,32.2,53.6,5.3
,"Nevada","32","2020","2020","Urinary Bladder, invasive and in situ","29010","65-69 years","65-69","White","2106-3",102,135367,75.4,61.4,91.5,7.5
,"Nevada","32","2020","2020","Urinary Bladder, invasive and in situ","29010","70-74 years","70-74","White","2106-3",132,117277,112.6,94.2,133.5,9.8
,"Nevada","32","2020","2020","Urinary Bladder, invasive and in situ","29010","75-79 years","75-79","White","2106-3",110,77832,141.3,116.2,170.3,13.5
,"Nevada","32","2020","2020","Urinary Bladder, invasive and in situ","29010","80-84 years","80-84","White","2106-3",88,44880,196.1,157.3,241.6,20.9
,"Nevada","32","2020","2020","Urinary Bladder, invasive and in situ","29010","85+ years","85+","White","2106-3",73,34819,209.7,164.3,263.6,24.5
,"New Hampshire","33","2020","2020","Breast","26000","30-34 years","30-34","White","2106-3",17,80635,21.1,12.3,33.8,5.1
,"New Hampshire","33","2020","2020","Breast","26000","35-39 years","35-39","White","2106-3",25,78037,32.0,20.7,47.3,6.4
,"New Hampshire","33","2020","2020","Breast","26000","40-44 years","40-44","White","2106-3",49,72341,67.7,50.1,89.5,9.7
,"New Hampshire","33","2020","2020","Breast","26000","45-49 years","45-49","White","2106-3",90,78394,114.8,92.3,141.1,12.1
,"New Hampshire","33","2020","2020","Breast","26000","50-54 years","50-54","White","2106-3",122,92164,132.4,109.9,158.1,12.0
,"New Hampshire","33","2020","2020","Breast","26000","55-59 years","55-59","White","2106-3",150,106961,140.2,118.7,164.6,11.5
,"New Hampshire","33","2020","2020","Breast","26000","60-64 years ","60-64","White","2106-3",189,104509,180.8,156.0,208.5,13.2
,"New Hampshire","33","2020","2020","Breast","26000","65-69 years","65-69","White","2106-3",162,86428,187.4,159.7,218.6,14.7
,"New Hampshire","33","2020","2020","Breast","26000","70-74 years","70-74","White","2106-3",152,69017,220.2,186.6,258.2,17.9
,"New Hampshire","33","2020","2020","Breast","26000","75-79 years","75-79","White","2106-3",125,43497,287.4,239.2,342.4,25.7
,"New Hampshire","33","2020","2020","Breast","26000","80-84 years","80-84","White","2106-3",73,26138,279.3,218.9,351.2,32.7
,"New Hampshire","33","2020","2020","Breast","26000","85+ years","85+","White","2106-3",53,27649,191.7,143.6,250.7,26.3
,"New Hampshire","33","2020","2020","Kidney and Renal Pelvis","29020","50-54 years","50-54","White","2106-3",17,92164,18.4,10.7,29.5,4.5
,"New Hampshire","33","2020","2020","Kidney and Renal Pelvis","29020","55-59 years","55-59","White","2106-3",30,106961,28.0,18.9,40.0,5.1
,"New Hampshire","33","2020","2020","Kidney and Renal Pelvis","29020","60-64 years ","60-64","White","2106-3",42,104509,40.2,29.0,54.3,6.2
,"New Hampshire","33","2020","2020","Kidney and Renal Pelvis","29020","65-69 years","65-69","White","2106-3",39,86428,45.1,32.1,61.7,7.2
,"New Hampshire","33","2020","2020","Kidney and Renal Pelvis","29020","70-74 years","70-74","White","2106-3",53,69017,76.8,57.5,100.4,10.5
,"New Hampshire","33","2020","2020","Kidney and Renal Pelvis","29020","75-79 years","75-79","White","2106-3",41,43497,94.3,67.6,127.9,14.7
,"New Hampshire","33","2020","2020","Kidney and Renal Pelvis","29020","80-84 years","80-84","White","2106-3",21,26138,80.3,49.7,122.8,17.5
,"New Hampshire","33","2020","2020","Liver","21071","60-64 years ","60-64","White","2106-3",19,104509,18.2,10.9,28.4,4.2
,"New Hampshire","33","2020","2020","Liver","21071","65-69 years","65-69","White","2106-3",26,86428,30.1,19.7,44.1,5.9
,"New Hampshire","33","2020","2020","Liver","21071","70-74 years","70-74","White","2106-3",20,69017,29.0,17.7,44.8,6.5
,"New Hampshire","33","2020","2020","Lung and Bronchus","22030","45-49 years","45-49","White","2106-3",16,78394,20.4,11.7,33.1,5.1
,"New Hampshire","33","2020","2020","Lung and Bronchus","22030","50-54 years","50-54","White","2106-3",31,92164,33.6,22.9,47.7,6.0
,"New Hampshire","33","2020","2020","Lung and Bronchus","22030","55-59 years","55-59","White","2106-3",111,106961,103.8,85.4,125.0,9.8
,"New Hampshire","33","2020","2020","Lung and Bronchus","22030","60-64 years ","60-64","White","2106-3",172,104509,164.6,140.9,191.1,12.5
,"New Hampshire","33","2020","2020","Lung and Bronchus","22030","65-69 years","65-69","White","2106-3",201,86428,232.6,201.5,267.0,16.4
,"New Hampshire","33","2020","2020","Lung and Bronchus","22030","70-74 years","70-74","White","2106-3",180,69017,260.8,224.1,301.8,19.4
,"New Hampshire","33","2020","2020","Lung and Bronchus","22030","75-79 years","75-79","White","2106-3",195,43497,448.3,387.6,515.8,32.1
,"New Hampshire","33","2020","2020","Lung and Bronchus","22030","80-84 years","80-84","White","2106-3",117,26138,447.6,370.2,536.5,41.4
,"New Hampshire","33","2020","2020","Lung and Bronchus","22030","85+ years","85+","White","2106-3",84,27649,303.8,242.3,376.1,33.1
,"New Hampshire","33","2020","2020","Prostate","28010","50-54 years","50-54","White","2106-3",46,46048,99.9,73.1,133.2,14.7
,"New Hampshire","33","2020","2020","Prostate","28010","55-59 years","55-59","White","2106-3",114,53024,215.0,177.3,258.3,20.1
,"New Hampshire","33","2020","2020","Prostate","28010","60-64 years ","60-64","White","2106-3",203,51879,391.3,339.3,449.0,27.5
,"New Hampshire","33","2020","2020","Prostate","28010","65-69 years","65-69","White","2106-3",274,42422,645.9,571.7,727.1,39.0
,"New Hampshire","33","2020","2020","Prostate","28010","70-74 years","70-74","White","2106-3",197,33350,590.7,511.1,679.2,42.1
,"New Hampshire","33","2020","2020","Prostate","28010","75-79 years","75-79","White","2106-3",125,20387,613.1,510.4,730.5,54.8
,"New Hampshire","33","2020","2020","Prostate","28010","80-84 years","80-84","White","2106-3",57,11448,497.9,377.1,645.1,65.9
,"New Hampshire","33","2020","2020","Prostate","28010","85+ years","85+","White","2106-3",34,9710,350.2,242.5,489.3,60.1
,"New Hampshire","33","2020","2020","Urinary Bladder, invasive and in situ","29010","55-59 years","55-59","White","2106-3",33,106961,30.9,21.2,43.3,5.4
,"New Hampshire","33","2020","2020","Urinary Bladder, invasive and in situ","29010","60-64 years ","60-64","White","2106-3",53,104509,50.7,38.0,66.3,7.0
,"New Hampshire","33","2020","2020","Urinary Bladder, invasive and in situ","29010","65-69 years","65-69","White","2106-3",80,86428,92.6,73.4,115.2,10.3
,"New Hampshire","33","2020","2020","Urinary Bladder, invasive and in situ","29010","70-74 years","70-74","White","2106-3",92,69017,133.3,107.5,163.5,13.9
,"New Hampshire","33","2020","2020","Urinary Bladder, invasive and in situ","29010","75-79 years","75-79","White","2106-3",89,43497,204.6,164.3,251.8,21.7
,"New Hampshire","33","2020","2020","Urinary Bladder, invasive and in situ","29010","80-84 years","80-84","White","2106-3",65,26138,248.7,191.9,317.0,30.8
,"New Hampshire","33","2020","2020","Urinary Bladder, invasive and in situ","29010","85+ years","85+","White","2106-3",49,27649,177.2,131.1,234.3,25.3
,"New Jersey","34","2020","2020","Breast","26000","25-29 years","25-29","White","2106-3",19,402511,4.7,2.8,7.4,1.1
,"New Jersey","34","2020","2020","Breast","26000","30-34 years","30-34","Black or African American","2054-5",20,109240,18.3,11.2,28.3,4.1
,"New Jersey","34","2020","2020","Breast","26000","30-34 years","30-34","White","2106-3",59,410750,14.4,10.9,18.5,1.9
,"New Jersey","34","2020","2020","Breast","26000","35-39 years","35-39","Asian or Pacific Islander","A-PI",25,87111,28.7,18.6,42.4,5.7
,"New Jersey","34","2020","2020","Breast","26000","35-39 years","35-39","Black or African American","2054-5",34,100377,33.9,23.5,47.3,5.8
,"New Jersey","34","2020","2020","Breast","26000","35-39 years","35-39","White","2106-3",148,420497,35.2,29.8,41.3,2.9
,"New Jersey","34","2020","2020","Breast","26000","40-44 years","40-44","Asian or Pacific Islander","A-PI",53,82501,64.2,48.1,84.0,8.8
,"New Jersey","34","2020","2020","Breast","26000","40-44 years","40-44","Black or African American","2054-5",70,97139,72.1,56.2,91.0,8.6
,"New Jersey","34","2020","2020","Breast","26000","40-44 years","40-44","White","2106-3",272,410063,66.3,58.7,74.7,4.0
,"New Jersey","34","2020","2020","Breast","26000","45-49 years","45-49","Asian or Pacific Islander","A-PI",81,77745,104.2,82.7,129.5,11.6
,"New Jersey","34","2020","2020","Breast","26000","45-49 years","45-49","Black or African American","2054-5",94,96080,97.8,79.1,119.7,10.1
,"New Jersey","34","2020","2020","Breast","26000","45-49 years","45-49","White","2106-3",472,421400,112.0,102.1,122.6,5.2
,"New Jersey","34","2020","2020","Breast","26000","50-54 years","50-54","Asian or Pacific Islander","A-PI",80,65540,122.1,96.8,151.9,13.6
,"New Jersey","34","2020","2020","Breast","26000","50-54 years","50-54","Black or African American","2054-5",107,98223,108.9,89.3,131.6,10.5
,"New Jersey","34","2020","2020","Breast","26000","50-54 years","50-54","White","2106-3",556,471648,117.9,108.3,128.1,5.0
,"New Jersey","34","2020","2020","Breast","26000","55-59 years","55-59","Asian or Pacific Islander","A-PI",65,58394,111.3,85.9,141.9,13.8
,"New Jersey","34","2020","2020","Breast","26000","55-59 years","55-59","Black or African American","2054-5",124,97041,127.8,106.3,152.4,11.5
,"New Jersey","34","2020","2020","Breast","26000","55-59 years","55-59","White","2106-3",638,510899,124.9,115.4,135.0,4.9
,"New Jersey","34","2020","2020","Breast","26000","60-64 years ","60-64","Asian or Pacific Islander","A-PI",61,51609,118.2,90.4,151.8,15.1
,"New Jersey","34","2020","2020","Breast","26000","60-64 years ","60-64","Black or African American","2054-5",130,82625,157.3,131.5,186.8,13.8
,"New Jersey","34","2020","2020","Breast","26000","60-64 years ","60-64","White","2106-3",833,477732,174.4,162.7,186.6,6.0
,"New Jersey","34","2020","2020","Breast","26000","65-69 years","65-69","Asian or Pacific Islander","A-PI",62,40167,154.4,118.3,197.9,19.6
,"New Jersey","34","2020","2020","Breast","26000","65-69 years","65-69","Black or African American","2054-5",126,59839,210.6,175.4,250.7,18.8
,"New Jersey","34","2020","2020","Breast","26000","65-69 years","65-69","White","2106-3",750,390802,191.9,178.4,206.2,7.0
,"New Jersey","34","2020","2020","Breast","26000","70-74 years","70-74","Asian or Pacific Islander","A-PI",39,32048,121.7,86.5,166.4,19.5
,"New Jersey","34","2020","2020","Breast","26000","70-74 years","70-74","Black or African American","2054-5",92,44880,205.0,165.3,251.4,21.4
,"New Jersey","34","2020","2020","Breast","26000","70-74 years","70-74","White","2106-3",740,317144,233.3,216.8,250.8,8.6
,"New Jersey","34","2020","2020","Breast","26000","75-79 years","75-79","Asian or Pacific Islander","A-PI",40,20885,191.5,136.8,260.8,30.3
,"New Jersey","34","2020","2020","Breast","26000","75-79 years","75-79","Black or African American","2054-5",87,29716,292.8,234.5,361.1,31.4
,"New Jersey","34","2020","2020","Breast","26000","75-79 years","75-79","White","2106-3",589,217398,270.9,249.5,293.7,11.2
,"New Jersey","34","2020","2020","Breast","26000","80-84 years","80-84","Black or African American","2054-5",48,19797,242.5,178.8,321.5,35.0
,"New Jersey","34","2020","2020","Breast","26000","80-84 years","80-84","White","2106-3",353,140961,250.4,225.0,278.0,13.3
,"New Jersey","34","2020","2020","Breast","26000","85+ years","85+","Black or African American","2054-5",40,16991,235.4,168.2,320.6,37.2
,"New Jersey","34","2020","2020","Breast","26000","85+ years","85+","White","2106-3",391,155218,251.9,227.6,278.2,12.7
,"New Jersey","34","2020","2020","Kidney and Renal Pelvis","29020","35-39 years","35-39","White","2106-3",19,420497,4.5,2.7,7.1,1.0
,"New Jersey","34","2020","2020","Kidney and Renal Pelvis","29020","40-44 years","40-44","White","2106-3",40,410063,9.8,7.0,13.3,1.5
,"New Jersey","34","2020","2020","Kidney and Renal Pelvis","29020","45-49 years","45-49","Black or African American","2054-5",20,96080,20.8,12.7,32.1,4.7
,"New Jersey","34","2020","2020","Kidney and Renal Pelvis","29020","45-49 years","45-49","White","2106-3",58,421400,13.8,10.5,17.8,1.8
,"New Jersey","34","2020","2020","Kidney and Renal Pelvis","29020","50-54 years","50-54","White","2106-3",82,471648,17.4,13.8,21.6,1.9
,"New Jersey","34","2020","2020","Kidney and Renal Pelvis","29020","55-59 years","55-59","Asian or Pacific Islander","A-PI",16,58394,27.4,15.7,44.5,6.9
,"New Jersey","34","2020","2020","Kidney and Renal Pelvis","29020","55-59 years","55-59","Black or African American","2054-5",23,97041,23.7,15.0,35.6,4.9
,"New Jersey","34","2020","2020","Kidney and Renal Pelvis","29020","55-59 years","55-59","White","2106-3",159,510899,31.1,26.5,36.4,2.5
,"New Jersey","34","2020","2020","Kidney and Renal Pelvis","29020","60-64 years ","60-64","Black or African American","2054-5",23,82625,27.8,17.6,41.8,5.8
,"New Jersey","34","2020","2020","Kidney and Renal Pelvis","29020","60-64 years ","60-64","White","2106-3",178,477732,37.3,32.0,43.2,2.8
,"New Jersey","34","2020","2020","Kidney and Renal Pelvis","29020","65-69 years","65-69","Black or African American","2054-5",37,59839,61.8,43.5,85.2,10.2
,"New Jersey","34","2020","2020","Kidney and Renal Pelvis","29020","65-69 years","65-69","White","2106-3",208,390802,53.2,46.2,61.0,3.7
,"New Jersey","34","2020","2020","Kidney and Renal Pelvis","29020","70-74 years","70-74","Black or African American","2054-5",23,44880,51.2,32.5,76.9,10.7
,"New Jersey","34","2020","2020","Kidney and Renal Pelvis","29020","70-74 years","70-74","White","2106-3",201,317144,63.4,54.9,72.8,4.5
,"New Jersey","34","2020","2020","Kidney and Renal Pelvis","29020","75-79 years","75-79","Black or African American","2054-5",20,29716,67.3,41.1,103.9,15.0
,"New Jersey","34","2020","2020","Kidney and Renal Pelvis","29020","75-79 years","75-79","White","2106-3",147,217398,67.6,57.1,79.5,5.6
,"New Jersey","34","2020","2020","Kidney and Renal Pelvis","29020","80-84 years","80-84","White","2106-3",88,140961,62.4,50.1,76.9,6.7
,"New Jersey","34","2020","2020","Kidney and Renal Pelvis","29020","85+ years","85+","White","2106-3",85,155218,54.8,43.7,67.7,5.9
,"New Jersey","34","2020","2020","Liver","21071","50-54 years","50-54","White","2106-3",17,471648,3.6,2.1,5.8,0.9
,"New Jersey","34","2020","2020","Liver","21071","55-59 years","55-59","White","2106-3",52,510899,10.2,7.6,13.3,1.4
,"New Jersey","34","2020","2020","Liver","21071","60-64 years ","60-64","Black or African American","2054-5",27,82625,32.7,21.5,47.5,6.3
,"New Jersey","34","2020","2020","Liver","21071","60-64 years ","60-64","White","2106-3",85,477732,17.8,14.2,22.0,1.9
,"New Jersey","34","2020","2020","Liver","21071","65-69 years","65-69","Black or African American","2054-5",30,59839,50.1,33.8,71.6,9.2
,"New Jersey","34","2020","2020","Liver","21071","65-69 years","65-69","White","2106-3",94,390802,24.1,19.4,29.4,2.5
,"New Jersey","34","2020","2020","Liver","21071","70-74 years","70-74","Black or African American","2054-5",20,44880,44.6,27.2,68.8,10.0
,"New Jersey","34","2020","2020","Liver","21071","70-74 years","70-74","White","2106-3",79,317144,24.9,19.7,31.0,2.8
,"New Jersey","34","2020","2020","Liver","21071","75-79 years","75-79","White","2106-3",71,217398,32.7,25.5,41.2,3.9
,"New Jersey","34","2020","2020","Liver","21071","80-84 years","80-84","White","2106-3",49,140961,34.8,25.7,46.0,5.0
,"New Jersey","34","2020","2020","Liver","21071","85+ years","85+","White","2106-3",39,155218,25.1,17.9,34.3,4.0
,"New Jersey","34","2020","2020","Lung and Bronchus","22030","45-49 years","45-49","Black or African American","2054-5",18,96080,18.7,11.1,29.6,4.4
,"New Jersey","34","2020","2020","Lung and Bronchus","22030","45-49 years","45-49","White","2106-3",49,421400,11.6,8.6,15.4,1.7
,"New Jersey","34","2020","2020","Lung and Bronchus","22030","50-54 years","50-54","Black or African American","2054-5",19,98223,19.3,11.6,30.2,4.4
,"New Jersey","34","2020","2020","Lung and Bronchus","22030","50-54 years","50-54","White","2106-3",110,471648,23.3,19.2,28.1,2.2
,"New Jersey","34","2020","2020","Lung and Bronchus","22030","55-59 years","55-59","Asian or Pacific Islander","A-PI",20,58394,34.3,20.9,52.9,7.7
,"New Jersey","34","2020","2020","Lung and Bronchus","22030","55-59 years","55-59","Black or African American","2054-5",73,97041,75.2,59.0,94.6,8.8
,"New Jersey","34","2020","2020","Lung and Bronchus","22030","55-59 years","55-59","White","2106-3",349,510899,68.3,61.3,75.9,3.7
,"New Jersey","34","2020","2020","Lung and Bronchus","22030","60-64 years ","60-64","Asian or Pacific Islander","A-PI",17,51609,32.9,19.2,52.7,8.0
,"New Jersey","34","2020","2020","Lung and Bronchus","22030","60-64 years ","60-64","Black or African American","2054-5",90,82625,108.9,87.6,133.9,11.5
,"New Jersey","34","2020","2020","Lung and Bronchus","22030","60-64 years ","60-64","White","2106-3",545,477732,114.1,104.7,124.1,4.9
,"New Jersey","34","2020","2020","Lung and Bronchus","22030","65-69 years","65-69","Asian or Pacific Islander","A-PI",31,40167,77.2,52.4,109.5,13.9
,"New Jersey","34","2020","2020","Lung and Bronchus","22030","65-69 years","65-69","Black or African American","2054-5",88,59839,147.1,117.9,181.2,15.7
,"New Jersey","34","2020","2020","Lung and Bronchus","22030","65-69 years","65-69","White","2106-3",711,390802,181.9,168.8,195.8,6.8
,"New Jersey","34","2020","2020","Lung and Bronchus","22030","70-74 years","70-74","Asian or Pacific Islander","A-PI",33,32048,103.0,70.9,144.6,17.9
,"New Jersey","34","2020","2020","Lung and Bronchus","22030","70-74 years","70-74","Black or African American","2054-5",119,44880,265.2,219.7,317.3,24.3
,"New Jersey","34","2020","2020","Lung and Bronchus","22030","70-74 years","70-74","White","2106-3",887,317144,279.7,261.6,298.7,9.4
,"New Jersey","34","2020","2020","Lung and Bronchus","22030","75-79 years","75-79","Asian or Pacific Islander","A-PI",35,20885,167.6,116.7,233.1,28.3
,"New Jersey","34","2020","2020","Lung and Bronchus","22030","75-79 years","75-79","Black or African American","2054-5",84,29716,282.7,225.5,350.0,30.8
,"New Jersey","34","2020","2020","Lung and Bronchus","22030","75-79 years","75-79","White","2106-3",822,217398,378.1,352.7,404.9,13.2
,"New Jersey","34","2020","2020","Lung and Bronchus","22030","80-84 years","80-84","Asian or Pacific Islander","A-PI",22,13392,164.3,103.0,248.7,35.0
,"New Jersey","34","2020","2020","Lung and Bronchus","22030","80-84 years","80-84","Black or African American","2054-5",54,19797,272.8,204.9,355.9,37.1
,"New Jersey","34","2020","2020","Lung and Bronchus","22030","80-84 years","80-84","White","2106-3",566,140961,401.5,369.1,436.0,16.9
,"New Jersey","34","2020","2020","Lung and Bronchus","22030","85+ years","85+","Black or African American","2054-5",39,16991,229.5,163.2,313.8,36.8
,"New Jersey","34","2020","2020","Lung and Bronchus","22030","85+ years","85+","White","2106-3",479,155218,308.6,281.6,337.5,14.1
,"New Jersey","34","2020","2020","Prostate","28010","45-49 years","45-49","Black or African American","2054-5",41,45054,91.0,65.3,123.5,14.2
,"New Jersey","34","2020","2020","Prostate","28010","45-49 years","45-49","White","2106-3",60,212277,28.3,21.6,36.4,3.6
,"New Jersey","34","2020","2020","Prostate","28010","50-54 years","50-54","Black or African American","2054-5",109,45677,238.6,195.9,287.9,22.9
,"New Jersey","34","2020","2020","Prostate","28010","50-54 years","50-54","White","2106-3",269,235228,114.4,101.1,128.9,7.0
,"New Jersey","34","2020","2020","Prostate","28010","50-54 years","50-54","Other Races and Unknown combined","2131-1",30,Not Applicable,Not Applicable,Not Applicable,Not Applicable,Not Applicable
,"New Jersey","34","2020","2020","Prostate","28010","55-59 years","55-59","Asian or Pacific Islander","A-PI",24,28458,84.3,54.0,125.5,17.2
,"New Jersey","34","2020","2020","Prostate","28010","55-59 years","55-59","Black or African American","2054-5",187,45108,414.6,357.3,478.4,30.3
,"New Jersey","34","2020","2020","Prostate","28010","55-59 years","55-59","White","2106-3",633,253592,249.6,230.5,269.8,9.9
,"New Jersey","34","2020","2020","Prostate","28010","55-59 years","55-59","Other Races and Unknown combined","2131-1",61,Not Applicable,Not Applicable,Not Applicable,Not Applicable,Not Applicable
,"New Jersey","34","2020","2020","Prostate","28010","60-64 years ","60-64","Asian or Pacific Islander","A-PI",36,24714,145.7,102.0,201.7,24.3
,"New Jersey","34","2020","2020","Prostate","28010","60-64 years ","60-64","Black or African American","2054-5",301,37684,798.7,711.1,894.3,46.0
,"New Jersey","34","2020","2020","Prostate","28010","60-64 years ","60-64","White","2106-3",1050,235076,446.7,420.1,474.5,13.8
,"New Jersey","34","2020","2020","Prostate","28010","60-64 years ","60-64","Other Races and Unknown combined","2131-1",95,Not Applicable,Not Applicable,Not Applicable,Not Applicable,Not Applicable
,"New Jersey","34","2020","2020","Prostate","28010","65-69 years","65-69","Asian or Pacific Islander","A-PI",76,18874,402.7,317.3,504.0,46.2
,"New Jersey","34","2020","2020","Prostate","28010","65-69 years","65-69","Black or African American","2054-5",266,25524,1042.2,920.7,1175.2,63.9
,"New Jersey","34","2020","2020","Prostate","28010","65-69 years","65-69","White","2106-3",1301,187676,693.2,656.1,731.9,19.2
,"New Jersey","34","2020","2020","Prostate","28010","65-69 years","65-69","Other Races and Unknown combined","2131-1",100,Not Applicable,Not Applicable,Not Applicable,Not Applicable,Not Applicable
,"New Jersey","34","2020","2020","Prostate","28010","70-74 years","70-74","Asian or Pacific Islander","A-PI",53,14864,356.6,267.1,466.4,49.0
,"New Jersey","34","2020","2020","Prostate","28010","70-74 years","70-74","Black or African American","2054-5",193,18108,1065.8,920.8,1227.3,76.7
,"New Jersey","34","2020","2020","Prostate","28010","70-74 years","70-74","White","2106-3",1158,146880,788.4,743.6,835.1,23.2
,"New Jersey","34","2020","2020","Prostate","28010","70-74 years","70-74","Other Races and Unknown combined","2131-1",80,Not Applicable,Not Applicable,Not Applicable,Not Applicable,Not Applicable
,"New Jersey","34","2020","2020","Prostate","28010","75-79 years","75-79","Asian or Pacific Islander","A-PI",49,9615,509.6,377.0,673.7,72.8
,"New Jersey","34","2020","2020","Prostate","28010","75-79 years","75-79","Black or African American","2054-5",107,11457,933.9,765.4,1128.6,90.3
,"New Jersey","34","2020","2020","Prostate","28010","75-79 years","75-79","White","2106-3",742,95674,775.6,720.7,833.4,28.5
,"New Jersey","34","2020","2020","Prostate","28010","75-79 years","75-79","Other Races and Unknown combined","2131-1",40,Not Applicable,Not Applicable,Not Applicable,Not Applicable,Not Applicable
,"New Jersey","34","2020","2020","Prostate","28010","80-84 years","80-84","Asian or Pacific Islander","A-PI",27,6214,434.5,286.3,632.2,83.6
,"New Jersey","34","2020","2020","Prostate","28010","80-84 years","80-84","Black or African American","2054-5",48,7093,676.7,499.0,897.2,97.7
,"New Jersey","34","2020","2020","Prostate","28010","80-84 years","80-84","White","2106-3",336,58033,579.0,518.7,644.3,31.6
,"New Jersey","34","2020","2020","Prostate","28010","85+ years","85+","Black or African American","2054-5",37,5061,731.1,514.7,1007.7,120.2
,"New Jersey","34","2020","2020","Prostate","28010","85+ years","85+","White","2106-3",232,53157,436.4,382.1,496.4,28.7
,"New Jersey","34","2020","2020","Urinary Bladder, invasive and in situ","29010","45-49 years","45-49","White","2106-3",26,421400,6.2,4.0,9.0,1.2
,"New Jersey","34","2020","2020","Urinary Bladder, invasive and in situ","29010","50-54 years","50-54","White","2106-3",54,471648,11.4,8.6,14.9,1.6
,"New Jersey","34","2020","2020","Urinary Bladder, invasive and in situ","29010","55-59 years","55-59","White","2106-3",110,510899,21.5,17.7,26.0,2.1
,"New Jersey","34","2020","2020","Urinary Bladder, invasive and in situ","29010","60-64 years ","60-64","Black or African American","2054-5",19,82625,23.0,13.8,35.9,5.3
,"New Jersey","34","2020","2020","Urinary Bladder, invasive and in situ","29010","60-64 years ","60-64","White","2106-3",231,477732,48.4,42.3,55.0,3.2
,"New Jersey","34","2020","2020","Urinary Bladder, invasive and in situ","29010","65-69 years","65-69","Black or African American","2054-5",33,59839,55.1,38.0,77.4,9.6
,"New Jersey","34","2020","2020","Urinary Bladder, invasive and in situ","29010","65-69 years","65-69","White","2106-3",308,390802,78.8,70.3,88.1,4.5
,"New Jersey","34","2020","2020","Urinary Bladder, invasive and in situ","29010","70-74 years","70-74","Black or African American","2054-5",24,44880,53.5,34.3,79.6,10.9
,"New Jersey","34","2020","2020","Urinary Bladder, invasive and in situ","29010","70-74 years","70-74","White","2106-3",362,317144,114.1,102.7,126.5,6.0
,"New Jersey","34","2020","2020","Urinary Bladder, invasive and in situ","29010","75-79 years","75-79","Black or African American","2054-5",35,29716,117.8,82.0,163.8,19.9
,"New Jersey","34","2020","2020","Urinary Bladder, invasive and in situ","29010","75-79 years","75-79","White","2106-3",364,217398,167.4,150.7,185.6,8.8
,"New Jersey","34","2020","2020","Urinary Bladder, invasive and in situ","29010","80-84 years","80-84","White","2106-3",307,140961,217.8,194.1,243.6,12.4
,"New Jersey","34","2020","2020","Urinary Bladder, invasive and in situ","29010","85+ years","85+","Black or African American","2054-5",24,16991,141.3,90.5,210.2,28.8
,"New Jersey","34","2020","2020","Urinary Bladder, invasive and in situ","29010","85+ years","85+","White","2106-3",343,155218,221.0,198.2,245.6,11.9
,"New Mexico","35","2020","2020","Breast","26000","35-39 years","35-39","White","2106-3",29,112633,25.7,17.2,37.0,4.8
,"New Mexico","35","2020","2020","Breast","26000","40-44 years","40-44","White","2106-3",50,101775,49.1,36.5,64.8,6.9
,"New Mexico","35","2020","2020","Breast","26000","45-49 years","45-49","White","2106-3",71,97138,73.1,57.1,92.2,8.7
,"New Mexico","35","2020","2020","Breast","26000","50-54 years","50-54","White","2106-3",100,100149,99.9,81.2,121.4,10.0
,"New Mexico","35","2020","2020","Breast","26000","55-59 years","55-59","White","2106-3",155,116561,133.0,112.9,155.6,10.7
,"New Mexico","35","2020","2020","Breast","26000","60-64 years ","60-64","White","2106-3",161,121082,133.0,113.2,155.2,10.5
,"New Mexico","35","2020","2020","Breast","26000","65-69 years","65-69","White","2106-3",207,113473,182.4,158.4,209.0,12.7
,"New Mexico","35","2020","2020","Breast","26000","70-74 years","70-74","White","2106-3",202,97207,207.8,180.1,238.5,14.6
,"New Mexico","35","2020","2020","Breast","26000","75-79 years","75-79","White","2106-3",144,63169,228.0,192.2,268.4,19.0
,"New Mexico","35","2020","2020","Breast","26000","80-84 years","80-84","White","2106-3",89,39458,225.6,181.1,277.6,23.9
,"New Mexico","35","2020","2020","Breast","26000","85+ years","85+","White","2106-3",71,35279,201.3,157.2,253.9,23.9
,"New Mexico","35","2020","2020","Kidney and Renal Pelvis","29020","50-54 years","50-54","White","2106-3",28,100149,28.0,18.6,40.4,5.3
,"New Mexico","35","2020","2020","Kidney and Renal Pelvis","29020","55-59 years","55-59","White","2106-3",34,116561,29.2,20.2,40.8,5.0
,"New Mexico","35","2020","2020","Kidney and Renal Pelvis","29020","60-64 years ","60-64","White","2106-3",57,121082,47.1,35.7,61.0,6.2
,"New Mexico","35","2020","2020","Kidney and Renal Pelvis","29020","65-69 years","65-69","White","2106-3",57,113473,50.2,38.0,65.1,6.7
,"New Mexico","35","2020","2020","Kidney and Renal Pelvis","29020","70-74 years","70-74","White","2106-3",49,97207,50.4,37.3,66.6,7.2
,"New Mexico","35","2020","2020","Kidney and Renal Pelvis","29020","75-79 years","75-79","White","2106-3",43,63169,68.1,49.3,91.7,10.4
,"New Mexico","35","2020","2020","Kidney and Renal Pelvis","29020","80-84 years","80-84","White","2106-3",20,39458,50.7,31.0,78.3,11.3
,"New Mexico","35","2020","2020","Liver","21071","55-59 years","55-59","White","2106-3",25,116561,21.4,13.9,31.7,4.3
,"New Mexico","35","2020","2020","Liver","21071","60-64 years ","60-64","White","2106-3",34,121082,28.1,19.4,39.2,4.8
,"New Mexico","35","2020","2020","Liver","21071","65-69 years","65-69","White","2106-3",36,113473,31.7,22.2,43.9,5.3
,"New Mexico","35","2020","2020","Liver","21071","70-74 years","70-74","White","2106-3",28,97207,28.8,19.1,41.6,5.4
,"New Mexico","35","2020","2020","Liver","21071","75-79 years","75-79","White","2106-3",22,63169,34.8,21.8,52.7,7.4
,"New Mexico","35","2020","2020","Lung and Bronchus","22030","50-54 years","50-54","White","2106-3",17,100149,17.0,9.9,27.2,4.1
,"New Mexico","35","2020","2020","Lung and Bronchus","22030","55-59 years","55-59","White","2106-3",66,116561,56.6,43.8,72.0,7.0
,"New Mexico","35","2020","2020","Lung and Bronchus","22030","60-64 years ","60-64","White","2106-3",88,121082,72.7,58.3,89.5,7.7
,"New Mexico","35","2020","2020","Lung and Bronchus","22030","65-69 years","65-69","White","2106-3",138,113473,121.6,102.2,143.7,10.4
,"New Mexico","35","2020","2020","Lung and Bronchus","22030","70-74 years","70-74","White","2106-3",152,97207,156.4,132.5,183.3,12.7
,"New Mexico","35","2020","2020","Lung and Bronchus","22030","75-79 years","75-79","White","2106-3",128,63169,202.6,169.1,240.9,17.9
,"New Mexico","35","2020","2020","Lung and Bronchus","22030","80-84 years","80-84","White","2106-3",116,39458,294.0,242.9,352.6,27.3
,"New Mexico","35","2020","2020","Lung and Bronchus","22030","85+ years","85+","White","2106-3",86,35279,243.8,195.0,301.1,26.3
,"New Mexico","35","2020","2020","Prostate","28010","50-54 years","50-54","White","2106-3",26,49725,52.3,34.2,76.6,10.3
,"New Mexico","35","2020","2020","Prostate","28010","55-59 years","55-59","White","2106-3",106,57073,185.7,152.1,224.6,18.0
,"New Mexico","35","2020","2020","Prostate","28010","60-64 years ","60-64","White","2106-3",148,58157,254.5,215.1,298.9,20.9
,"New Mexico","35","2020","2020","Prostate","28010","65-69 years","65-69","White","2106-3",265,53662,493.8,436.2,557.0,30.3
,"New Mexico","35","2020","2020","Prostate","28010","65-69 years","65-69","Other Races and Unknown combined","2131-1",16,Not Applicable,Not Applicable,Not Applicable,Not Applicable,Not Applicable
,"New Mexico","35","2020","2020","Prostate","28010","70-74 years","70-74","White","2106-3",246,46667,527.1,463.3,597.3,33.6
,"New Mexico","35","2020","2020","Prostate","28010","70-74 years","70-74","Other Races and Unknown combined","2131-1",19,Not Applicable,Not Applicable,Not Applicable,Not Applicable,Not Applicable
,"New Mexico","35","2020","2020","Prostate","28010","75-79 years","75-79","White","2106-3",153,29653,516.0,437.5,604.5,41.7
,"New Mexico","35","2020","2020","Prostate","28010","80-84 years","80-84","White","2106-3",78,17957,434.4,343.4,542.1,49.2
,"New Mexico","35","2020","2020","Prostate","28010","85+ years","85+","White","2106-3",56,13872,403.7,304.9,524.2,53.9
,"New Mexico","35","2020","2020","Urinary Bladder, invasive and in situ","29010","55-59 years","55-59","White","2106-3",25,116561,21.4,13.9,31.7,4.3
,"New Mexico","35","2020","2020","Urinary Bladder, invasive and in situ","29010","60-64 years ","60-64","White","2106-3",40,121082,33.0,23.6,45.0,5.2
,"New Mexico","35","2020","2020","Urinary Bladder, invasive and in situ","29010","65-69 years","65-69","White","2106-3",57,113473,50.2,38.0,65.1,6.7
,"New Mexico","35","2020","2020","Urinary Bladder, invasive and in situ","29010","70-74 years","70-74","White","2106-3",64,97207,65.8,50.7,84.1,8.2
,"New Mexico","35","2020","2020","Urinary Bladder, invasive and in situ","29010","75-79 years","75-79","White","2106-3",68,63169,107.6,83.6,136.5,13.1
,"New Mexico","35","2020","2020","Urinary Bladder, invasive and in situ","29010","80-84 years","80-84","White","2106-3",54,39458,136.9,102.8,178.6,18.6
,"New Mexico","35","2020","2020","Urinary Bladder, invasive and in situ","29010","85+ years","85+","White","2106-3",44,35279,124.7,90.6,167.4,18.8
,"New York","36","2020","2020","Breast","26000","25-29 years","25-29","Black or African American","2054-5",24,308556,7.8,5.0,11.6,1.6
,"New York","36","2020","2020","Breast","26000","25-29 years","25-29","White","2106-3",67,967950,6.9,5.4,8.8,0.8
,"New York","36","2020","2020","Breast","26000","30-34 years","30-34","Asian or Pacific Islander","A-PI",28,170527,16.4,10.9,23.7,3.1
,"New York","36","2020","2020","Breast","26000","30-34 years","30-34","Black or African American","2054-5",60,292704,20.5,15.6,26.4,2.6
,"New York","36","2020","2020","Breast","26000","30-34 years","30-34","White","2106-3",154,983314,15.7,13.3,18.3,1.3
,"New York","36","2020","2020","Breast","26000","35-39 years","35-39","Asian or Pacific Islander","A-PI",63,155134,40.6,31.2,52.0,5.1
,"New York","36","2020","2020","Breast","26000","35-39 years","35-39","Black or African American","2054-5",90,252066,35.7,28.7,43.9,3.8
,"New York","36","2020","2020","Breast","26000","35-39 years","35-39","White","2106-3",271,917252,29.5,26.1,33.3,1.8
,"New York","36","2020","2020","Breast","26000","40-44 years","40-44","Asian or Pacific Islander","A-PI",114,140983,80.9,66.7,97.1,7.6
,"New York","36","2020","2020","Breast","26000","40-44 years","40-44","Black or African American","2054-5",149,234400,63.6,53.8,74.6,5.2
,"New York","36","2020","2020","Breast","26000","40-44 years","40-44","White","2106-3",547,836895,65.4,60.0,71.1,2.8
,"New York","36","2020","2020","Breast","26000","40-44 years","40-44","Other Races and Unknown combined","2131-1",19,Not Applicable,Not Applicable,Not Applicable,Not Applicable,Not Applicable
,"New York","36","2020","2020","Breast","26000","45-49 years","45-49","Asian or Pacific Islander","A-PI",168,135534,124.0,105.9,144.2,9.6
,"New York","36","2020","2020","Breast","26000","45-49 years","45-49","Black or African American","2054-5",197,227238,86.7,75.0,99.7,6.2
,"New York","36","2020","2020","Breast","26000","45-49 years","45-49","White","2106-3",861,840177,102.5,95.7,109.6,3.5
,"New York","36","2020","2020","Breast","26000","45-49 years","45-49","Other Races and Unknown combined","2131-1",30,Not Applicable,Not Applicable,Not Applicable,Not Applicable,Not Applicable
,"New York","36","2020","2020","Breast","26000","50-54 years","50-54","Asian or Pacific Islander","A-PI",157,127491,123.1,104.6,144.0,9.8
,"New York","36","2020","2020","Breast","26000","50-54 years","50-54","Black or African American","2054-5",271,241685,112.1,99.2,126.3,6.8
,"New York","36","2020","2020","Breast","26000","50-54 years","50-54","White","2106-3",1039,934726,111.2,104.5,118.1,3.4
,"New York","36","2020","2020","Breast","26000","50-54 years","50-54","Other Races and Unknown combined","2131-1",53,Not Applicable,Not Applicable,Not Applicable,Not Applicable,Not Applicable
,"New York","36","2020","2020","Breast","26000","55-59 years","55-59","Asian or Pacific Islander","A-PI",144,125219,115.0,97.0,135.4,9.6
,"New York","36","2020","2020","Breast","26000","55-59 years","55-59","Black or African American","2054-5",371,251327,147.6,133.0,163.4,7.7
,"New York","36","2020","2020","Breast","26000","55-59 years","55-59","White","2106-3",1281,1009827,126.9,120.0,134.0,3.5
,"New York","36","2020","2020","Breast","26000","55-59 years","55-59","Other Races and Unknown combined","2131-1",48,Not Applicable,Not Applicable,Not Applicable,Not Applicable,Not Applicable
,"New York","36","2020","2020","Breast","26000","60-64 years ","60-64","Asian or Pacific Islander","A-PI",158,115526,136.8,116.3,159.8,10.9
,"New York","36","2020","2020","Breast","26000","60-64 years ","60-64","Black or African American","2054-5",363,221816,163.6,147.2,181.4,8.6
,"New York","36","2020","2020","Breast","26000","60-64 years ","60-64","White","2106-3",1608,965586,166.5,158.5,174.9,4.2
,"New York","36","2020","2020","Breast","26000","60-64 years ","60-64","Other Races and Unknown combined","2131-1",46,Not Applicable,Not Applicable,Not Applicable,Not Applicable,Not Applicable
,"New York","36","2020","2020","Breast","26000","65-69 years","65-69","Asian or Pacific Islander","A-PI",135,93075,145.0,121.6,171.7,12.5
,"New York","36","2020","2020","Breast","26000","65-69 years","65-69","Black or African American","2054-5",321,166818,192.4,171.9,214.7,10.7
,"New York","36","2020","2020","Breast","26000","65-69 years","65-69","White","2106-3",1734,823476,210.6,200.8,220.7,5.1
,"New York","36","2020","2020","Breast","26000","65-69 years","65-69","Other Races and Unknown combined","2131-1",27,Not Applicable,Not Applicable,Not Applicable,Not Applicable,Not Applicable
,"New York","36","2020","2020","Breast","26000","70-74 years","70-74","Asian or Pacific Islander","A-PI",97,70252,138.1,112.0,168.4,14.0
,"New York","36","2020","2020","Breast","26000","70-74 years","70-74","Black or African American","2054-5",245,125291,195.5,171.8,221.6,12.5
,"New York","36","2020","2020","Breast","26000","70-74 years","70-74","White","2106-3",1650,681100,242.3,230.7,254.2,6.0
,"New York","36","2020","2020","Breast","26000","70-74 years","70-74","Other Races and Unknown combined","2131-1",22,Not Applicable,Not Applicable,Not Applicable,Not Applicable,Not Applicable
,"New York","36","2020","2020","Breast","26000","75-79 years","75-79","Asian or Pacific Islander","A-PI",50,41768,119.7,88.9,157.8,16.9
,"New York","36","2020","2020","Breast","26000","75-79 years","75-79","Black or African American","2054-5",176,86228,204.1,175.1,236.6,15.4
,"New York","36","2020","2020","Breast","26000","75-79 years","75-79","White","2106-3",1202,457633,262.7,248.0,277.9,7.6
,"New York","36","2020","2020","Breast","26000","75-79 years","75-79","Other Races and Unknown combined","2131-1",20,Not Applicable,Not Applicable,Not Applicable,Not Applicable,Not Applicable
,"New York","36","2020","2020","Breast","26000","80-84 years","80-84","Asian or Pacific Islander","A-PI",29,28959,100.1,67.1,143.8,18.6
,"New York","36","2020","2020","Breast","26000","80-84 years","80-84","Black or African American","2054-5",113,56700,199.3,164.2,239.6,18.7
,"New York","36","2020","2020","Breast","26000","80-84 years","80-84","White","2106-3",773,303984,254.3,236.7,272.9,9.1
,"New York","36","2020","2020","Breast","26000","85+ years","85+","Asian or Pacific Islander","A-PI",21,27054,77.6,48.0,118.7,16.9
,"New York","36","2020","2020","Breast","26000","85+ years","85+","Black or African American","2054-5",83,52916,156.9,124.9,194.4,17.2
,"New York","36","2020","2020","Breast","26000","85+ years","85+","White","2106-3",665,336352,197.7,183.0,213.3,7.7
,"New York","36","2020","2020","Kidney and Renal Pelvis","29020","30-34 years","30-34","White","2106-3",39,983314,4.0,2.8,5.4,0.6
,"New York","36","2020","2020","Kidney and Renal Pelvis","29020","35-39 years","35-39","White","2106-3",54,917252,5.9,4.4,7.7,0.8
,"New York","36","2020","2020","Kidney and Renal Pelvis","29020","40-44 years","40-44","Black or African American","2054-5",16,234400,6.8,3.9,11.1,1.7
,"New York","36","2020","2020","Kidney and Renal Pelvis","29020","40-44 years","40-44","White","2106-3",84,836895,10.0,8.0,12.4,1.1
,"New York","36","2020","2020","Kidney and Renal Pelvis","29020","45-49 years","45-49","Asian or Pacific Islander","A-PI",16,135534,11.8,6.7,19.2,3.0
,"New York","36","2020","2020","Kidney and Renal Pelvis","29020","45-49 years","45-49","Black or African American","2054-5",25,227238,11.0,7.1,16.2,2.2
,"New York","36","2020","2020","Kidney and Renal Pelvis","29020","45-49 years","45-49","White","2106-3",152,840177,18.1,15.3,21.2,1.5
,"New York","36","2020","2020","Kidney and Renal Pelvis","29020","50-54 years","50-54","Asian or Pacific Islander","A-PI",19,127491,14.9,9.0,23.3,3.4
,"New York","36","2020","2020","Kidney and Renal Pelvis","29020","50-54 years","50-54","Black or African American","2054-5",56,241685,23.2,17.5,30.1,3.1
,"New York","36","2020","2020","Kidney and Renal Pelvis","29020","50-54 years","50-54","White","2106-3",224,934726,24.0,20.9,27.3,1.6
,"New York","36","2020","2020","Kidney and Renal Pelvis","29020","55-59 years","55-59","Asian or Pacific Islander","A-PI",25,125219,20.0,12.9,29.5,4.0
,"New York","36","2020","2020","Kidney and Renal Pelvis","29020","55-59 years","55-59","Black or African American","2054-5",76,251327,30.2,23.8,37.8,3.5
,"New York","36","2020","2020","Kidney and Renal Pelvis","29020","55-59 years","55-59","White","2106-3",361,1009827,35.7,32.2,39.6,1.9
,"New York","36","2020","2020","Kidney and Renal Pelvis","29020","55-59 years","55-59","Other Races and Unknown combined","2131-1",16,Not Applicable,Not Applicable,Not Applicable,Not Applicable,Not Applicable
,"New York","36","2020","2020","Kidney and Renal Pelvis","29020","60-64 years ","60-64","Asian or Pacific Islander","A-PI",23,115526,19.9,12.6,29.9,4.2
,"New York","36","2020","2020","Kidney and Renal Pelvis","29020","60-64 years ","60-64","Black or African American","2054-5",95,221816,42.8,34.7,52.4,4.4
,"New York","36","2020","2020","Kidney and Renal Pelvis","29020","60-64 years ","60-64","White","2106-3",450,965586,46.6,42.4,51.1,2.2
,"New York","36","2020","2020","Kidney and Renal Pelvis","29020","65-69 years","65-69","Asian or Pacific Islander","A-PI",34,93075,36.5,25.3,51.0,6.3
,"New York","36","2020","2020","Kidney and Renal Pelvis","29020","65-69 years","65-69","Black or African American","2054-5",79,166818,47.4,37.5,59.0,5.3
,"New York","36","2020","2020","Kidney and Renal Pelvis","29020","65-69 years","65-69","White","2106-3",436,823476,52.9,48.1,58.2,2.5
,"New York","36","2020","2020","Kidney and Renal Pelvis","29020","65-69 years","65-69","Other Races and Unknown combined","2131-1",16,Not Applicable,Not Applicable,Not Applicable,Not Applicable,Not Applicable
,"New York","36","2020","2020","Kidney and Renal Pelvis","29020","70-74 years","70-74","Asian or Pacific Islander","A-PI",19,70252,27.0,16.3,42.2,6.2
,"New York","36","2020","2020","Kidney and Renal Pelvis","29020","70-74 years","70-74","Black or African American","2054-5",62,125291,49.5,37.9,63.4,6.3
,"New York","36","2020","2020","Kidney and Renal Pelvis","29020","70-74 years","70-74","White","2106-3",437,681100,64.2,58.3,70.5,3.1
,"New York","36","2020","2020","Kidney and Renal Pelvis","29020","75-79 years","75-79","Black or African American","2054-5",53,86228,61.5,46.0,80.4,8.4
,"New York","36","2020","2020","Kidney and Renal Pelvis","29020","75-79 years","75-79","White","2106-3",311,457633,68.0,60.6,75.9,3.9
,"New York","36","2020","2020","Kidney and Renal Pelvis","29020","80-84 years","80-84","Black or African American","2054-5",27,56700,47.6,31.4,69.3,9.2
,"New York","36","2020","2020","Kidney and Renal Pelvis","29020","80-84 years","80-84","White","2106-3",210,303984,69.1,60.1,79.1,4.8
,"New York","36","2020","2020","Kidney and Renal Pelvis","29020","85+ years","85+","Black or African American","2054-5",19,52916,35.9,21.6,56.1,8.2
,"New York","36","2020","2020","Kidney and Renal Pelvis","29020","85+ years","85+","White","2106-3",192,336352,57.1,49.3,65.8,4.1
,"New York","36","2020","2020","Liver","21071","50-54 years","50-54","White","2106-3",39,934726,4.2,3.0,5.7,0.7
,"New York","36","2020","2020","Liver","21071","55-59 years","55-59","Asian or Pacific Islander","A-PI",24,125219,19.2,12.3,28.5,3.9
,"New York","36","2020","2020","Liver","21071","55-59 years","55-59","Black or African American","2054-5",25,251327,9.9,6.4,14.7,2.0
,"New York","36","2020","2020","Liver","21071","55-59 years","55-59","White","2106-3",109,1009827,10.8,8.9,13.0,1.0
,"New York","36","2020","2020","Liver","21071","60-64 years ","60-64","Asian or Pacific Islander","A-PI",16,115526,13.8,7.9,22.5,3.5
,"New York","36","2020","2020","Liver","21071","60-64 years ","60-64","Black or African American","2054-5",59,221816,26.6,20.2,34.3,3.5
,"New York","36","2020","2020","Liver","21071","60-64 years ","60-64","White","2106-3",153,965586,15.8,13.4,18.6,1.3
,"New York","36","2020","2020","Liver","21071","65-69 years","65-69","Asian or Pacific Islander","A-PI",18,93075,19.3,11.5,30.6,4.6
,"New York","36","2020","2020","Liver","21071","65-69 years","65-69","Black or African American","2054-5",68,166818,40.8,31.7,51.7,4.9
,"New York","36","2020","2020","Liver","21071","65-69 years","65-69","White","2106-3",218,823476,26.5,23.1,30.2,1.8
,"New York","36","2020","2020","Liver","21071","70-74 years","70-74","Asian or Pacific Islander","A-PI",22,70252,31.3,19.6,47.4,6.7
,"New York","36","2020","2020","Liver","21071","70-74 years","70-74","Black or African American","2054-5",42,125291,33.5,24.2,45.3,5.2
,"New York","36","2020","2020","Liver","21071","70-74 years","70-74","White","2106-3",196,681100,28.8,24.9,33.1,2.1
,"New York","36","2020","2020","Liver","21071","75-79 years","75-79","Asian or Pacific Islander","A-PI",21,41768,50.3,31.1,76.9,11.0
,"New York","36","2020","2020","Liver","21071","75-79 years","75-79","Black or African American","2054-5",21,86228,24.4,15.1,37.2,5.3
,"New York","36","2020","2020","Liver","21071","75-79 years","75-79","White","2106-3",120,457633,26.2,21.7,31.4,2.4
,"New York","36","2020","2020","Liver","21071","80-84 years","80-84","White","2106-3",102,303984,33.6,27.4,40.7,3.3
,"New York","36","2020","2020","Liver","21071","85+ years","85+","White","2106-3",78,336352,23.2,18.3,28.9,2.6
,"New York","36","2020","2020","Lung and Bronchus","22030","35-39 years","35-39","White","2106-3",19,917252,2.1,1.2,3.2,0.5
,"New York","36","2020","2020","Lung and Bronchus","22030","40-44 years","40-44","White","2106-3",41,836895,4.9,3.5,6.6,0.8
,"New York","36","2020","2020","Lung and Bronchus","22030","45-49 years","45-49","Asian or Pacific Islander","A-PI",21,135534,15.5,9.6,23.7,3.4
,"New York","36","2020","2020","Lung and Bronchus","22030","45-49 years","45-49","Black or African American","2054-5",32,227238,14.1,9.6,19.9,2.5
,"New York","36","2020","2020","Lung and Bronchus","22030","45-49 years","45-49","White","2106-3",144,840177,17.1,14.5,20.2,1.4
,"New York","36","2020","2020","Lung and Bronchus","22030","50-54 years","50-54","Asian or Pacific Islander","A-PI",35,127491,27.5,19.1,38.2,4.6
,"New York","36","2020","2020","Lung and Bronchus","22030","50-54 years","50-54","Black or African American","2054-5",62,241685,25.7,19.7,32.9,3.3
,"New York","36","2020","2020","Lung and Bronchus","22030","50-54 years","50-54","White","2106-3",340,934726,36.4,32.6,40.5,2.0
,"New York","36","2020","2020","Lung and Bronchus","22030","55-59 years","55-59","Asian or Pacific Islander","A-PI",81,125219,64.7,51.4,80.4,7.2
,"New York","36","2020","2020","Lung and Bronchus","22030","55-59 years","55-59","Black or African American","2054-5",163,251327,64.9,55.3,75.6,5.1
,"New York","36","2020","2020","Lung and Bronchus","22030","55-59 years","55-59","White","2106-3",799,1009827,79.1,73.7,84.8,2.8
,"New York","36","2020","2020","Lung and Bronchus","22030","60-64 years ","60-64","Asian or Pacific Islander","A-PI",118,115526,102.1,84.5,122.3,9.4
,"New York","36","2020","2020","Lung and Bronchus","22030","60-64 years ","60-64","Black or African American","2054-5",280,221816,126.2,111.9,141.9,7.5
,"New York","36","2020","2020","Lung and Bronchus","22030","60-64 years ","60-64","White","2106-3",1375,965586,142.4,135.0,150.1,3.8
,"New York","36","2020","2020","Lung and Bronchus","22030","65-69 years","65-69","Asian or Pacific Islander","A-PI",153,93075,164.4,139.4,192.6,13.3
,"New York","36","2020","2020","Lung and Bronchus","22030","65-69 years","65-69","Black or African American","2054-5",255,166818,152.9,134.7,172.8,9.6
,"New York","36","2020","2020","Lung and Bronchus","22030","65-69 years","65-69","White","2106-3",1741,823476,211.4,201.6,221.6,5.1
,"New York","36","2020","2020","Lung and Bronchus","22030","70-74 years","70-74","Asian or Pacific Islander","A-PI",111,70252,158.0,130.0,190.3,15.0
,"New York","36","2020","2020","Lung and Bronchus","22030","70-74 years","70-74","Black or African American","2054-5",242,125291,193.2,169.6,219.1,12.4
,"New York","36","2020","2020","Lung and Bronchus","22030","70-74 years","70-74","White","2106-3",1915,681100,281.2,268.7,294.0,6.4
,"New York","36","2020","2020","Lung and Bronchus","22030","75-79 years","75-79","Asian or Pacific Islander","A-PI",109,41768,261.0,214.3,314.8,25.0
,"New York","36","2020","2020","Lung and Bronchus","22030","75-79 years","75-79","Black or African American","2054-5",193,86228,223.8,193.4,257.7,16.1
,"New York","36","2020","2020","Lung and Bronchus","22030","75-79 years","75-79","White","2106-3",1750,457633,382.4,364.7,400.7,9.1
,"New York","36","2020","2020","Lung and Bronchus","22030","80-84 years","80-84","Asian or Pacific Islander","A-PI",55,28959,189.9,143.1,247.2,25.6
,"New York","36","2020","2020","Lung and Bronchus","22030","80-84 years","80-84","Black or African American","2054-5",142,56700,250.4,210.9,295.2,21.0
,"New York","36","2020","2020","Lung and Bronchus","22030","80-84 years","80-84","White","2106-3",1208,303984,397.4,375.3,420.4,11.4
,"New York","36","2020","2020","Lung and Bronchus","22030","85+ years","85+","Asian or Pacific Islander","A-PI",68,27054,251.3,195.2,318.6,30.5
,"New York","36","2020","2020","Lung and Bronchus","22030","85+ years","85+","Black or African American","2054-5",97,52916,183.3,148.7,223.6,18.6
,"New York","36","2020","2020","Lung and Bronchus","22030","85+ years","85+","White","2106-3",970,336352,288.4,270.5,307.1,9.3
,"New York","36","2020","2020","Prostate","28010","40-44 years","40-44","Black or African American","2054-5",22,109176,20.2,12.6,30.5,4.3
,"New York","36","2020","2020","Prostate","28010","40-44 years","40-44","White","2106-3",23,425629,5.4,3.4,8.1,1.1
,"New York","36","2020","2020","Prostate","28010","45-49 years","45-49","Black or African American","2054-5",77,104213,73.9,58.3,92.3,8.4
,"New York","36","2020","2020","Prostate","28010","45-49 years","45-49","White","2106-3",105,424538,24.7,20.2,29.9,2.4
,"New York","36","2020","2020","Prostate","28010","50-54 years","50-54","Asian or Pacific Islander","A-PI",18,60272,29.9,17.7,47.2,7.0
,"New York","36","2020","2020","Prostate","28010","50-54 years","50-54","Black or African American","2054-5",207,110485,187.4,162.7,214.7,13.0
,"New York","36","2020","2020","Prostate","28010","50-54 years","50-54","White","2106-3",460,469705,97.9,89.2,107.3,4.6
,"New York","36","2020","2020","Prostate","28010","50-54 years","50-54","Other Races and Unknown combined","2131-1",27,Not Applicable,Not Applicable,Not Applicable,Not Applicable,Not Applicable
,"New York","36","2020","2020","Prostate","28010","55-59 years","55-59","Asian or Pacific Islander","A-PI",43,59412,72.4,52.4,97.5,11.0
,"New York","36","2020","2020","Prostate","28010","55-59 years","55-59","Black or African American","2054-5",441,114058,386.6,351.4,424.5,18.4
,"New York","36","2020","2020","Prostate","28010","55-59 years","55-59","White","2106-3",1180,501906,235.1,221.9,248.9,6.8
,"New York","36","2020","2020","Prostate","28010","55-59 years","55-59","Other Races and Unknown combined","2131-1",72,Not Applicable,Not Applicable,Not Applicable,Not Applicable,Not Applicable
,"New York","36","2020","2020","Prostate","28010","60-64 years ","60-64","Asian or Pacific Islander","A-PI",75,55855,134.3,105.6,168.3,15.5
,"New York","36","2020","2020","Prostate","28010","60-64 years ","60-64","Black or African American","2054-5",673,98946,680.2,629.7,733.6,26.2
,"New York","36","2020","2020","Prostate","28010","60-64 years ","60-64","White","2106-3",1967,474724,414.3,396.2,433.1,9.3
,"New York","36","2020","2020","Prostate","28010","60-64 years ","60-64","Other Races and Unknown combined","2131-1",98,Not Applicable,Not Applicable,Not Applicable,Not Applicable,Not Applicable
,"New York","36","2020","2020","Prostate","28010","65-69 years","65-69","Asian or Pacific Islander","A-PI",120,44619,268.9,223.0,321.6,24.6
,"New York","36","2020","2020","Prostate","28010","65-69 years","65-69","Black or African American","2054-5",673,71807,937.2,867.8,1010.8,36.1
,"New York","36","2020","2020","Prostate","28010","65-69 years","65-69","White","2106-3",2434,395488,615.4,591.2,640.4,12.5
,"New York","36","2020","2020","Prostate","28010","65-69 years","65-69","Other Races and Unknown combined","2131-1",91,Not Applicable,Not Applicable,Not Applicable,Not Applicable,Not Applicable
,"New York","36","2020","2020","Prostate","28010","70-74 years","70-74","Asian or Pacific Islander","A-PI",134,32912,407.1,341.1,482.2,35.2
,"New York","36","2020","2020","Prostate","28010","70-74 years","70-74","Black or African American","2054-5",458,50565,905.8,824.7,992.6,42.3
,"New York","36","2020","2020","Prostate","28010","70-74 years","70-74","White","2106-3",2279,316616,719.8,690.5,750.0,15.1
,"New York","36","2020","2020","Prostate","28010","70-74 years","70-74","Other Races and Unknown combined","2131-1",79,Not Applicable,Not Applicable,Not Applicable,Not Applicable,Not Applicable
,"New York","36","2020","2020","Prostate","28010","75-79 years","75-79","Asian or Pacific Islander","A-PI",68,19099,356.0,276.5,451.4,43.2
,"New York","36","2020","2020","Prostate","28010","75-79 years","75-79","Black or African American","2054-5",274,32227,850.2,752.5,957.1,51.4
,"New York","36","2020","2020","Prostate","28010","75-79 years","75-79","White","2106-3",1332,202556,657.6,622.8,693.9,18.0
,"New York","36","2020","2020","Prostate","28010","75-79 years","75-79","Other Races and Unknown combined","2131-1",48,Not Applicable,Not Applicable,Not Applicable,Not Applicable,Not Applicable
,"New York","36","2020","2020","Prostate","28010","80-84 years","80-84","Asian or Pacific Islander","A-PI",24,12785,187.7,120.3,279.3,38.3
,"New York","36","2020","2020","Prostate","28010","80-84 years","80-84","Black or African American","2054-5",112,19756,566.9,466.8,682.1,53.6
,"New York","36","2020","2020","Prostate","28010","80-84 years","80-84","White","2106-3",655,125764,520.8,481.7,562.3,20.3
,"New York","36","2020","2020","Prostate","28010","80-84 years","80-84","Other Races and Unknown combined","2131-1",20,Not Applicable,Not Applicable,Not Applicable,Not Applicable,Not Applicable
,"New York","36","2020","2020","Prostate","28010","85+ years","85+","Asian or Pacific Islander","A-PI",27,10771,250.7,165.2,364.7,48.2
,"New York","36","2020","2020","Prostate","28010","85+ years","85+","Black or African American","2054-5",82,15388,532.9,423.8,661.4,58.8
,"New York","36","2020","2020","Prostate","28010","85+ years","85+","White","2106-3",471,116931,402.8,367.2,440.9,18.6
,"New York","36","2020","2020","Urinary Bladder, invasive and in situ","29010","40-44 years","40-44","White","2106-3",27,836895,3.2,2.1,4.7,0.6
,"New York","36","2020","2020","Urinary Bladder, invasive and in situ","29010","45-49 years","45-49","White","2106-3",51,840177,6.1,4.5,8.0,0.8
,"New York","36","2020","2020","Urinary Bladder, invasive and in situ","29010","50-54 years","50-54","Black or African American","2054-5",16,241685,6.6,3.8,10.8,1.7
,"New York","36","2020","2020","Urinary Bladder, invasive and in situ","29010","50-54 years","50-54","White","2106-3",130,934726,13.9,11.6,16.5,1.2
,"New York","36","2020","2020","Urinary Bladder, invasive and in situ","29010","55-59 years","55-59","Black or African American","2054-5",31,251327,12.3,8.4,17.5,2.2
,"New York","36","2020","2020","Urinary Bladder, invasive and in situ","29010","55-59 years","55-59","White","2106-3",282,1009827,27.9,24.8,31.4,1.7
,"New York","36","2020","2020","Urinary Bladder, invasive and in situ","29010","60-64 years ","60-64","Asian or Pacific Islander","A-PI",19,115526,16.4,9.9,25.7,3.8
,"New York","36","2020","2020","Urinary Bladder, invasive and in situ","29010","60-64 years ","60-64","Black or African American","2054-5",43,221816,19.4,14.0,26.1,3.0
,"New York","36","2020","2020","Urinary Bladder, invasive and in situ","29010","60-64 years ","60-64","White","2106-3",461,965586,47.7,43.5,52.3,2.2
,"New York","36","2020","2020","Urinary Bladder, invasive and in situ","29010","65-69 years","65-69","Asian or Pacific Islander","A-PI",22,93075,23.6,14.8,35.8,5.0
,"New York","36","2020","2020","Urinary Bladder, invasive and in situ","29010","65-69 years","65-69","Black or African American","2054-5",62,166818,37.2,28.5,47.6,4.7
,"New York","36","2020","2020","Urinary Bladder, invasive and in situ","29010","65-69 years","65-69","White","2106-3",625,823476,75.9,70.1,82.1,3.0
,"New York","36","2020","2020","Urinary Bladder, invasive and in situ","29010","70-74 years","70-74","Asian or Pacific Islander","A-PI",37,70252,52.7,37.1,72.6,8.7
,"New York","36","2020","2020","Urinary Bladder, invasive and in situ","29010","70-74 years","70-74","Black or African American","2054-5",71,125291,56.7,44.3,71.5,6.7
,"New York","36","2020","2020","Urinary Bladder, invasive and in situ","29010","70-74 years","70-74","White","2106-3",792,681100,116.3,108.3,124.7,4.1
,"New York","36","2020","2020","Urinary Bladder, invasive and in situ","29010","75-79 years","75-79","Black or African American","2054-5",55,86228,63.8,48.1,83.0,8.6
,"New York","36","2020","2020","Urinary Bladder, invasive and in situ","29010","75-79 years","75-79","White","2106-3",712,457633,155.6,144.4,167.4,5.8
,"New York","36","2020","2020","Urinary Bladder, invasive and in situ","29010","80-84 years","80-84","Asian or Pacific Islander","A-PI",24,28959,82.9,53.1,123.3,16.9
,"New York","36","2020","2020","Urinary Bladder, invasive and in situ","29010","80-84 years","80-84","Black or African American","2054-5",46,56700,81.1,59.4,108.2,12.0
,"New York","36","2020","2020","Urinary Bladder, invasive and in situ","29010","80-84 years","80-84","White","2106-3",608,303984,200.0,184.4,216.6,8.1
,"New York","36","2020","2020","Urinary Bladder, invasive and in situ","29010","85+ years","85+","Asian or Pacific Islander","A-PI",19,27054,70.2,42.3,109.7,16.1
,"New York","36","2020","2020","Urinary Bladder, invasive and in situ","29010","85+ years","85+","Black or African American","2054-5",32,52916,60.5,41.4,85.4,10.7
,"New York","36","2020","2020","Urinary Bladder, invasive and in situ","29010","85+ years","85+","White","2106-3",622,336352,184.9,170.7,200.0,7.4
,"North Carolina","37","2020","2020","Breast","26000","25-29 years","25-29","White","2106-3",26,478275,5.4,3.6,8.0,1.1
,"North Carolina","37","2020","2020","Breast","26000","30-34 years","30-34","Black or African American","2054-5",37,170442,21.7,15.3,29.9,3.6
,"North Carolina","37","2020","2020","Breast","26000","30-34 years","30-34","White","2106-3",73,477717,15.3,12.0,19.2,1.8
,"North Carolina","37","2020","2020","Breast","26000","35-39 years","35-39","Black or African American","2054-5",61,152313,40.0,30.6,51.4,5.1
,"North Carolina","37","2020","2020","Breast","26000","35-39 years","35-39","White","2106-3",176,467353,37.7,32.3,43.7,2.8
,"North Carolina","37","2020","2020","Breast","26000","40-44 years","40-44","Asian or Pacific Islander","A-PI",27,32497,83.1,54.8,120.9,16.0
,"North Carolina","37","2020","2020","Breast","26000","40-44 years","40-44","Black or African American","2054-5",118,149276,79.0,65.4,94.7,7.3
,"North Carolina","37","2020","2020","Breast","26000","40-44 years","40-44","White","2106-3",312,457883,68.1,60.8,76.1,3.9
,"North Carolina","37","2020","2020","Breast","26000","45-49 years","45-49","Asian or Pacific Islander","A-PI",23,28426,80.9,51.3,121.4,16.9
,"North Carolina","37","2020","2020","Breast","26000","45-49 years","45-49","Black or African American","2054-5",180,148928,120.9,103.9,139.9,9.0
,"North Carolina","37","2020","2020","Breast","26000","45-49 years","45-49","White","2106-3",493,483950,101.9,93.1,111.3,4.6
,"North Carolina","37","2020","2020","Breast","26000","50-54 years","50-54","Asian or Pacific Islander","A-PI",17,22023,77.2,45.0,123.6,18.7
,"North Carolina","37","2020","2020","Breast","26000","50-54 years","50-54","Black or African American","2054-5",233,147874,157.6,138.0,179.2,10.3
,"North Carolina","37","2020","2020","Breast","26000","50-54 years","50-54","White","2106-3",666,500325,133.1,123.2,143.6,5.2
,"North Carolina","37","2020","2020","Breast","26000","55-59 years","55-59","Black or African American","2054-5",226,150886,149.8,130.9,170.6,10.0
,"North Carolina","37","2020","2020","Breast","26000","55-59 years","55-59","White","2106-3",758,522296,145.1,135.0,155.8,5.3
,"North Carolina","37","2020","2020","Breast","26000","60-64 years ","60-64","Asian or Pacific Islander","A-PI",21,13934,150.7,93.3,230.4,32.9
,"North Carolina","37","2020","2020","Breast","26000","60-64 years ","60-64","Black or African American","2054-5",265,139027,190.6,168.3,215.0,11.7
,"North Carolina","37","2020","2020","Breast","26000","60-64 years ","60-64","White","2106-3",916,498752,183.7,172.0,195.9,6.1
,"North Carolina","37","2020","2020","Breast","26000","65-69 years","65-69","Black or African American","2054-5",282,114265,246.8,218.8,277.3,14.7
,"North Carolina","37","2020","2020","Breast","26000","65-69 years","65-69","White","2106-3",1046,444895,235.1,221.1,249.8,7.3
,"North Carolina","37","2020","2020","Breast","26000","70-74 years","70-74","Black or African American","2054-5",247,83442,296.0,260.2,335.3,18.8
,"North Carolina","37","2020","2020","Breast","26000","70-74 years","70-74","White","2106-3",967,381415,253.5,237.8,270.0,8.2
,"North Carolina","37","2020","2020","Breast","26000","75-79 years","75-79","Black or African American","2054-5",131,49063,267.0,223.2,316.8,23.3
,"North Carolina","37","2020","2020","Breast","26000","75-79 years","75-79","White","2106-3",756,254420,297.1,276.3,319.1,10.8
,"North Carolina","37","2020","2020","Breast","26000","80-84 years","80-84","Black or African American","2054-5",84,29829,281.6,224.6,348.6,30.7
,"North Carolina","37","2020","2020","Breast","26000","80-84 years","80-84","White","2106-3",428,155302,275.6,250.1,303.0,13.3
,"North Carolina","37","2020","2020","Breast","26000","85+ years","85+","Black or African American","2054-5",80,26181,305.6,242.3,380.3,34.2
,"North Carolina","37","2020","2020","Breast","26000","85+ years","85+","White","2106-3",311,142625,218.1,194.5,243.7,12.4
,"North Carolina","37","2020","2020","Kidney and Renal Pelvis","29020","30-34 years","30-34","White","2106-3",21,477717,4.4,2.7,6.7,1.0
,"North Carolina","37","2020","2020","Kidney and Renal Pelvis","29020","35-39 years","35-39","Black or African American","2054-5",19,152313,12.5,7.5,19.5,2.9
,"North Carolina","37","2020","2020","Kidney and Renal Pelvis","29020","35-39 years","35-39","White","2106-3",24,467353,5.1,3.3,7.6,1.0
,"North Carolina","37","2020","2020","Kidney and Renal Pelvis","29020","40-44 years","40-44","White","2106-3",55,457883,12.0,9.0,15.6,1.6
,"North Carolina","37","2020","2020","Kidney and Renal Pelvis","29020","45-49 years","45-49","Black or African American","2054-5",30,148928,20.1,13.6,28.8,3.7
,"North Carolina","37","2020","2020","Kidney and Renal Pelvis","29020","45-49 years","45-49","White","2106-3",75,483950,15.5,12.2,19.4,1.8
,"North Carolina","37","2020","2020","Kidney and Renal Pelvis","29020","50-54 years","50-54","Black or African American","2054-5",40,147874,27.1,19.3,36.8,4.3
,"North Carolina","37","2020","2020","Kidney and Renal Pelvis","29020","50-54 years","50-54","White","2106-3",140,500325,28.0,23.5,33.0,2.4
,"North Carolina","37","2020","2020","Kidney and Renal Pelvis","29020","55-59 years","55-59","Black or African American","2054-5",69,150886,45.7,35.6,57.9,5.5
,"North Carolina","37","2020","2020","Kidney and Renal Pelvis","29020","55-59 years","55-59","White","2106-3",196,522296,37.5,32.5,43.2,2.7
,"North Carolina","37","2020","2020","Kidney and Renal Pelvis","29020","60-64 years ","60-64","Black or African American","2054-5",93,139027,66.9,54.0,81.9,6.9
,"North Carolina","37","2020","2020","Kidney and Renal Pelvis","29020","60-64 years ","60-64","White","2106-3",266,498752,53.3,47.1,60.1,3.3
,"North Carolina","37","2020","2020","Kidney and Renal Pelvis","29020","65-69 years","65-69","Black or African American","2054-5",90,114265,78.8,63.3,96.8,8.3
,"North Carolina","37","2020","2020","Kidney and Renal Pelvis","29020","65-69 years","65-69","White","2106-3",293,444895,65.9,58.5,73.8,3.8
,"North Carolina","37","2020","2020","Kidney and Renal Pelvis","29020","70-74 years","70-74","Black or African American","2054-5",77,83442,92.3,72.8,115.3,10.5
,"North Carolina","37","2020","2020","Kidney and Renal Pelvis","29020","70-74 years","70-74","White","2106-3",302,381415,79.2,70.5,88.6,4.6
,"North Carolina","37","2020","2020","Kidney and Renal Pelvis","29020","75-79 years","75-79","Black or African American","2054-5",35,49063,71.3,49.7,99.2,12.1
,"North Carolina","37","2020","2020","Kidney and Renal Pelvis","29020","75-79 years","75-79","White","2106-3",198,254420,77.8,67.4,89.5,5.5
,"North Carolina","37","2020","2020","Kidney and Renal Pelvis","29020","80-84 years","80-84","Black or African American","2054-5",25,29829,83.8,54.2,123.7,16.8
,"North Carolina","37","2020","2020","Kidney and Renal Pelvis","29020","80-84 years","80-84","White","2106-3",119,155302,76.6,63.5,91.7,7.0
,"North Carolina","37","2020","2020","Kidney and Renal Pelvis","29020","85+ years","85+","Black or African American","2054-5",23,26181,87.8,55.7,131.8,18.3
,"North Carolina","37","2020","2020","Kidney and Renal Pelvis","29020","85+ years","85+","White","2106-3",80,142625,56.1,44.5,69.8,6.3
,"North Carolina","37","2020","2020","Liver","21071","50-54 years","50-54","White","2106-3",24,500325,4.8,3.1,7.1,1.0
,"North Carolina","37","2020","2020","Liver","21071","55-59 years","55-59","Black or African American","2054-5",36,150886,23.9,16.7,33.0,4.0
,"North Carolina","37","2020","2020","Liver","21071","55-59 years","55-59","White","2106-3",81,522296,15.5,12.3,19.3,1.7
,"North Carolina","37","2020","2020","Liver","21071","60-64 years ","60-64","Black or African American","2054-5",45,139027,32.4,23.6,43.3,4.8
,"North Carolina","37","2020","2020","Liver","21071","60-64 years ","60-64","White","2106-3",121,498752,24.3,20.1,29.0,2.2
,"North Carolina","37","2020","2020","Liver","21071","65-69 years","65-69","Black or African American","2054-5",56,114265,49.0,37.0,63.6,6.5
,"North Carolina","37","2020","2020","Liver","21071","65-69 years","65-69","White","2106-3",143,444895,32.1,27.1,37.9,2.7
,"North Carolina","37","2020","2020","Liver","21071","70-74 years","70-74","Black or African American","2054-5",29,83442,34.8,23.3,49.9,6.5
,"North Carolina","37","2020","2020","Liver","21071","70-74 years","70-74","White","2106-3",100,381415,26.2,21.3,31.9,2.6
,"North Carolina","37","2020","2020","Liver","21071","75-79 years","75-79","White","2106-3",96,254420,37.7,30.6,46.1,3.9
,"North Carolina","37","2020","2020","Liver","21071","80-84 years","80-84","White","2106-3",56,155302,36.1,27.2,46.8,4.8
,"North Carolina","37","2020","2020","Liver","21071","85+ years","85+","White","2106-3",29,142625,20.3,13.6,29.2,3.8
,"North Carolina","37","2020","2020","Lung and Bronchus","22030","40-44 years","40-44","Black or African American","2054-5",16,149276,10.7,6.1,17.4,2.7
,"North Carolina","37","2020","2020","Lung and Bronchus","22030","40-44 years","40-44","White","2106-3",31,457883,6.8,4.6,9.6,1.2
,"North Carolina","37","2020","2020","Lung and Bronchus","22030","45-49 years","45-49","Black or African American","2054-5",28,148928,18.8,12.5,27.2,3.6
,"North Carolina","37","2020","2020","Lung and Bronchus","22030","45-49 years","45-49","White","2106-3",102,483950,21.1,17.2,25.6,2.1
,"North Carolina","37","2020","2020","Lung and Bronchus","22030","50-54 years","50-54","Black or African American","2054-5",53,147874,35.8,26.8,46.9,4.9
,"North Carolina","37","2020","2020","Lung and Bronchus","22030","50-54 years","50-54","White","2106-3",210,500325,42.0,36.5,48.0,2.9
,"North Carolina","37","2020","2020","Lung and Bronchus","22030","55-59 years","55-59","Black or African American","2054-5",147,150886,97.4,82.3,114.5,8.0
,"North Carolina","37","2020","2020","Lung and Bronchus","22030","55-59 years","55-59","White","2106-3",535,522296,102.4,93.9,111.5,4.4
,"North Carolina","37","2020","2020","Lung and Bronchus","22030","60-64 years ","60-64","American Indian or Alaska Native","1002-5",17,8278,205.4,119.6,328.8,49.8
,"North Carolina","37","2020","2020","Lung and Bronchus","22030","60-64 years ","60-64","Black or African American","2054-5",238,139027,171.2,150.1,194.4,11.1
,"North Carolina","37","2020","2020","Lung and Bronchus","22030","60-64 years ","60-64","White","2106-3",916,498752,183.7,172.0,195.9,6.1
,"North Carolina","37","2020","2020","Lung and Bronchus","22030","65-69 years","65-69","American Indian or Alaska Native","1002-5",17,6874,247.3,144.1,396.0,60.0
,"North Carolina","37","2020","2020","Lung and Bronchus","22030","65-69 years","65-69","Black or African American","2054-5",292,114265,255.5,227.1,286.6,15.0
,"North Carolina","37","2020","2020","Lung and Bronchus","22030","65-69 years","65-69","White","2106-3",1153,444895,259.2,244.4,274.6,7.6
,"North Carolina","37","2020","2020","Lung and Bronchus","22030","70-74 years","70-74","American Indian or Alaska Native","1002-5",22,5187,424.1,265.8,642.1,90.4
,"North Carolina","37","2020","2020","Lung and Bronchus","22030","70-74 years","70-74","Black or African American","2054-5",276,83442,330.8,292.9,372.2,19.9
,"North Carolina","37","2020","2020","Lung and Bronchus","22030","70-74 years","70-74","White","2106-3",1309,381415,343.2,324.9,362.3,9.5
,"North Carolina","37","2020","2020","Lung and Bronchus","22030","75-79 years","75-79","Black or African American","2054-5",210,49063,428.0,372.1,490.0,29.5
,"North Carolina","37","2020","2020","Lung and Bronchus","22030","75-79 years","75-79","White","2106-3",1069,254420,420.2,395.4,446.1,12.9
,"North Carolina","37","2020","2020","Lung and Bronchus","22030","80-84 years","80-84","Black or African American","2054-5",105,29829,352.0,287.9,426.1,34.4
,"North Carolina","37","2020","2020","Lung and Bronchus","22030","80-84 years","80-84","White","2106-3",628,155302,404.4,373.4,437.3,16.1
,"North Carolina","37","2020","2020","Lung and Bronchus","22030","85+ years","85+","Black or African American","2054-5",75,26181,286.5,225.3,359.1,33.1
,"North Carolina","37","2020","2020","Lung and Bronchus","22030","85+ years","85+","White","2106-3",470,142625,329.5,300.4,360.7,15.2
,"North Carolina","37","2020","2020","Prostate","28010","40-44 years","40-44","White","2106-3",19,228957,8.3,5.0,13.0,1.9
,"North Carolina","37","2020","2020","Prostate","28010","45-49 years","45-49","Black or African American","2054-5",51,67679,75.4,56.1,99.1,10.6
,"North Carolina","37","2020","2020","Prostate","28010","45-49 years","45-49","White","2106-3",63,243855,25.8,19.9,33.1,3.3
,"North Carolina","37","2020","2020","Prostate","28010","50-54 years","50-54","Black or African American","2054-5",177,67761,261.2,224.1,302.7,19.6
,"North Carolina","37","2020","2020","Prostate","28010","50-54 years","50-54","White","2106-3",246,252148,97.6,85.7,110.5,6.2
,"North Carolina","37","2020","2020","Prostate","28010","55-59 years","55-59","Black or African American","2054-5",361,69314,520.8,468.5,577.4,27.4
,"North Carolina","37","2020","2020","Prostate","28010","55-59 years","55-59","White","2106-3",552,257975,214.0,196.5,232.6,9.1
,"North Carolina","37","2020","2020","Prostate","28010","60-64 years ","60-64","American Indian or Alaska Native","1002-5",23,3975,578.6,366.8,868.2,120.6
,"North Carolina","37","2020","2020","Prostate","28010","60-64 years ","60-64","Black or African American","2054-5",499,62851,793.9,725.8,866.8,35.5
,"North Carolina","37","2020","2020","Prostate","28010","60-64 years ","60-64","White","2106-3",914,241847,377.9,353.8,403.2,12.5
,"North Carolina","37","2020","2020","Prostate","28010","60-64 years ","60-64","Other Races and Unknown combined","2131-1",20,Not Applicable,Not Applicable,Not Applicable,Not Applicable,Not Applicable
,"North Carolina","37","2020","2020","Prostate","28010","65-69 years","65-69","American Indian or Alaska Native","1002-5",16,3090,517.8,296.0,840.9,129.4
,"North Carolina","37","2020","2020","Prostate","28010","65-69 years","65-69","Black or African American","2054-5",529,49387,1071.1,981.8,1166.4,46.6
,"North Carolina","37","2020","2020","Prostate","28010","65-69 years","65-69","White","2106-3",1324,210761,628.2,594.8,663.0,17.3
,"North Carolina","37","2020","2020","Prostate","28010","70-74 years","70-74","Black or African American","2054-5",344,35476,969.7,869.9,1077.7,52.3
,"North Carolina","37","2020","2020","Prostate","28010","70-74 years","70-74","White","2106-3",1162,178679,650.3,613.5,688.8,19.1
,"North Carolina","37","2020","2020","Prostate","28010","75-79 years","75-79","Black or African American","2054-5",159,19768,804.3,684.2,939.5,63.8
,"North Carolina","37","2020","2020","Prostate","28010","75-79 years","75-79","White","2106-3",662,115855,571.4,528.7,616.6,22.2
,"North Carolina","37","2020","2020","Prostate","28010","80-84 years","80-84","Black or African American","2054-5",78,10959,711.7,562.6,888.3,80.6
,"North Carolina","37","2020","2020","Prostate","28010","80-84 years","80-84","White","2106-3",292,66120,441.6,392.4,495.3,25.8
,"North Carolina","37","2020","2020","Prostate","28010","85+ years","85+","Black or African American","2054-5",44,7350,598.6,435.0,803.6,90.2
,"North Carolina","37","2020","2020","Prostate","28010","85+ years","85+","White","2106-3",193,50727,380.5,328.7,438.1,27.4
,"North Carolina","37","2020","2020","Urinary Bladder, invasive and in situ","29010","45-49 years","45-49","White","2106-3",21,483950,4.3,2.7,6.6,0.9
,"North Carolina","37","2020","2020","Urinary Bladder, invasive and in situ","29010","50-54 years","50-54","White","2106-3",61,500325,12.2,9.3,15.7,1.6
,"North Carolina","37","2020","2020","Urinary Bladder, invasive and in situ","29010","55-59 years","55-59","Black or African American","2054-5",20,150886,13.3,8.1,20.5,3.0
,"North Carolina","37","2020","2020","Urinary Bladder, invasive and in situ","29010","55-59 years","55-59","White","2106-3",120,522296,23.0,19.0,27.5,2.1
,"North Carolina","37","2020","2020","Urinary Bladder, invasive and in situ","29010","60-64 years ","60-64","Black or African American","2054-5",38,139027,27.3,19.3,37.5,4.4
,"North Carolina","37","2020","2020","Urinary Bladder, invasive and in situ","29010","60-64 years ","60-64","White","2106-3",228,498752,45.7,40.0,52.0,3.0
,"North Carolina","37","2020","2020","Urinary Bladder, invasive and in situ","29010","65-69 years","65-69","Black or African American","2054-5",39,114265,34.1,24.3,46.7,5.5
,"North Carolina","37","2020","2020","Urinary Bladder, invasive and in situ","29010","65-69 years","65-69","White","2106-3",330,444895,74.2,66.4,82.6,4.1
,"North Carolina","37","2020","2020","Urinary Bladder, invasive and in situ","29010","70-74 years","70-74","Black or African American","2054-5",45,83442,53.9,39.3,72.2,8.0
,"North Carolina","37","2020","2020","Urinary Bladder, invasive and in situ","29010","70-74 years","70-74","White","2106-3",425,381415,111.4,101.1,122.5,5.4
,"North Carolina","37","2020","2020","Urinary Bladder, invasive and in situ","29010","75-79 years","75-79","Black or African American","2054-5",39,49063,79.5,56.5,108.7,12.7
,"North Carolina","37","2020","2020","Urinary Bladder, invasive and in situ","29010","75-79 years","75-79","White","2106-3",364,254420,143.1,128.7,158.5,7.5
,"North Carolina","37","2020","2020","Urinary Bladder, invasive and in situ","29010","80-84 years","80-84","Black or African American","2054-5",27,29829,90.5,59.7,131.7,17.4
,"North Carolina","37","2020","2020","Urinary Bladder, invasive and in situ","29010","80-84 years","80-84","White","2106-3",270,155302,173.9,153.7,195.9,10.6
,"North Carolina","37","2020","2020","Urinary Bladder, invasive and in situ","29010","85+ years","85+","Black or African American","2054-5",26,26181,99.3,64.9,145.5,19.5
,"North Carolina","37","2020","2020","Urinary Bladder, invasive and in situ","29010","85+ years","85+","White","2106-3",245,142625,171.8,150.9,194.7,11.0
,"North Dakota","38","2020","2020","Breast","26000","35-39 years","35-39","White","2106-3",17,46699,36.4,21.2,58.3,8.8
,"North Dakota","38","2020","2020","Breast","26000","40-44 years","40-44","White","2106-3",30,39254,76.4,51.6,109.1,14.0
,"North Dakota","38","2020","2020","Breast","26000","45-49 years","45-49","White","2106-3",34,35220,96.5,66.9,134.9,16.6
,"North Dakota","38","2020","2020","Breast","26000","50-54 years","50-54","White","2106-3",30,36419,82.4,55.6,117.6,15.0
,"North Dakota","38","2020","2020","Breast","26000","55-59 years","55-59","White","2106-3",49,43480,112.7,83.4,149.0,16.1
,"North Dakota","38","2020","2020","Breast","26000","60-64 years ","60-64","White","2106-3",68,45354,149.9,116.4,190.1,18.2
,"North Dakota","38","2020","2020","Breast","26000","65-69 years","65-69","White","2106-3",83,39094,212.3,169.1,263.2,23.3
,"North Dakota","38","2020","2020","Breast","26000","70-74 years","70-74","White","2106-3",67,28919,231.7,179.5,294.2,28.3
,"North Dakota","38","2020","2020","Breast","26000","75-79 years","75-79","White","2106-3",42,19332,217.3,156.6,293.7,33.5
,"North Dakota","38","2020","2020","Breast","26000","80-84 years","80-84","White","2106-3",28,13941,200.8,133.5,290.3,38.0
,"North Dakota","38","2020","2020","Breast","26000","85+ years","85+","White","2106-3",29,17578,165.0,110.5,236.9,30.6
,"North Dakota","38","2020","2020","Kidney and Renal Pelvis","29020","55-59 years","55-59","White","2106-3",16,43480,36.8,21.0,59.8,9.2
,"North Dakota","38","2020","2020","Kidney and Renal Pelvis","29020","60-64 years ","60-64","White","2106-3",28,45354,61.7,41.0,89.2,11.7
,"North Dakota","38","2020","2020","Kidney and Renal Pelvis","29020","65-69 years","65-69","White","2106-3",25,39094,63.9,41.4,94.4,12.8
,"North Dakota","38","2020","2020","Kidney and Renal Pelvis","29020","70-74 years","70-74","White","2106-3",20,28919,69.2,42.2,106.8,15.5
,"North Dakota","38","2020","2020","Kidney and Renal Pelvis","29020","75-79 years","75-79","White","2106-3",20,19332,103.5,63.2,159.8,23.1
,"North Dakota","38","2020","2020","Kidney and Renal Pelvis","29020","80-84 years","80-84","White","2106-3",16,13941,114.8,65.6,186.4,28.7
,"North Dakota","38","2020","2020","Lung and Bronchus","22030","55-59 years","55-59","White","2106-3",43,43480,98.9,71.6,133.2,15.1
,"North Dakota","38","2020","2020","Lung and Bronchus","22030","60-64 years ","60-64","White","2106-3",68,45354,149.9,116.4,190.1,18.2
,"North Dakota","38","2020","2020","Lung and Bronchus","22030","65-69 years","65-69","White","2106-3",91,39094,232.8,187.4,285.8,24.4
,"North Dakota","38","2020","2020","Lung and Bronchus","22030","70-74 years","70-74","White","2106-3",70,28919,242.1,188.7,305.8,28.9
,"North Dakota","38","2020","2020","Lung and Bronchus","22030","75-79 years","75-79","White","2106-3",83,19332,429.3,342.0,532.2,47.1
,"North Dakota","38","2020","2020","Lung and Bronchus","22030","80-84 years","80-84","White","2106-3",54,13941,387.3,291.0,505.4,52.7
,"North Dakota","38","2020","2020","Lung and Bronchus","22030","85+ years","85+","White","2106-3",34,17578,193.4,134.0,270.3,33.2
,"North Dakota","38","2020","2020","Prostate","28010","50-54 years","50-54","White","2106-3",19,19001,100.0,60.2,156.2,22.9
,"North Dakota","38","2020","2020","Prostate","28010","55-59 years","55-59","White","2106-3",63,22259,283.0,217.5,362.1,35.7
,"North Dakota","38","2020","2020","Prostate","28010","60-64 years ","60-64","White","2106-3",95,23082,411.6,333.0,503.1,42.2
,"North Dakota","38","2020","2020","Prostate","28010","65-69 years","65-69","White","2106-3",138,19975,690.9,580.4,816.2,58.8
,"North Dakota","38","2020","2020","Prostate","28010","70-74 years","70-74","White","2106-3",124,14455,857.8,713.5,1022.8,77.0
,"North Dakota","38","2020","2020","Prostate","28010","75-79 years","75-79","White","2106-3",60,9185,653.2,498.5,840.8,84.3
,"North Dakota","38","2020","2020","Prostate","28010","80-84 years","80-84","White","2106-3",33,5971,552.7,380.4,776.2,96.2
,"North Dakota","38","2020","2020","Prostate","28010","85+ years","85+","White","2106-3",17,5998,283.4,165.1,453.8,68.7
,"North Dakota","38","2020","2020","Urinary Bladder, invasive and in situ","29010","55-59 years","55-59","White","2106-3",17,43480,39.1,22.8,62.6,9.5
,"North Dakota","38","2020","2020","Urinary Bladder, invasive and in situ","29010","60-64 years ","60-64","White","2106-3",18,45354,39.7,23.5,62.7,9.4
,"North Dakota","38","2020","2020","Urinary Bladder, invasive and in situ","29010","65-69 years","65-69","White","2106-3",30,39094,76.7,51.8,109.5,14.0
,"North Dakota","38","2020","2020","Urinary Bladder, invasive and in situ","29010","70-74 years","70-74","White","2106-3",34,28919,117.6,81.4,164.3,20.2
,"North Dakota","38","2020","2020","Urinary Bladder, invasive and in situ","29010","75-79 years","75-79","White","2106-3",24,19332,124.1,79.5,184.7,25.3
,"North Dakota","38","2020","2020","Urinary Bladder, invasive and in situ","29010","80-84 years","80-84","White","2106-3",26,13941,186.5,121.8,273.3,36.6
,"North Dakota","38","2020","2020","Urinary Bladder, invasive and in situ","29010","85+ years","85+","White","2106-3",34,17578,193.4,134.0,270.3,33.2
,"Ohio","39","2020","2020","Breast","26000","25-29 years","25-29","White","2106-3",46,613930,7.5,5.5,10.0,1.1
,"Ohio","39","2020","2020","Breast","26000","30-34 years","30-34","White","2106-3",98,616309,15.9,12.9,19.4,1.6
,"Ohio","39","2020","2020","Breast","26000","35-39 years","35-39","Black or African American","2054-5",31,103386,30.0,20.4,42.6,5.4
,"Ohio","39","2020","2020","Breast","26000","35-39 years","35-39","White","2106-3",185,603644,30.6,26.4,35.4,2.3
,"Ohio","39","2020","2020","Breast","26000","40-44 years","40-44","Black or African American","2054-5",60,94538,63.5,48.4,81.7,8.2
,"Ohio","39","2020","2020","Breast","26000","40-44 years","40-44","White","2106-3",362,576541,62.8,56.5,69.6,3.3
,"Ohio","39","2020","2020","Breast","26000","45-49 years","45-49","Asian or Pacific Islander","A-PI",16,23188,69.0,39.4,112.1,17.3
,"Ohio","39","2020","2020","Breast","26000","45-49 years","45-49","Black or African American","2054-5",86,91609,93.9,75.1,115.9,10.1
,"Ohio","39","2020","2020","Breast","26000","45-49 years","45-49","White","2106-3",565,587778,96.1,88.4,104.4,4.0
,"Ohio","39","2020","2020","Breast","26000","50-54 years","50-54","Asian or Pacific Islander","A-PI",19,18684,101.7,61.2,158.8,23.3
,"Ohio","39","2020","2020","Breast","26000","50-54 years","50-54","Black or African American","2054-5",95,89543,106.1,85.8,129.7,10.9
,"Ohio","39","2020","2020","Breast","26000","50-54 years","50-54","White","2106-3",718,631581,113.7,105.5,122.3,4.2
,"Ohio","39","2020","2020","Breast","26000","55-59 years","55-59","Asian or Pacific Islander","A-PI",17,15464,109.9,64.0,176.0,26.7
,"Ohio","39","2020","2020","Breast","26000","55-59 years","55-59","Black or African American","2054-5",155,93376,166.0,140.9,194.3,13.3
,"Ohio","39","2020","2020","Breast","26000","55-59 years","55-59","White","2106-3",937,695576,134.7,126.2,143.6,4.4
,"Ohio","39","2020","2020","Breast","26000","60-64 years ","60-64","Black or African American","2054-5",159,90332,176.0,149.7,205.6,14.0
,"Ohio","39","2020","2020","Breast","26000","60-64 years ","60-64","White","2106-3",1174,701158,167.4,158.0,177.3,4.9
,"Ohio","39","2020","2020","Breast","26000","65-69 years","65-69","Asian or Pacific Islander","A-PI",17,10399,163.5,95.2,261.7,39.6
,"Ohio","39","2020","2020","Breast","26000","65-69 years","65-69","Black or African American","2054-5",141,70554,199.8,168.2,235.7,16.8
,"Ohio","39","2020","2020","Breast","26000","65-69 years","65-69","White","2106-3",1308,605723,215.9,204.4,228.0,6.0
,"Ohio","39","2020","2020","Breast","26000","70-74 years","70-74","Black or African American","2054-5",127,50754,250.2,208.6,297.7,22.2
,"Ohio","39","2020","2020","Breast","26000","70-74 years","70-74","White","2106-3",1192,488860,243.8,230.2,258.1,7.1
,"Ohio","39","2020","2020","Breast","26000","75-79 years","75-79","Black or African American","2054-5",82,31031,264.3,210.2,328.0,29.2
,"Ohio","39","2020","2020","Breast","26000","75-79 years","75-79","White","2106-3",858,316006,271.5,253.6,290.3,9.3
,"Ohio","39","2020","2020","Breast","26000","80-84 years","80-84","Black or African American","2054-5",51,21025,242.6,180.6,318.9,34.0
,"Ohio","39","2020","2020","Breast","26000","80-84 years","80-84","White","2106-3",509,209509,242.9,222.3,265.0,10.8
,"Ohio","39","2020","2020","Breast","26000","85+ years","85+","Black or African American","2054-5",52,20514,253.5,189.3,332.4,35.2
,"Ohio","39","2020","2020","Breast","26000","85+ years","85+","White","2106-3",464,208187,222.9,203.1,244.1,10.3
,"Ohio","39","2020","2020","Kidney and Renal Pelvis","29020","35-39 years","35-39","White","2106-3",51,603644,8.4,6.3,11.1,1.2
,"Ohio","39","2020","2020","Kidney and Renal Pelvis","29020","40-44 years","40-44","White","2106-3",76,576541,13.2,10.4,16.5,1.5
,"Ohio","39","2020","2020","Kidney and Renal Pelvis","29020","45-49 years","45-49","White","2106-3",112,587778,19.1,15.7,22.9,1.8
,"Ohio","39","2020","2020","Kidney and Renal Pelvis","29020","50-54 years","50-54","Black or African American","2054-5",28,89543,31.3,20.8,45.2,5.9
,"Ohio","39","2020","2020","Kidney and Renal Pelvis","29020","50-54 years","50-54","White","2106-3",193,631581,30.6,26.4,35.2,2.2
,"Ohio","39","2020","2020","Kidney and Renal Pelvis","29020","55-59 years","55-59","Black or African American","2054-5",35,93376,37.5,26.1,52.1,6.3
,"Ohio","39","2020","2020","Kidney and Renal Pelvis","29020","55-59 years","55-59","White","2106-3",244,695576,35.1,30.8,39.8,2.2
,"Ohio","39","2020","2020","Kidney and Renal Pelvis","29020","60-64 years ","60-64","Black or African American","2054-5",36,90332,39.9,27.9,55.2,6.6
,"Ohio","39","2020","2020","Kidney and Renal Pelvis","29020","60-64 years ","60-64","White","2106-3",334,701158,47.6,42.7,53.0,2.6
,"Ohio","39","2020","2020","Kidney and Renal Pelvis","29020","65-69 years","65-69","Black or African American","2054-5",55,70554,78.0,58.7,101.5,10.5
,"Ohio","39","2020","2020","Kidney and Renal Pelvis","29020","65-69 years","65-69","White","2106-3",355,605723,58.6,52.7,65.0,3.1
,"Ohio","39","2020","2020","Kidney and Renal Pelvis","29020","70-74 years","70-74","Black or African American","2054-5",39,50754,76.8,54.6,105.0,12.3
,"Ohio","39","2020","2020","Kidney and Renal Pelvis","29020","70-74 years","70-74","White","2106-3",350,488860,71.6,64.3,79.5,3.8
,"Ohio","39","2020","2020","Kidney and Renal Pelvis","29020","75-79 years","75-79","Black or African American","2054-5",26,31031,83.8,54.7,122.8,16.4
,"Ohio","39","2020","2020","Kidney and Renal Pelvis","29020","75-79 years","75-79","White","2106-3",218,316006,69.0,60.1,78.8,4.7
,"Ohio","39","2020","2020","Kidney and Renal Pelvis","29020","80-84 years","80-84","White","2106-3",137,209509,65.4,54.9,77.3,5.6
,"Ohio","39","2020","2020","Kidney and Renal Pelvis","29020","85+ years","85+","White","2106-3",95,208187,45.6,36.9,55.8,4.7
,"Ohio","39","2020","2020","Liver","21071","50-54 years","50-54","White","2106-3",19,631581,3.0,1.8,4.7,0.7
,"Ohio","39","2020","2020","Liver","21071","55-59 years","55-59","White","2106-3",73,695576,10.5,8.2,13.2,1.2
,"Ohio","39","2020","2020","Liver","21071","60-64 years ","60-64","Black or African American","2054-5",38,90332,42.1,29.8,57.7,6.8
,"Ohio","39","2020","2020","Liver","21071","60-64 years ","60-64","White","2106-3",124,701158,17.7,14.7,21.1,1.6
,"Ohio","39","2020","2020","Liver","21071","65-69 years","65-69","Black or African American","2054-5",53,70554,75.1,56.3,98.3,10.3
,"Ohio","39","2020","2020","Liver","21071","65-69 years","65-69","White","2106-3",149,605723,24.6,20.8,28.9,2.0
,"Ohio","39","2020","2020","Liver","21071","70-74 years","70-74","Black or African American","2054-5",26,50754,51.2,33.5,75.1,10.0
,"Ohio","39","2020","2020","Liver","21071","70-74 years","70-74","White","2106-3",111,488860,22.7,18.7,27.3,2.2
,"Ohio","39","2020","2020","Liver","21071","75-79 years","75-79","White","2106-3",89,316006,28.2,22.6,34.7,3.0
,"Ohio","39","2020","2020","Liver","21071","80-84 years","80-84","White","2106-3",76,209509,36.3,28.6,45.4,4.2
,"Ohio","39","2020","2020","Liver","21071","85+ years","85+","White","2106-3",34,208187,16.3,11.3,22.8,2.8
,"Ohio","39","2020","2020","Lung and Bronchus","22030","35-39 years","35-39","White","2106-3",20,603644,3.3,2.0,5.1,0.7
,"Ohio","39","2020","2020","Lung and Bronchus","22030","40-44 years","40-44","White","2106-3",53,576541,9.2,6.9,12.0,1.3
,"Ohio","39","2020","2020","Lung and Bronchus","22030","45-49 years","45-49","Black or African American","2054-5",24,91609,26.2,16.8,39.0,5.3
,"Ohio","39","2020","2020","Lung and Bronchus","22030","45-49 years","45-49","White","2106-3",122,587778,20.8,17.2,24.8,1.9
,"Ohio","39","2020","2020","Lung and Bronchus","22030","50-54 years","50-54","Black or African American","2054-5",33,89543,36.9,25.4,51.8,6.4
,"Ohio","39","2020","2020","Lung and Bronchus","22030","50-54 years","50-54","White","2106-3",335,631581,53.0,47.5,59.0,2.9
,"Ohio","39","2020","2020","Lung and Bronchus","22030","55-59 years","55-59","Black or African American","2054-5",109,93376,116.7,95.8,140.8,11.2
,"Ohio","39","2020","2020","Lung and Bronchus","22030","55-59 years","55-59","White","2106-3",791,695576,113.7,105.9,121.9,4.0
,"Ohio","39","2020","2020","Lung and Bronchus","22030","60-64 years ","60-64","Black or African American","2054-5",201,90332,222.5,192.8,255.5,15.7
,"Ohio","39","2020","2020","Lung and Bronchus","22030","60-64 years ","60-64","White","2106-3",1372,701158,195.7,185.5,206.3,5.3
,"Ohio","39","2020","2020","Lung and Bronchus","22030","65-69 years","65-69","Black or African American","2054-5",202,70554,286.3,248.2,328.6,20.1
,"Ohio","39","2020","2020","Lung and Bronchus","22030","65-69 years","65-69","White","2106-3",1522,605723,251.3,238.8,264.2,6.4
,"Ohio","39","2020","2020","Lung and Bronchus","22030","70-74 years","70-74","Black or African American","2054-5",161,50754,317.2,270.1,370.2,25.0
,"Ohio","39","2020","2020","Lung and Bronchus","22030","70-74 years","70-74","White","2106-3",1589,488860,325.0,309.3,341.4,8.2
,"Ohio","39","2020","2020","Lung and Bronchus","22030","75-79 years","75-79","Black or African American","2054-5",142,31031,457.6,385.4,539.4,38.4
,"Ohio","39","2020","2020","Lung and Bronchus","22030","75-79 years","75-79","White","2106-3",1258,316006,398.1,376.4,420.7,11.2
,"Ohio","39","2020","2020","Lung and Bronchus","22030","80-84 years","80-84","Black or African American","2054-5",63,21025,299.6,230.3,383.4,37.8
,"Ohio","39","2020","2020","Lung and Bronchus","22030","80-84 years","80-84","White","2106-3",844,209509,402.8,376.1,431.0,13.9
,"Ohio","39","2020","2020","Lung and Bronchus","22030","85+ years","85+","Black or African American","2054-5",55,20514,268.1,202.0,349.0,36.2
,"Ohio","39","2020","2020","Lung and Bronchus","22030","85+ years","85+","White","2106-3",606,208187,291.1,268.4,315.2,11.8
,"Ohio","39","2020","2020","Prostate","28010","45-49 years","45-49","Black or African American","2054-5",42,43806,95.9,69.1,129.6,14.8
,"Ohio","39","2020","2020","Prostate","28010","45-49 years","45-49","White","2106-3",52,295886,17.6,13.1,23.0,2.4
,"Ohio","39","2020","2020","Prostate","28010","50-54 years","50-54","Black or African American","2054-5",106,43288,244.9,200.5,296.2,23.8
,"Ohio","39","2020","2020","Prostate","28010","50-54 years","50-54","White","2106-3",276,317517,86.9,77.0,97.8,5.2
,"Ohio","39","2020","2020","Prostate","28010","55-59 years","55-59","Black or African American","2054-5",190,43985,432.0,372.7,497.9,31.3
,"Ohio","39","2020","2020","Prostate","28010","55-59 years","55-59","White","2106-3",723,345098,209.5,194.5,225.3,7.8
,"Ohio","39","2020","2020","Prostate","28010","55-59 years","55-59","Other Races and Unknown combined","2131-1",23,Not Applicable,Not Applicable,Not Applicable,Not Applicable,Not Applicable
,"Ohio","39","2020","2020","Prostate","28010","60-64 years ","60-64","Black or African American","2054-5",287,41738,687.6,610.4,772.0,40.6
,"Ohio","39","2020","2020","Prostate","28010","60-64 years ","60-64","White","2106-3",1299,344260,377.3,357.1,398.4,10.5
,"Ohio","39","2020","2020","Prostate","28010","60-64 years ","60-64","Other Races and Unknown combined","2131-1",48,Not Applicable,Not Applicable,Not Applicable,Not Applicable,Not Applicable
,"Ohio","39","2020","2020","Prostate","28010","65-69 years","65-69","Black or African American","2054-5",254,31429,808.2,711.8,913.9,50.7
,"Ohio","39","2020","2020","Prostate","28010","65-69 years","65-69","White","2106-3",1717,292653,586.7,559.3,615.1,14.2
,"Ohio","39","2020","2020","Prostate","28010","65-69 years","65-69","Other Races and Unknown combined","2131-1",63,Not Applicable,Not Applicable,Not Applicable,Not Applicable,Not Applicable
,"Ohio","39","2020","2020","Prostate","28010","70-74 years","70-74","Black or African American","2054-5",151,21478,703.0,595.4,824.5,57.2
,"Ohio","39","2020","2020","Prostate","28010","70-74 years","70-74","White","2106-3",1534,230036,666.9,633.9,701.1,17.0
,"Ohio","39","2020","2020","Prostate","28010","70-74 years","70-74","Other Races and Unknown combined","2131-1",51,Not Applicable,Not Applicable,Not Applicable,Not Applicable,Not Applicable
,"Ohio","39","2020","2020","Prostate","28010","75-79 years","75-79","Black or African American","2054-5",84,12305,682.6,544.5,845.2,74.5
,"Ohio","39","2020","2020","Prostate","28010","75-79 years","75-79","White","2106-3",861,141596,608.1,568.1,650.1,20.7
,"Ohio","39","2020","2020","Prostate","28010","75-79 years","75-79","Other Races and Unknown combined","2131-1",35,Not Applicable,Not Applicable,Not Applicable,Not Applicable,Not Applicable
,"Ohio","39","2020","2020","Prostate","28010","80-84 years","80-84","Black or African American","2054-5",39,7829,498.1,354.2,681.0,79.8
,"Ohio","39","2020","2020","Prostate","28010","80-84 years","80-84","White","2106-3",423,87353,484.2,439.2,532.7,23.5
,"Ohio","39","2020","2020","Prostate","28010","85+ years","85+","Black or African American","2054-5",31,6421,482.8,328.0,685.3,86.7
,"Ohio","39","2020","2020","Prostate","28010","85+ years","85+","White","2106-3",282,72460,389.2,345.1,437.4,23.2
,"Ohio","39","2020","2020","Urinary Bladder, invasive and in situ","29010","40-44 years","40-44","White","2106-3",24,576541,4.2,2.7,6.2,0.8
,"Ohio","39","2020","2020","Urinary Bladder, invasive and in situ","29010","45-49 years","45-49","White","2106-3",44,587778,7.5,5.4,10.0,1.1
,"Ohio","39","2020","2020","Urinary Bladder, invasive and in situ","29010","50-54 years","50-54","White","2106-3",102,631581,16.1,13.2,19.6,1.6
,"Ohio","39","2020","2020","Urinary Bladder, invasive and in situ","29010","55-59 years","55-59","White","2106-3",194,695576,27.9,24.1,32.1,2.0
,"Ohio","39","2020","2020","Urinary Bladder, invasive and in situ","29010","60-64 years ","60-64","Black or African American","2054-5",21,90332,23.2,14.4,35.5,5.1
,"Ohio","39","2020","2020","Urinary Bladder, invasive and in situ","29010","60-64 years ","60-64","White","2106-3",362,701158,51.6,46.4,57.2,2.7
,"Ohio","39","2020","2020","Urinary Bladder, invasive and in situ","29010","65-69 years","65-69","Black or African American","2054-5",36,70554,51.0,35.7,70.6,8.5
,"Ohio","39","2020","2020","Urinary Bladder, invasive and in situ","29010","65-69 years","65-69","White","2106-3",461,605723,76.1,69.3,83.4,3.5
,"Ohio","39","2020","2020","Urinary Bladder, invasive and in situ","29010","70-74 years","70-74","Black or African American","2054-5",25,50754,49.3,31.9,72.7,9.9
,"Ohio","39","2020","2020","Urinary Bladder, invasive and in situ","29010","70-74 years","70-74","White","2106-3",556,488860,113.7,104.5,123.6,4.8
,"Ohio","39","2020","2020","Urinary Bladder, invasive and in situ","29010","70-74 years","70-74","Other Races and Unknown combined","2131-1",16,Not Applicable,Not Applicable,Not Applicable,Not Applicable,Not Applicable
,"Ohio","39","2020","2020","Urinary Bladder, invasive and in situ","29010","75-79 years","75-79","Black or African American","2054-5",28,31031,90.2,60.0,130.4,17.1
,"Ohio","39","2020","2020","Urinary Bladder, invasive and in situ","29010","75-79 years","75-79","White","2106-3",491,316006,155.4,141.9,169.7,7.0
,"Ohio","39","2020","2020","Urinary Bladder, invasive and in situ","29010","80-84 years","80-84","White","2106-3",415,209509,198.1,179.5,218.1,9.7
,"Ohio","39","2020","2020","Urinary Bladder, invasive and in situ","29010","85+ years","85+","Black or African American","2054-5",25,20514,121.9,78.9,179.9,24.4
,"Ohio","39","2020","2020","Urinary Bladder, invasive and in situ","29010","85+ years","85+","White","2106-3",390,208187,187.3,169.2,206.9,9.5
,"Oklahoma","40","2020","2020","Breast","26000","30-34 years","30-34","White","2106-3",25,201094,12.4,8.0,18.4,2.5
,"Oklahoma","40","2020","2020","Breast","26000","35-39 years","35-39","White","2106-3",49,206580,23.7,17.5,31.4,3.4
,"Oklahoma","40","2020","2020","Breast","26000","40-44 years","40-44","American Indian or Alaska Native","1002-5",22,25091,87.7,54.9,132.7,18.7
,"Oklahoma","40","2020","2020","Breast","26000","40-44 years","40-44","Black or African American","2054-5",16,20805,76.9,44.0,124.9,19.2
,"Oklahoma","40","2020","2020","Breast","26000","40-44 years","40-44","White","2106-3",106,187689,56.5,46.2,68.3,5.5
,"Oklahoma","40","2020","2020","Breast","26000","45-49 years","45-49","American Indian or Alaska Native","1002-5",39,22740,171.5,122.0,234.5,27.5
,"Oklahoma","40","2020","2020","Breast","26000","45-49 years","45-49","White","2106-3",154,180333,85.4,72.4,100.0,6.9
,"Oklahoma","40","2020","2020","Breast","26000","50-54 years","50-54","Black or African American","2054-5",20,17508,114.2,69.8,176.4,25.5
,"Oklahoma","40","2020","2020","Breast","26000","50-54 years","50-54","White","2106-3",171,179497,95.3,81.5,110.7,7.3
,"Oklahoma","40","2020","2020","Breast","26000","55-59 years","55-59","American Indian or Alaska Native","1002-5",39,21736,179.4,127.6,245.3,28.7
,"Oklahoma","40","2020","2020","Breast","26000","55-59 years","55-59","Black or African American","2054-5",25,18639,134.1,86.8,198.0,26.8
,"Oklahoma","40","2020","2020","Breast","26000","55-59 years","55-59","White","2106-3",244,201741,120.9,106.2,137.1,7.7
,"Oklahoma","40","2020","2020","Breast","26000","60-64 years ","60-64","American Indian or Alaska Native","1002-5",35,19651,178.1,124.1,247.7,30.1
,"Oklahoma","40","2020","2020","Breast","26000","60-64 years ","60-64","Black or African American","2054-5",31,17463,177.5,120.6,252.0,31.9
,"Oklahoma","40","2020","2020","Breast","26000","60-64 years ","60-64","White","2106-3",304,200055,152.0,135.4,170.0,8.7
,"Oklahoma","40","2020","2020","Breast","26000","65-69 years","65-69","American Indian or Alaska Native","1002-5",29,15278,189.8,127.1,272.6,35.2
,"Oklahoma","40","2020","2020","Breast","26000","65-69 years","65-69","Black or African American","2054-5",36,13420,268.3,187.9,371.4,44.7
,"Oklahoma","40","2020","2020","Breast","26000","65-69 years","65-69","White","2106-3",372,175584,211.9,190.9,234.5,11.0
,"Oklahoma","40","2020","2020","Breast","26000","70-74 years","70-74","American Indian or Alaska Native","1002-5",24,11460,209.4,134.2,311.6,42.7
,"Oklahoma","40","2020","2020","Breast","26000","70-74 years","70-74","Black or African American","2054-5",36,9269,388.4,272.0,537.7,64.7
,"Oklahoma","40","2020","2020","Breast","26000","70-74 years","70-74","White","2106-3",318,143221,222.0,198.3,247.8,12.5
,"Oklahoma","40","2020","2020","Breast","26000","75-79 years","75-79","American Indian or Alaska Native","1002-5",17,6982,243.5,141.8,389.8,59.1
,"Oklahoma","40","2020","2020","Breast","26000","75-79 years","75-79","White","2106-3",253,99976,253.1,222.8,286.2,15.9
,"Oklahoma","40","2020","2020","Breast","26000","80-84 years","80-84","White","2106-3",137,64556,212.2,178.2,250.9,18.1
,"Oklahoma","40","2020","2020","Breast","26000","85+ years","85+","White","2106-3",123,60831,202.2,168.0,241.3,18.2
,"Oklahoma","40","2020","2020","Kidney and Renal Pelvis","29020","40-44 years","40-44","White","2106-3",27,187689,14.4,9.5,20.9,2.8
,"Oklahoma","40","2020","2020","Kidney and Renal Pelvis","29020","45-49 years","45-49","White","2106-3",41,180333,22.7,16.3,30.8,3.6
,"Oklahoma","40","2020","2020","Kidney and Renal Pelvis","29020","50-54 years","50-54","American Indian or Alaska Native","1002-5",16,20789,77.0,44.0,125.0,19.2
,"Oklahoma","40","2020","2020","Kidney and Renal Pelvis","29020","50-54 years","50-54","White","2106-3",52,179497,29.0,21.6,38.0,4.0
,"Oklahoma","40","2020","2020","Kidney and Renal Pelvis","29020","55-59 years","55-59","American Indian or Alaska Native","1002-5",21,21736,96.6,59.8,147.7,21.1
,"Oklahoma","40","2020","2020","Kidney and Renal Pelvis","29020","55-59 years","55-59","White","2106-3",88,201741,43.6,35.0,53.7,4.6
,"Oklahoma","40","2020","2020","Kidney and Renal Pelvis","29020","60-64 years ","60-64","White","2106-3",105,200055,52.5,42.9,63.5,5.1
,"Oklahoma","40","2020","2020","Kidney and Renal Pelvis","29020","65-69 years","65-69","American Indian or Alaska Native","1002-5",21,15278,137.5,85.1,210.1,30.0
,"Oklahoma","40","2020","2020","Kidney and Renal Pelvis","29020","65-69 years","65-69","White","2106-3",108,175584,61.5,50.5,74.3,5.9
,"Oklahoma","40","2020","2020","Kidney and Renal Pelvis","29020","70-74 years","70-74","American Indian or Alaska Native","1002-5",21,11460,183.2,113.4,280.1,40.0
,"Oklahoma","40","2020","2020","Kidney and Renal Pelvis","29020","70-74 years","70-74","White","2106-3",103,143221,71.9,58.7,87.2,7.1
,"Oklahoma","40","2020","2020","Kidney and Renal Pelvis","29020","75-79 years","75-79","White","2106-3",75,99976,75.0,59.0,94.0,8.7
,"Oklahoma","40","2020","2020","Kidney and Renal Pelvis","29020","80-84 years","80-84","White","2106-3",52,64556,80.6,60.2,105.6,11.2
,"Oklahoma","40","2020","2020","Kidney and Renal Pelvis","29020","85+ years","85+","White","2106-3",46,60831,75.6,55.4,100.9,11.1
,"Oklahoma","40","2020","2020","Liver","21071","55-59 years","55-59","White","2106-3",38,201741,18.8,13.3,25.9,3.1
,"Oklahoma","40","2020","2020","Liver","21071","60-64 years ","60-64","American Indian or Alaska Native","1002-5",18,19651,91.6,54.3,144.8,21.6
,"Oklahoma","40","2020","2020","Liver","21071","60-64 years ","60-64","White","2106-3",53,200055,26.5,19.8,34.7,3.6
,"Oklahoma","40","2020","2020","Liver","21071","65-69 years","65-69","American Indian or Alaska Native","1002-5",19,15278,124.4,74.9,194.2,28.5
,"Oklahoma","40","2020","2020","Liver","21071","65-69 years","65-69","White","2106-3",73,175584,41.6,32.6,52.3,4.9
,"Oklahoma","40","2020","2020","Liver","21071","70-74 years","70-74","White","2106-3",38,143221,26.5,18.8,36.4,4.3
,"Oklahoma","40","2020","2020","Liver","21071","75-79 years","75-79","White","2106-3",25,99976,25.0,16.2,36.9,5.0
,"Oklahoma","40","2020","2020","Liver","21071","80-84 years","80-84","White","2106-3",17,64556,26.3,15.3,42.2,6.4
,"Oklahoma","40","2020","2020","Liver","21071","85+ years","85+","White","2106-3",19,60831,31.2,18.8,48.8,7.2
,"Oklahoma","40","2020","2020","Lung and Bronchus","22030","45-49 years","45-49","White","2106-3",30,180333,16.6,11.2,23.7,3.0
,"Oklahoma","40","2020","2020","Lung and Bronchus","22030","50-54 years","50-54","White","2106-3",73,179497,40.7,31.9,51.1,4.8
,"Oklahoma","40","2020","2020","Lung and Bronchus","22030","55-59 years","55-59","American Indian or Alaska Native","1002-5",41,21736,188.6,135.4,255.9,29.5
,"Oklahoma","40","2020","2020","Lung and Bronchus","22030","55-59 years","55-59","White","2106-3",201,201741,99.6,86.3,114.4,7.0
,"Oklahoma","40","2020","2020","Lung and Bronchus","22030","60-64 years ","60-64","American Indian or Alaska Native","1002-5",43,19651,218.8,158.4,294.7,33.4
,"Oklahoma","40","2020","2020","Lung and Bronchus","22030","60-64 years ","60-64","Black or African American","2054-5",33,17463,189.0,130.1,265.4,32.9
,"Oklahoma","40","2020","2020","Lung and Bronchus","22030","60-64 years ","60-64","White","2106-3",361,200055,180.5,162.3,200.1,9.5
,"Oklahoma","40","2020","2020","Lung and Bronchus","22030","65-69 years","65-69","American Indian or Alaska Native","1002-5",51,15278,333.8,248.5,438.9,46.7
,"Oklahoma","40","2020","2020","Lung and Bronchus","22030","65-69 years","65-69","Black or African American","2054-5",26,13420,193.7,126.6,283.9,38.0
,"Oklahoma","40","2020","2020","Lung and Bronchus","22030","65-69 years","65-69","White","2106-3",426,175584,242.6,220.1,266.8,11.8
,"Oklahoma","40","2020","2020","Lung and Bronchus","22030","70-74 years","70-74","American Indian or Alaska Native","1002-5",55,11460,479.9,361.5,624.7,64.7
,"Oklahoma","40","2020","2020","Lung and Bronchus","22030","70-74 years","70-74","Black or African American","2054-5",33,9269,356.0,245.1,500.0,62.0
,"Oklahoma","40","2020","2020","Lung and Bronchus","22030","70-74 years","70-74","White","2106-3",473,143221,330.3,301.2,361.4,15.2
,"Oklahoma","40","2020","2020","Lung and Bronchus","22030","75-79 years","75-79","American Indian or Alaska Native","1002-5",49,6982,701.8,519.2,927.8,100.3
,"Oklahoma","40","2020","2020","Lung and Bronchus","22030","75-79 years","75-79","Black or African American","2054-5",16,5539,288.9,165.1,469.1,72.2
,"Oklahoma","40","2020","2020","Lung and Bronchus","22030","75-79 years","75-79","White","2106-3",412,99976,412.1,373.3,453.9,20.3
,"Oklahoma","40","2020","2020","Lung and Bronchus","22030","80-84 years","80-84","American Indian or Alaska Native","1002-5",23,4201,547.5,347.1,821.5,114.2
,"Oklahoma","40","2020","2020","Lung and Bronchus","22030","80-84 years","80-84","White","2106-3",218,64556,337.7,294.3,385.6,22.9
,"Oklahoma","40","2020","2020","Lung and Bronchus","22030","85+ years","85+","White","2106-3",153,60831,251.5,213.2,294.7,20.3
,"Oklahoma","40","2020","2020","Prostate","28010","50-54 years","50-54","White","2106-3",56,90869,61.6,46.6,80.0,8.2
,"Oklahoma","40","2020","2020","Prostate","28010","55-59 years","55-59","American Indian or Alaska Native","1002-5",26,10335,251.6,164.3,368.6,49.3
,"Oklahoma","40","2020","2020","Prostate","28010","55-59 years","55-59","Black or African American","2054-5",42,9107,461.2,332.4,623.4,71.2
,"Oklahoma","40","2020","2020","Prostate","28010","55-59 years","55-59","White","2106-3",192,100250,191.5,165.4,220.6,13.8
,"Oklahoma","40","2020","2020","Prostate","28010","60-64 years ","60-64","American Indian or Alaska Native","1002-5",30,9235,324.9,219.2,463.7,59.3
,"Oklahoma","40","2020","2020","Prostate","28010","60-64 years ","60-64","Black or African American","2054-5",64,8360,765.6,589.6,977.6,95.7
,"Oklahoma","40","2020","2020","Prostate","28010","60-64 years ","60-64","White","2106-3",310,97829,316.9,282.6,354.2,18.0
,"Oklahoma","40","2020","2020","Prostate","28010","65-69 years","65-69","American Indian or Alaska Native","1002-5",32,7032,455.1,311.3,642.4,80.4
,"Oklahoma","40","2020","2020","Prostate","28010","65-69 years","65-69","Black or African American","2054-5",62,6220,996.8,764.2,1277.8,126.6
,"Oklahoma","40","2020","2020","Prostate","28010","65-69 years","65-69","White","2106-3",491,84368,582.0,531.6,635.8,26.3
,"Oklahoma","40","2020","2020","Prostate","28010","70-74 years","70-74","American Indian or Alaska Native","1002-5",32,5181,617.6,422.5,871.9,109.2
,"Oklahoma","40","2020","2020","Prostate","28010","70-74 years","70-74","Black or African American","2054-5",30,4109,730.1,492.6,1042.3,133.3
,"Oklahoma","40","2020","2020","Prostate","28010","70-74 years","70-74","White","2106-3",394,67412,584.5,528.2,645.1,29.4
,"Oklahoma","40","2020","2020","Prostate","28010","75-79 years","75-79","American Indian or Alaska Native","1002-5",23,3155,729.0,462.1,1093.9,152.0
,"Oklahoma","40","2020","2020","Prostate","28010","75-79 years","75-79","Black or African American","2054-5",25,2349,1064.3,688.7,1571.1,212.9
,"Oklahoma","40","2020","2020","Prostate","28010","75-79 years","75-79","White","2106-3",226,45138,500.7,437.5,570.4,33.3
,"Oklahoma","40","2020","2020","Prostate","28010","80-84 years","80-84","White","2106-3",123,27802,442.4,367.7,527.9,39.9
,"Oklahoma","40","2020","2020","Prostate","28010","85+ years","85+","White","2106-3",68,22370,304.0,236.1,385.4,36.9
,"Oklahoma","40","2020","2020","Urinary Bladder, invasive and in situ","29010","50-54 years","50-54","White","2106-3",21,179497,11.7,7.2,17.9,2.6
,"Oklahoma","40","2020","2020","Urinary Bladder, invasive and in situ","29010","55-59 years","55-59","White","2106-3",47,201741,23.3,17.1,31.0,3.4
,"Oklahoma","40","2020","2020","Urinary Bladder, invasive and in situ","29010","60-64 years ","60-64","White","2106-3",79,200055,39.5,31.3,49.2,4.4
,"Oklahoma","40","2020","2020","Urinary Bladder, invasive and in situ","29010","65-69 years","65-69","White","2106-3",110,175584,62.6,51.5,75.5,6.0
,"Oklahoma","40","2020","2020","Urinary Bladder, invasive and in situ","29010","70-74 years","70-74","White","2106-3",146,143221,101.9,86.1,119.9,8.4
,"Oklahoma","40","2020","2020","Urinary Bladder, invasive and in situ","29010","75-79 years","75-79","White","2106-3",147,99976,147.0,124.2,172.8,12.1
,"Oklahoma","40","2020","2020","Urinary Bladder, invasive and in situ","29010","80-84 years","80-84","White","2106-3",100,64556,154.9,126.0,188.4,15.5
,"Oklahoma","40","2020","2020","Urinary Bladder, invasive and in situ","29010","85+ years","85+","White","2106-3",110,60831,180.8,148.6,217.9,17.2
,"Oregon","41","2020","2020","Breast","26000","30-34 years","30-34","White","2106-3",44,264047,16.7,12.1,22.4,2.5
,"Oregon","41","2020","2020","Breast","26000","35-39 years","35-39","White","2106-3",71,265321,26.8,20.9,33.8,3.2
,"Oregon","41","2020","2020","Breast","26000","40-44 years","40-44","White","2106-3",138,248235,55.6,46.7,65.7,4.7
,"Oregon","41","2020","2020","Breast","26000","45-49 years","45-49","Asian or Pacific Islander","A-PI",21,19082,110.1,68.1,168.2,24.0
,"Oregon","41","2020","2020","Breast","26000","45-49 years","45-49","White","2106-3",216,230860,93.6,81.5,106.9,6.4
,"Oregon","41","2020","2020","Breast","26000","50-54 years","50-54","White","2106-3",287,228827,125.4,111.3,140.8,7.4
,"Oregon","41","2020","2020","Breast","26000","55-59 years","55-59","White","2106-3",268,240703,111.3,98.4,125.5,6.8
,"Oregon","41","2020","2020","Breast","26000","60-64 years ","60-64","Asian or Pacific Islander","A-PI",18,11407,157.8,93.5,249.4,37.2
,"Oregon","41","2020","2020","Breast","26000","60-64 years ","60-64","White","2106-3",404,251378,160.7,145.4,177.2,8.0
,"Oregon","41","2020","2020","Breast","26000","65-69 years","65-69","Asian or Pacific Islander","A-PI",17,9449,179.9,104.8,288.1,43.6
,"Oregon","41","2020","2020","Breast","26000","65-69 years","65-69","White","2106-3",485,244606,198.3,181.0,216.7,9.0
,"Oregon","41","2020","2020","Breast","26000","70-74 years","70-74","White","2106-3",465,202145,230.0,209.6,251.9,10.7
,"Oregon","41","2020","2020","Breast","26000","75-79 years","75-79","White","2106-3",362,129124,280.4,252.2,310.8,14.7
,"Oregon","41","2020","2020","Breast","26000","80-84 years","80-84","White","2106-3",189,76518,247.0,213.0,284.8,18.0
,"Oregon","41","2020","2020","Breast","26000","85+ years","85+","White","2106-3",158,73497,215.0,182.8,251.2,17.1
,"Oregon","41","2020","2020","Kidney and Renal Pelvis","29020","40-44 years","40-44","White","2106-3",27,248235,10.9,7.2,15.8,2.1
,"Oregon","41","2020","2020","Kidney and Renal Pelvis","29020","45-49 years","45-49","White","2106-3",41,230860,17.8,12.7,24.1,2.8
,"Oregon","41","2020","2020","Kidney and Renal Pelvis","29020","50-54 years","50-54","White","2106-3",54,228827,23.6,17.7,30.8,3.2
,"Oregon","41","2020","2020","Kidney and Renal Pelvis","29020","55-59 years","55-59","White","2106-3",75,240703,31.2,24.5,39.1,3.6
,"Oregon","41","2020","2020","Kidney and Renal Pelvis","29020","60-64 years ","60-64","White","2106-3",110,251378,43.8,36.0,52.7,4.2
,"Oregon","41","2020","2020","Kidney and Renal Pelvis","29020","65-69 years","65-69","White","2106-3",133,244606,54.4,45.5,64.4,4.7
,"Oregon","41","2020","2020","Kidney and Renal Pelvis","29020","70-74 years","70-74","White","2106-3",116,202145,57.4,47.4,68.8,5.3
,"Oregon","41","2020","2020","Kidney and Renal Pelvis","29020","75-79 years","75-79","White","2106-3",77,129124,59.6,47.1,74.5,6.8
,"Oregon","41","2020","2020","Kidney and Renal Pelvis","29020","80-84 years","80-84","White","2106-3",46,76518,60.1,44.0,80.2,8.9
,"Oregon","41","2020","2020","Kidney and Renal Pelvis","29020","85+ years","85+","White","2106-3",39,73497,53.1,37.7,72.5,8.5
,"Oregon","41","2020","2020","Liver","21071","55-59 years","55-59","White","2106-3",37,240703,15.4,10.8,21.2,2.5
,"Oregon","41","2020","2020","Liver","21071","60-64 years ","60-64","White","2106-3",58,251378,23.1,17.5,29.8,3.0
,"Oregon","41","2020","2020","Liver","21071","65-69 years","65-69","White","2106-3",96,244606,39.2,31.8,47.9,4.0
,"Oregon","41","2020","2020","Liver","21071","70-74 years","70-74","White","2106-3",62,202145,30.7,23.5,39.3,3.9
,"Oregon","41","2020","2020","Liver","21071","75-79 years","75-79","White","2106-3",39,129124,30.2,21.5,41.3,4.8
,"Oregon","41","2020","2020","Liver","21071","80-84 years","80-84","White","2106-3",26,76518,34.0,22.2,49.8,6.7
,"Oregon","41","2020","2020","Liver","21071","85+ years","85+","White","2106-3",21,73497,28.6,17.7,43.7,6.2
,"Oregon","41","2020","2020","Lung and Bronchus","22030","45-49 years","45-49","White","2106-3",23,230860,10.0,6.3,14.9,2.1
,"Oregon","41","2020","2020","Lung and Bronchus","22030","50-54 years","50-54","White","2106-3",49,228827,21.4,15.8,28.3,3.1
,"Oregon","41","2020","2020","Lung and Bronchus","22030","55-59 years","55-59","White","2106-3",160,240703,66.5,56.6,77.6,5.3
,"Oregon","41","2020","2020","Lung and Bronchus","22030","60-64 years ","60-64","White","2106-3",292,251378,116.2,103.2,130.3,6.8
,"Oregon","41","2020","2020","Lung and Bronchus","22030","65-69 years","65-69","White","2106-3",441,244606,180.3,163.9,197.9,8.6
,"Oregon","41","2020","2020","Lung and Bronchus","22030","70-74 years","70-74","White","2106-3",506,202145,250.3,229.0,273.1,11.1
,"Oregon","41","2020","2020","Lung and Bronchus","22030","75-79 years","75-79","White","2106-3",437,129124,338.4,307.4,371.7,16.2
,"Oregon","41","2020","2020","Lung and Bronchus","22030","80-84 years","80-84","White","2106-3",298,76518,389.5,346.5,436.3,22.6
,"Oregon","41","2020","2020","Lung and Bronchus","22030","85+ years","85+","White","2106-3",220,73497,299.3,261.1,341.6,20.2
,"Oregon","41","2020","2020","Prostate","28010","45-49 years","45-49","White","2106-3",18,119125,15.1,9.0,23.9,3.6
,"Oregon","41","2020","2020","Prostate","28010","50-54 years","50-54","White","2106-3",67,116354,57.6,44.6,73.1,7.0
,"Oregon","41","2020","2020","Prostate","28010","55-59 years","55-59","White","2106-3",179,119389,149.9,128.8,173.6,11.2
,"Oregon","41","2020","2020","Prostate","28010","55-59 years","55-59","Other Races and Unknown combined","2131-1",22,Not Applicable,Not Applicable,Not Applicable,Not Applicable,Not Applicable
,"Oregon","41","2020","2020","Prostate","28010","60-64 years ","60-64","Black or African American","2054-5",20,2746,728.3,444.9,1124.8,162.9
,"Oregon","41","2020","2020","Prostate","28010","60-64 years ","60-64","White","2106-3",371,121596,305.1,274.8,337.8,15.8
,"Oregon","41","2020","2020","Prostate","28010","60-64 years ","60-64","Other Races and Unknown combined","2131-1",44,Not Applicable,Not Applicable,Not Applicable,Not Applicable,Not Applicable
,"Oregon","41","2020","2020","Prostate","28010","65-69 years","65-69","White","2106-3",567,116974,484.7,445.6,526.3,20.4
,"Oregon","41","2020","2020","Prostate","28010","65-69 years","65-69","Other Races and Unknown combined","2131-1",68,Not Applicable,Not Applicable,Not Applicable,Not Applicable,Not Applicable
,"Oregon","41","2020","2020","Prostate","28010","70-74 years","70-74","White","2106-3",528,96767,545.6,500.1,594.2,23.7
,"Oregon","41","2020","2020","Prostate","28010","70-74 years","70-74","Other Races and Unknown combined","2131-1",50,Not Applicable,Not Applicable,Not Applicable,Not Applicable,Not Applicable
,"Oregon","41","2020","2020","Prostate","28010","75-79 years","75-79","White","2106-3",311,60573,513.4,457.9,573.8,29.1
,"Oregon","41","2020","2020","Prostate","28010","75-79 years","75-79","Other Races and Unknown combined","2131-1",34,Not Applicable,Not Applicable,Not Applicable,Not Applicable,Not Applicable
,"Oregon","41","2020","2020","Prostate","28010","80-84 years","80-84","White","2106-3",139,34474,403.2,339.0,476.1,34.2
,"Oregon","41","2020","2020","Prostate","28010","85+ years","85+","White","2106-3",94,27746,338.8,273.8,414.6,34.9
,"Oregon","41","2020","2020","Urinary Bladder, invasive and in situ","29010","50-54 years","50-54","White","2106-3",27,228827,11.8,7.8,17.2,2.3
,"Oregon","41","2020","2020","Urinary Bladder, invasive and in situ","29010","55-59 years","55-59","White","2106-3",48,240703,19.9,14.7,26.4,2.9
,"Oregon","41","2020","2020","Urinary Bladder, invasive and in situ","29010","60-64 years ","60-64","White","2106-3",91,251378,36.2,29.1,44.4,3.8
,"Oregon","41","2020","2020","Urinary Bladder, invasive and in situ","29010","65-69 years","65-69","White","2106-3",139,244606,56.8,47.8,67.1,4.8
,"Oregon","41","2020","2020","Urinary Bladder, invasive and in situ","29010","70-74 years","70-74","White","2106-3",195,202145,96.5,83.4,111.0,6.9
,"Oregon","41","2020","2020","Urinary Bladder, invasive and in situ","29010","75-79 years","75-79","White","2106-3",159,129124,123.1,104.7,143.8,9.8
,"Oregon","41","2020","2020","Urinary Bladder, invasive and in situ","29010","80-84 years","80-84","White","2106-3",139,76518,181.7,152.7,214.5,15.4
,"Oregon","41","2020","2020","Urinary Bladder, invasive and in situ","29010","85+ years","85+","White","2106-3",138,73497,187.8,157.7,221.8,16.0
,"Pennsylvania","42","2020","2020","Breast","26000","25-29 years","25-29","White","2106-3",30,649293,4.6,3.1,6.6,0.8
,"Pennsylvania","42","2020","2020","Breast","26000","30-34 years","30-34","Black or African American","2054-5",30,130867,22.9,15.5,32.7,4.2
,"Pennsylvania","42","2020","2020","Breast","26000","30-34 years","30-34","White","2106-3",126,687722,18.3,15.3,21.8,1.6
,"Pennsylvania","42","2020","2020","Breast","26000","35-39 years","35-39","Black or African American","2054-5",39,106993,36.5,25.9,49.8,5.8
,"Pennsylvania","42","2020","2020","Breast","26000","35-39 years","35-39","White","2106-3",218,663190,32.9,28.7,37.5,2.2
,"Pennsylvania","42","2020","2020","Breast","26000","40-44 years","40-44","Asian or Pacific Islander","A-PI",23,41160,55.9,35.4,83.8,11.7
,"Pennsylvania","42","2020","2020","Breast","26000","40-44 years","40-44","Black or African American","2054-5",55,98080,56.1,42.2,73.0,7.6
,"Pennsylvania","42","2020","2020","Breast","26000","40-44 years","40-44","White","2106-3",404,613522,65.8,59.6,72.6,3.3
,"Pennsylvania","42","2020","2020","Breast","26000","45-49 years","45-49","Asian or Pacific Islander","A-PI",23,37687,61.0,38.7,91.6,12.7
,"Pennsylvania","42","2020","2020","Breast","26000","45-49 years","45-49","Black or African American","2054-5",68,92217,73.7,57.3,93.5,8.9
,"Pennsylvania","42","2020","2020","Breast","26000","45-49 years","45-49","White","2106-3",594,633241,93.8,86.4,101.7,3.8
,"Pennsylvania","42","2020","2020","Breast","26000","50-54 years","50-54","Asian or Pacific Islander","A-PI",26,31619,82.2,53.7,120.5,16.1
,"Pennsylvania","42","2020","2020","Breast","26000","50-54 years","50-54","Black or African American","2054-5",102,95196,107.1,87.4,130.1,10.6
,"Pennsylvania","42","2020","2020","Breast","26000","50-54 years","50-54","White","2106-3",749,709106,105.6,98.2,113.5,3.9
,"Pennsylvania","42","2020","2020","Breast","26000","50-54 years","50-54","Other Races and Unknown combined","2131-1",28,Not Applicable,Not Applicable,Not Applicable,Not Applicable,Not Applicable
,"Pennsylvania","42","2020","2020","Breast","26000","55-59 years","55-59","Asian or Pacific Islander","A-PI",29,27549,105.3,70.5,151.2,19.5
,"Pennsylvania","42","2020","2020","Breast","26000","55-59 years","55-59","Black or African American","2054-5",129,95898,134.5,112.3,159.8,11.8
,"Pennsylvania","42","2020","2020","Breast","26000","55-59 years","55-59","White","2106-3",988,793765,124.5,116.8,132.5,4.0
,"Pennsylvania","42","2020","2020","Breast","26000","55-59 years","55-59","Other Races and Unknown combined","2131-1",22,Not Applicable,Not Applicable,Not Applicable,Not Applicable,Not Applicable
,"Pennsylvania","42","2020","2020","Breast","26000","60-64 years ","60-64","Asian or Pacific Islander","A-PI",17,23401,72.6,42.3,116.3,17.6
,"Pennsylvania","42","2020","2020","Breast","26000","60-64 years ","60-64","Black or African American","2054-5",131,87312,150.0,125.4,178.0,13.1
,"Pennsylvania","42","2020","2020","Breast","26000","60-64 years ","60-64","White","2106-3",1283,804244,159.5,150.9,168.5,4.5
,"Pennsylvania","42","2020","2020","Breast","26000","60-64 years ","60-64","Other Races and Unknown combined","2131-1",16,Not Applicable,Not Applicable,Not Applicable,Not Applicable,Not Applicable
,"Pennsylvania","42","2020","2020","Breast","26000","65-69 years","65-69","Asian or Pacific Islander","A-PI",21,18984,110.6,68.5,169.1,24.1
,"Pennsylvania","42","2020","2020","Breast","26000","65-69 years","65-69","Black or African American","2054-5",138,67196,205.4,172.5,242.6,17.5
,"Pennsylvania","42","2020","2020","Breast","26000","65-69 years","65-69","White","2106-3",1409,701555,200.8,190.5,211.6,5.4
,"Pennsylvania","42","2020","2020","Breast","26000","65-69 years","65-69","Other Races and Unknown combined","2131-1",16,Not Applicable,Not Applicable,Not Applicable,Not Applicable,Not Applicable
,"Pennsylvania","42","2020","2020","Breast","26000","70-74 years","70-74","Asian or Pacific Islander","A-PI",21,14261,147.3,91.2,225.1,32.1
,"Pennsylvania","42","2020","2020","Breast","26000","70-74 years","70-74","Black or African American","2054-5",123,48772,252.2,209.6,300.9,22.7
,"Pennsylvania","42","2020","2020","Breast","26000","70-74 years","70-74","White","2106-3",1380,566014,243.8,231.1,257.0,6.6
,"Pennsylvania","42","2020","2020","Breast","26000","70-74 years","70-74","Other Races and Unknown combined","2131-1",20,Not Applicable,Not Applicable,Not Applicable,Not Applicable,Not Applicable
,"Pennsylvania","42","2020","2020","Breast","26000","75-79 years","75-79","Black or African American","2054-5",81,30512,265.5,210.8,330.0,29.5
,"Pennsylvania","42","2020","2020","Breast","26000","75-79 years","75-79","White","2106-3",1010,379058,266.4,250.3,283.4,8.4
,"Pennsylvania","42","2020","2020","Breast","26000","80-84 years","80-84","Black or African American","2054-5",48,19868,241.6,178.1,320.3,34.9
,"Pennsylvania","42","2020","2020","Breast","26000","80-84 years","80-84","White","2106-3",669,252780,264.7,245.0,285.5,10.2
,"Pennsylvania","42","2020","2020","Breast","26000","85+ years","85+","Black or African American","2054-5",48,19452,246.8,181.9,327.2,35.6
,"Pennsylvania","42","2020","2020","Breast","26000","85+ years","85+","White","2106-3",629,276010,227.9,210.4,246.4,9.1
,"Pennsylvania","42","2020","2020","Kidney and Renal Pelvis","29020","30-34 years","30-34","White","2106-3",19,687722,2.8,1.7,4.3,0.6
,"Pennsylvania","42","2020","2020","Kidney and Renal Pelvis","29020","35-39 years","35-39","White","2106-3",38,663190,5.7,4.1,7.9,0.9
,"Pennsylvania","42","2020","2020","Kidney and Renal Pelvis","29020","40-44 years","40-44","White","2106-3",74,613522,12.1,9.5,15.1,1.4
,"Pennsylvania","42","2020","2020","Kidney and Renal Pelvis","29020","45-49 years","45-49","Black or African American","2054-5",17,92217,18.4,10.7,29.5,4.5
,"Pennsylvania","42","2020","2020","Kidney and Renal Pelvis","29020","45-49 years","45-49","White","2106-3",100,633241,15.8,12.8,19.2,1.6
,"Pennsylvania","42","2020","2020","Kidney and Renal Pelvis","29020","50-54 years","50-54","Black or African American","2054-5",20,95196,21.0,12.8,32.4,4.7
,"Pennsylvania","42","2020","2020","Kidney and Renal Pelvis","29020","50-54 years","50-54","White","2106-3",159,709106,22.4,19.1,26.2,1.8
,"Pennsylvania","42","2020","2020","Kidney and Renal Pelvis","29020","55-59 years","55-59","Black or African American","2054-5",29,95898,30.2,20.3,43.4,5.6
,"Pennsylvania","42","2020","2020","Kidney and Renal Pelvis","29020","55-59 years","55-59","White","2106-3",270,793765,34.0,30.1,38.3,2.1
,"Pennsylvania","42","2020","2020","Kidney and Renal Pelvis","29020","60-64 years ","60-64","Black or African American","2054-5",42,87312,48.1,34.7,65.0,7.4
,"Pennsylvania","42","2020","2020","Kidney and Renal Pelvis","29020","60-64 years ","60-64","White","2106-3",323,804244,40.2,35.9,44.8,2.2
,"Pennsylvania","42","2020","2020","Kidney and Renal Pelvis","29020","65-69 years","65-69","Black or African American","2054-5",44,67196,65.5,47.6,87.9,9.9
,"Pennsylvania","42","2020","2020","Kidney and Renal Pelvis","29020","65-69 years","65-69","White","2106-3",391,701555,55.7,50.3,61.5,2.8
,"Pennsylvania","42","2020","2020","Kidney and Renal Pelvis","29020","70-74 years","70-74","Black or African American","2054-5",42,48772,86.1,62.1,116.4,13.3
,"Pennsylvania","42","2020","2020","Kidney and Renal Pelvis","29020","70-74 years","70-74","White","2106-3",359,566014,63.4,57.0,70.3,3.3
,"Pennsylvania","42","2020","2020","Kidney and Renal Pelvis","29020","75-79 years","75-79","Black or African American","2054-5",17,30512,55.7,32.5,89.2,13.5
,"Pennsylvania","42","2020","2020","Kidney and Renal Pelvis","29020","75-79 years","75-79","White","2106-3",244,379058,64.4,56.5,73.0,4.1
,"Pennsylvania","42","2020","2020","Kidney and Renal Pelvis","29020","80-84 years","80-84","White","2106-3",165,252780,65.3,55.7,76.0,5.1
,"Pennsylvania","42","2020","2020","Kidney and Renal Pelvis","29020","85+ years","85+","White","2106-3",153,276010,55.4,47.0,64.9,4.5
,"Pennsylvania","42","2020","2020","Liver","21071","50-54 years","50-54","White","2106-3",34,709106,4.8,3.3,6.7,0.8
,"Pennsylvania","42","2020","2020","Liver","21071","55-59 years","55-59","Black or African American","2054-5",18,95898,18.8,11.1,29.7,4.4
,"Pennsylvania","42","2020","2020","Liver","21071","55-59 years","55-59","White","2106-3",93,793765,11.7,9.5,14.4,1.2
,"Pennsylvania","42","2020","2020","Liver","21071","60-64 years ","60-64","Black or African American","2054-5",29,87312,33.2,22.2,47.7,6.2
,"Pennsylvania","42","2020","2020","Liver","21071","60-64 years ","60-64","White","2106-3",165,804244,20.5,17.5,23.9,1.6
,"Pennsylvania","42","2020","2020","Liver","21071","65-69 years","65-69","Black or African American","2054-5",49,67196,72.9,53.9,96.4,10.4
,"Pennsylvania","42","2020","2020","Liver","21071","65-69 years","65-69","White","2106-3",211,701555,30.1,26.2,34.4,2.1
,"Pennsylvania","42","2020","2020","Liver","21071","70-74 years","70-74","Black or African American","2054-5",40,48772,82.0,58.6,111.7,13.0
,"Pennsylvania","42","2020","2020","Liver","21071","70-74 years","70-74","White","2106-3",152,566014,26.9,22.8,31.5,2.2
,"Pennsylvania","42","2020","2020","Liver","21071","75-79 years","75-79","White","2106-3",118,379058,31.1,25.8,37.3,2.9
,"Pennsylvania","42","2020","2020","Liver","21071","80-84 years","80-84","White","2106-3",89,252780,35.2,28.3,43.3,3.7
,"Pennsylvania","42","2020","2020","Liver","21071","85+ years","85+","White","2106-3",65,276010,23.5,18.2,30.0,2.9
,"Pennsylvania","42","2020","2020","Lung and Bronchus","22030","40-44 years","40-44","White","2106-3",27,613522,4.4,2.9,6.4,0.8
,"Pennsylvania","42","2020","2020","Lung and Bronchus","22030","45-49 years","45-49","White","2106-3",111,633241,17.5,14.4,21.1,1.7
,"Pennsylvania","42","2020","2020","Lung and Bronchus","22030","50-54 years","50-54","Black or African American","2054-5",36,95196,37.8,26.5,52.4,6.3
,"Pennsylvania","42","2020","2020","Lung and Bronchus","22030","50-54 years","50-54","White","2106-3",320,709106,45.1,40.3,50.4,2.5
,"Pennsylvania","42","2020","2020","Lung and Bronchus","22030","55-59 years","55-59","Black or African American","2054-5",104,95898,108.4,88.6,131.4,10.6
,"Pennsylvania","42","2020","2020","Lung and Bronchus","22030","55-59 years","55-59","White","2106-3",722,793765,91.0,84.4,97.8,3.4
,"Pennsylvania","42","2020","2020","Lung and Bronchus","22030","60-64 years ","60-64","Black or African American","2054-5",158,87312,181.0,153.8,211.5,14.4
,"Pennsylvania","42","2020","2020","Lung and Bronchus","22030","60-64 years ","60-64","White","2106-3",1280,804244,159.2,150.6,168.1,4.4
,"Pennsylvania","42","2020","2020","Lung and Bronchus","22030","60-64 years ","60-64","Other Races and Unknown combined","2131-1",25,Not Applicable,Not Applicable,Not Applicable,Not Applicable,Not Applicable
,"Pennsylvania","42","2020","2020","Lung and Bronchus","22030","65-69 years","65-69","Black or African American","2054-5",177,67196,263.4,226.0,305.2,19.8
,"Pennsylvania","42","2020","2020","Lung and Bronchus","22030","65-69 years","65-69","White","2106-3",1483,701555,211.4,200.8,222.4,5.5
,"Pennsylvania","42","2020","2020","Lung and Bronchus","22030","65-69 years","65-69","Other Races and Unknown combined","2131-1",26,Not Applicable,Not Applicable,Not Applicable,Not Applicable,Not Applicable
,"Pennsylvania","42","2020","2020","Lung and Bronchus","22030","70-74 years","70-74","Black or African American","2054-5",142,48772,291.2,245.2,343.2,24.4
,"Pennsylvania","42","2020","2020","Lung and Bronchus","22030","70-74 years","70-74","White","2106-3",1650,566014,291.5,277.6,305.9,7.2
,"Pennsylvania","42","2020","2020","Lung and Bronchus","22030","70-74 years","70-74","Other Races and Unknown combined","2131-1",21,Not Applicable,Not Applicable,Not Applicable,Not Applicable,Not Applicable
,"Pennsylvania","42","2020","2020","Lung and Bronchus","22030","75-79 years","75-79","Asian or Pacific Islander","A-PI",20,9270,215.7,131.8,333.2,48.2
,"Pennsylvania","42","2020","2020","Lung and Bronchus","22030","75-79 years","75-79","Black or African American","2054-5",113,30512,370.3,305.2,445.3,34.8
,"Pennsylvania","42","2020","2020","Lung and Bronchus","22030","75-79 years","75-79","White","2106-3",1434,379058,378.3,359.0,398.4,10.0
,"Pennsylvania","42","2020","2020","Lung and Bronchus","22030","75-79 years","75-79","Other Races and Unknown combined","2131-1",19,Not Applicable,Not Applicable,Not Applicable,Not Applicable,Not Applicable
,"Pennsylvania","42","2020","2020","Lung and Bronchus","22030","80-84 years","80-84","Asian or Pacific Islander","A-PI",16,5512,290.3,165.9,471.4,72.6
,"Pennsylvania","42","2020","2020","Lung and Bronchus","22030","80-84 years","80-84","Black or African American","2054-5",77,19868,387.6,305.9,484.4,44.2
,"Pennsylvania","42","2020","2020","Lung and Bronchus","22030","80-84 years","80-84","White","2106-3",918,252780,363.2,340.0,387.4,12.0
,"Pennsylvania","42","2020","2020","Lung and Bronchus","22030","85+ years","85+","Black or African American","2054-5",52,19452,267.3,199.7,350.6,37.1
,"Pennsylvania","42","2020","2020","Lung and Bronchus","22030","85+ years","85+","White","2106-3",742,276010,268.8,249.8,288.9,9.9
,"Pennsylvania","42","2020","2020","Prostate","28010","45-49 years","45-49","Black or African American","2054-5",30,44351,67.6,45.6,96.6,12.3
,"Pennsylvania","42","2020","2020","Prostate","28010","45-49 years","45-49","White","2106-3",40,319679,12.5,8.9,17.0,2.0
,"Pennsylvania","42","2020","2020","Prostate","28010","50-54 years","50-54","Black or African American","2054-5",83,45427,182.7,145.5,226.5,20.1
,"Pennsylvania","42","2020","2020","Prostate","28010","50-54 years","50-54","White","2106-3",311,356248,87.3,77.9,97.6,5.0
,"Pennsylvania","42","2020","2020","Prostate","28010","50-54 years","50-54","Other Races and Unknown combined","2131-1",39,Not Applicable,Not Applicable,Not Applicable,Not Applicable,Not Applicable
,"Pennsylvania","42","2020","2020","Prostate","28010","55-59 years","55-59","Black or African American","2054-5",182,44934,405.0,348.3,468.3,30.0
,"Pennsylvania","42","2020","2020","Prostate","28010","55-59 years","55-59","White","2106-3",713,393988,181.0,167.9,194.8,6.8
,"Pennsylvania","42","2020","2020","Prostate","28010","55-59 years","55-59","Other Races and Unknown combined","2131-1",63,Not Applicable,Not Applicable,Not Applicable,Not Applicable,Not Applicable
,"Pennsylvania","42","2020","2020","Prostate","28010","60-64 years ","60-64","Black or African American","2054-5",269,39798,675.9,597.5,761.7,41.2
,"Pennsylvania","42","2020","2020","Prostate","28010","60-64 years ","60-64","White","2106-3",1369,396308,345.4,327.4,364.2,9.3
,"Pennsylvania","42","2020","2020","Prostate","28010","60-64 years ","60-64","Other Races and Unknown combined","2131-1",136,Not Applicable,Not Applicable,Not Applicable,Not Applicable,Not Applicable
,"Pennsylvania","42","2020","2020","Prostate","28010","65-69 years","65-69","Asian or Pacific Islander","A-PI",18,8681,207.3,122.9,327.7,48.9
,"Pennsylvania","42","2020","2020","Prostate","28010","65-69 years","65-69","Black or African American","2054-5",231,29252,789.7,691.1,898.4,52.0
,"Pennsylvania","42","2020","2020","Prostate","28010","65-69 years","65-69","White","2106-3",1835,340761,538.5,514.1,563.7,12.6
,"Pennsylvania","42","2020","2020","Prostate","28010","65-69 years","65-69","Other Races and Unknown combined","2131-1",140,Not Applicable,Not Applicable,Not Applicable,Not Applicable,Not Applicable
,"Pennsylvania","42","2020","2020","Prostate","28010","70-74 years","70-74","Asian or Pacific Islander","A-PI",22,6551,335.8,210.5,508.4,71.6
,"Pennsylvania","42","2020","2020","Prostate","28010","70-74 years","70-74","Black or African American","2054-5",144,20104,716.3,604.1,843.3,59.7
,"Pennsylvania","42","2020","2020","Prostate","28010","70-74 years","70-74","White","2106-3",1507,267559,563.2,535.2,592.4,14.5
,"Pennsylvania","42","2020","2020","Prostate","28010","70-74 years","70-74","Other Races and Unknown combined","2131-1",102,Not Applicable,Not Applicable,Not Applicable,Not Applicable,Not Applicable
,"Pennsylvania","42","2020","2020","Prostate","28010","75-79 years","75-79","Asian or Pacific Islander","A-PI",16,4276,374.2,213.9,607.6,93.5
,"Pennsylvania","42","2020","2020","Prostate","28010","75-79 years","75-79","Black or African American","2054-5",77,11661,660.3,521.1,825.3,75.3
,"Pennsylvania","42","2020","2020","Prostate","28010","75-79 years","75-79","White","2106-3",914,170363,536.5,502.3,572.4,17.7
,"Pennsylvania","42","2020","2020","Prostate","28010","75-79 years","75-79","Other Races and Unknown combined","2131-1",45,Not Applicable,Not Applicable,Not Applicable,Not Applicable,Not Applicable
,"Pennsylvania","42","2020","2020","Prostate","28010","80-84 years","80-84","Black or African American","2054-5",36,7152,503.4,352.5,696.9,83.9
,"Pennsylvania","42","2020","2020","Prostate","28010","80-84 years","80-84","White","2106-3",412,105698,389.8,353.1,429.3,19.2
,"Pennsylvania","42","2020","2020","Prostate","28010","80-84 years","80-84","Other Races and Unknown combined","2131-1",18,Not Applicable,Not Applicable,Not Applicable,Not Applicable,Not Applicable
,"Pennsylvania","42","2020","2020","Prostate","28010","85+ years","85+","Black or African American","2054-5",22,5560,395.7,248.0,599.1,84.4
,"Pennsylvania","42","2020","2020","Prostate","28010","85+ years","85+","White","2106-3",311,94093,330.5,294.8,369.4,18.7
,"Pennsylvania","42","2020","2020","Urinary Bladder, invasive and in situ","29010","40-44 years","40-44","White","2106-3",18,613522,2.9,1.7,4.6,0.7
,"Pennsylvania","42","2020","2020","Urinary Bladder, invasive and in situ","29010","45-49 years","45-49","White","2106-3",38,633241,6.0,4.2,8.2,1.0
,"Pennsylvania","42","2020","2020","Urinary Bladder, invasive and in situ","29010","50-54 years","50-54","White","2106-3",114,709106,16.1,13.3,19.3,1.5
,"Pennsylvania","42","2020","2020","Urinary Bladder, invasive and in situ","29010","55-59 years","55-59","Black or African American","2054-5",20,95898,20.9,12.7,32.2,4.7
,"Pennsylvania","42","2020","2020","Urinary Bladder, invasive and in situ","29010","55-59 years","55-59","White","2106-3",211,793765,26.6,23.1,30.4,1.8
,"Pennsylvania","42","2020","2020","Urinary Bladder, invasive and in situ","29010","60-64 years ","60-64","Black or African American","2054-5",26,87312,29.8,19.5,43.6,5.8
,"Pennsylvania","42","2020","2020","Urinary Bladder, invasive and in situ","29010","60-64 years ","60-64","White","2106-3",396,804244,49.2,44.5,54.3,2.5
,"Pennsylvania","42","2020","2020","Urinary Bladder, invasive and in situ","29010","65-69 years","65-69","Black or African American","2054-5",16,67196,23.8,13.6,38.7,6.0
,"Pennsylvania","42","2020","2020","Urinary Bladder, invasive and in situ","29010","65-69 years","65-69","White","2106-3",508,701555,72.4,66.2,79.0,3.2
,"Pennsylvania","42","2020","2020","Urinary Bladder, invasive and in situ","29010","65-69 years","65-69","Other Races and Unknown combined","2131-1",17,Not Applicable,Not Applicable,Not Applicable,Not Applicable,Not Applicable
,"Pennsylvania","42","2020","2020","Urinary Bladder, invasive and in situ","29010","70-74 years","70-74","Black or African American","2054-5",25,48772,51.3,33.2,75.7,10.3
,"Pennsylvania","42","2020","2020","Urinary Bladder, invasive and in situ","29010","70-74 years","70-74","White","2106-3",620,566014,109.5,101.1,118.5,4.4
,"Pennsylvania","42","2020","2020","Urinary Bladder, invasive and in situ","29010","70-74 years","70-74","Other Races and Unknown combined","2131-1",17,Not Applicable,Not Applicable,Not Applicable,Not Applicable,Not Applicable
,"Pennsylvania","42","2020","2020","Urinary Bladder, invasive and in situ","29010","75-79 years","75-79","Black or African American","2054-5",22,30512,72.1,45.2,109.2,15.4
,"Pennsylvania","42","2020","2020","Urinary Bladder, invasive and in situ","29010","75-79 years","75-79","White","2106-3",605,379058,159.6,147.1,172.8,6.5
,"Pennsylvania","42","2020","2020","Urinary Bladder, invasive and in situ","29010","80-84 years","80-84","White","2106-3",448,252780,177.2,161.2,194.4,8.4
,"Pennsylvania","42","2020","2020","Urinary Bladder, invasive and in situ","29010","85+ years","85+","Black or African American","2054-5",22,19452,113.1,70.9,171.2,24.1
,"Pennsylvania","42","2020","2020","Urinary Bladder, invasive and in situ","29010","85+ years","85+","White","2106-3",539,276010,195.3,179.1,212.5,8.4
,"Rhode Island","44","2020","2020","Breast","26000","40-44 years","40-44","White","2106-3",32,52886,60.5,41.4,85.4,10.7
,"Rhode Island","44","2020","2020","Breast","26000","45-49 years","45-49","White","2106-3",60,55157,108.8,83.0,140.0,14.0
,"Rhode Island","44","2020","2020","Breast","26000","50-54 years","50-54","White","2106-3",71,63919,111.1,86.8,140.1,13.2
,"Rhode Island","44","2020","2020","Breast","26000","55-59 years","55-59","White","2106-3",97,71398,135.9,110.2,165.7,13.8
,"Rhode Island","44","2020","2020","Breast","26000","60-64 years ","60-64","White","2106-3",108,69053,156.4,128.3,188.8,15.0
,"Rhode Island","44","2020","2020","Breast","26000","65-69 years","65-69","White","2106-3",123,58318,210.9,175.3,251.6,19.0
,"Rhode Island","44","2020","2020","Breast","26000","70-74 years","70-74","White","2106-3",122,46844,260.4,216.3,311.0,23.6
,"Rhode Island","44","2020","2020","Breast","26000","75-79 years","75-79","White","2106-3",88,31079,283.1,227.1,348.8,30.2
,"Rhode Island","44","2020","2020","Breast","26000","80-84 years","80-84","White","2106-3",49,19943,245.7,181.8,324.8,35.1
,"Rhode Island","44","2020","2020","Breast","26000","85+ years","85+","White","2106-3",42,23856,176.1,126.9,238.0,27.2
,"Rhode Island","44","2020","2020","Kidney and Renal Pelvis","29020","55-59 years","55-59","White","2106-3",27,71398,37.8,24.9,55.0,7.3
,"Rhode Island","44","2020","2020","Kidney and Renal Pelvis","29020","60-64 years ","60-64","White","2106-3",36,69053,52.1,36.5,72.2,8.7
,"Rhode Island","44","2020","2020","Kidney and Renal Pelvis","29020","65-69 years","65-69","White","2106-3",22,58318,37.7,23.6,57.1,8.0
,"Rhode Island","44","2020","2020","Kidney and Renal Pelvis","29020","70-74 years","70-74","White","2106-3",29,46844,61.9,41.5,88.9,11.5
,"Rhode Island","44","2020","2020","Kidney and Renal Pelvis","29020","75-79 years","75-79","White","2106-3",28,31079,90.1,59.9,130.2,17.0
,"Rhode Island","44","2020","2020","Kidney and Renal Pelvis","29020","85+ years","85+","White","2106-3",17,23856,71.3,41.5,114.1,17.3
,"Rhode Island","44","2020","2020","Liver","21071","65-69 years","65-69","White","2106-3",16,58318,27.4,15.7,44.6,6.9
,"Rhode Island","44","2020","2020","Lung and Bronchus","22030","50-54 years","50-54","White","2106-3",21,63919,32.9,20.3,50.2,7.2
,"Rhode Island","44","2020","2020","Lung and Bronchus","22030","55-59 years","55-59","White","2106-3",57,71398,79.8,60.5,103.4,10.6
,"Rhode Island","44","2020","2020","Lung and Bronchus","22030","60-64 years ","60-64","White","2106-3",122,69053,176.7,146.7,211.0,16.0
,"Rhode Island","44","2020","2020","Lung and Bronchus","22030","65-69 years","65-69","White","2106-3",105,58318,180.0,147.3,218.0,17.6
,"Rhode Island","44","2020","2020","Lung and Bronchus","22030","70-74 years","70-74","White","2106-3",130,46844,277.5,231.9,329.5,24.3
,"Rhode Island","44","2020","2020","Lung and Bronchus","22030","75-79 years","75-79","White","2106-3",116,31079,373.2,308.4,447.7,34.7
,"Rhode Island","44","2020","2020","Lung and Bronchus","22030","80-84 years","80-84","White","2106-3",80,19943,401.1,318.1,499.3,44.8
,"Rhode Island","44","2020","2020","Lung and Bronchus","22030","85+ years","85+","White","2106-3",70,23856,293.4,228.7,370.7,35.1
,"Rhode Island","44","2020","2020","Prostate","28010","50-54 years","50-54","White","2106-3",24,31171,77.0,49.3,114.6,15.7
,"Rhode Island","44","2020","2020","Prostate","28010","55-59 years","55-59","White","2106-3",78,34702,224.8,177.7,280.5,25.5
,"Rhode Island","44","2020","2020","Prostate","28010","60-64 years ","60-64","White","2106-3",131,33253,393.9,329.4,467.5,34.4
,"Rhode Island","44","2020","2020","Prostate","28010","65-69 years","65-69","White","2106-3",173,27732,623.8,534.3,724.0,47.4
,"Rhode Island","44","2020","2020","Prostate","28010","65-69 years","65-69","Other Races and Unknown combined","2131-1",18,Not Applicable,Not Applicable,Not Applicable,Not Applicable,Not Applicable
,"Rhode Island","44","2020","2020","Prostate","28010","70-74 years","70-74","White","2106-3",118,21894,539.0,446.1,645.4,49.6
,"Rhode Island","44","2020","2020","Prostate","28010","70-74 years","70-74","Other Races and Unknown combined","2131-1",19,Not Applicable,Not Applicable,Not Applicable,Not Applicable,Not Applicable
,"Rhode Island","44","2020","2020","Prostate","28010","75-79 years","75-79","White","2106-3",62,13890,446.4,342.2,572.2,56.7
,"Rhode Island","44","2020","2020","Prostate","28010","80-84 years","80-84","White","2106-3",35,8150,429.4,299.1,597.3,72.6
,"Rhode Island","44","2020","2020","Prostate","28010","85+ years","85+","White","2106-3",26,7633,340.6,222.5,499.1,66.8
,"Rhode Island","44","2020","2020","Urinary Bladder, invasive and in situ","29010","60-64 years ","60-64","White","2106-3",39,69053,56.5,40.2,77.2,9.0
,"Rhode Island","44","2020","2020","Urinary Bladder, invasive and in situ","29010","65-69 years","65-69","White","2106-3",33,58318,56.6,39.0,79.5,9.9
,"Rhode Island","44","2020","2020","Urinary Bladder, invasive and in situ","29010","70-74 years","70-74","White","2106-3",52,46844,111.0,82.9,145.6,15.4
,"Rhode Island","44","2020","2020","Urinary Bladder, invasive and in situ","29010","75-79 years","75-79","White","2106-3",41,31079,131.9,94.7,179.0,20.6
,"Rhode Island","44","2020","2020","Urinary Bladder, invasive and in situ","29010","80-84 years","80-84","White","2106-3",47,19943,235.7,173.2,313.4,34.4
,"Rhode Island","44","2020","2020","Urinary Bladder, invasive and in situ","29010","85+ years","85+","White","2106-3",42,23856,176.1,126.9,238.0,27.2
,"South Carolina","45","2020","2020","Breast","26000","30-34 years","30-34","Black or African American","2054-5",22,97845,22.5,14.1,34.0,4.8
,"South Carolina","45","2020","2020","Breast","26000","30-34 years","30-34","White","2106-3",37,225501,16.4,11.6,22.6,2.7
,"South Carolina","45","2020","2020","Breast","26000","35-39 years","35-39","Black or African American","2054-5",45,89185,50.5,36.8,67.5,7.5
,"South Carolina","45","2020","2020","Breast","26000","35-39 years","35-39","White","2106-3",79,220768,35.8,28.3,44.6,4.0
,"South Carolina","45","2020","2020","Breast","26000","40-44 years","40-44","Black or African American","2054-5",56,84138,66.6,50.3,86.4,8.9
,"South Carolina","45","2020","2020","Breast","26000","40-44 years","40-44","White","2106-3",130,211493,61.5,51.4,73.0,5.4
,"South Carolina","45","2020","2020","Breast","26000","45-49 years","45-49","Black or African American","2054-5",90,81405,110.6,88.9,135.9,11.7
,"South Carolina","45","2020","2020","Breast","26000","45-49 years","45-49","White","2106-3",196,220024,89.1,77.0,102.5,6.4
,"South Carolina","45","2020","2020","Breast","26000","50-54 years","50-54","Black or African American","2054-5",125,83580,149.6,124.5,178.2,13.4
,"South Carolina","45","2020","2020","Breast","26000","50-54 years","50-54","White","2106-3",259,229648,112.8,99.5,127.4,7.0
,"South Carolina","45","2020","2020","Breast","26000","55-59 years","55-59","Black or African American","2054-5",125,89818,139.2,115.8,165.8,12.4
,"South Carolina","45","2020","2020","Breast","26000","55-59 years","55-59","White","2106-3",327,250795,130.4,116.6,145.3,7.2
,"South Carolina","45","2020","2020","Breast","26000","60-64 years ","60-64","Black or African American","2054-5",144,85175,169.1,142.6,199.0,14.1
,"South Carolina","45","2020","2020","Breast","26000","60-64 years ","60-64","White","2106-3",431,247664,174.0,158.0,191.3,8.4
,"South Carolina","45","2020","2020","Breast","26000","65-69 years","65-69","Black or African American","2054-5",162,72336,224.0,190.8,261.2,17.6
,"South Carolina","45","2020","2020","Breast","26000","65-69 years","65-69","White","2106-3",510,232870,219.0,200.4,238.9,9.7
,"South Carolina","45","2020","2020","Breast","26000","70-74 years","70-74","Black or African American","2054-5",136,53769,252.9,212.2,299.2,21.7
,"South Carolina","45","2020","2020","Breast","26000","70-74 years","70-74","White","2106-3",495,207112,239.0,218.4,261.0,10.7
,"South Carolina","45","2020","2020","Breast","26000","75-79 years","75-79","Black or African American","2054-5",68,32012,212.4,165.0,269.3,25.8
,"South Carolina","45","2020","2020","Breast","26000","75-79 years","75-79","White","2106-3",378,136513,276.9,249.7,306.3,14.2
,"South Carolina","45","2020","2020","Breast","26000","80-84 years","80-84","Black or African American","2054-5",50,18455,270.9,201.1,357.2,38.3
,"South Carolina","45","2020","2020","Breast","26000","80-84 years","80-84","White","2106-3",176,79228,222.1,190.5,257.5,16.7
,"South Carolina","45","2020","2020","Breast","26000","85+ years","85+","Black or African American","2054-5",30,15905,188.6,127.3,269.3,34.4
,"South Carolina","45","2020","2020","Breast","26000","85+ years","85+","White","2106-3",160,67293,237.8,202.4,277.6,18.8
,"South Carolina","45","2020","2020","Kidney and Renal Pelvis","29020","35-39 years","35-39","White","2106-3",16,220768,7.2,4.1,11.8,1.8
,"South Carolina","45","2020","2020","Kidney and Renal Pelvis","29020","40-44 years","40-44","White","2106-3",23,211493,10.9,6.9,16.3,2.3
,"South Carolina","45","2020","2020","Kidney and Renal Pelvis","29020","45-49 years","45-49","White","2106-3",31,220024,14.1,9.6,20.0,2.5
,"South Carolina","45","2020","2020","Kidney and Renal Pelvis","29020","50-54 years","50-54","White","2106-3",51,229648,22.2,16.5,29.2,3.1
,"South Carolina","45","2020","2020","Kidney and Renal Pelvis","29020","55-59 years","55-59","Black or African American","2054-5",42,89818,46.8,33.7,63.2,7.2
,"South Carolina","45","2020","2020","Kidney and Renal Pelvis","29020","55-59 years","55-59","White","2106-3",86,250795,34.3,27.4,42.3,3.7
,"South Carolina","45","2020","2020","Kidney and Renal Pelvis","29020","60-64 years ","60-64","Black or African American","2054-5",40,85175,47.0,33.6,63.9,7.4
,"South Carolina","45","2020","2020","Kidney and Renal Pelvis","29020","60-64 years ","60-64","White","2106-3",132,247664,53.3,44.6,63.2,4.6
,"South Carolina","45","2020","2020","Kidney and Renal Pelvis","29020","65-69 years","65-69","Black or African American","2054-5",49,72336,67.7,50.1,89.6,9.7
,"South Carolina","45","2020","2020","Kidney and Renal Pelvis","29020","65-69 years","65-69","White","2106-3",141,232870,60.5,51.0,71.4,5.1
,"South Carolina","45","2020","2020","Kidney and Renal Pelvis","29020","70-74 years","70-74","Black or African American","2054-5",50,53769,93.0,69.0,122.6,13.2
,"South Carolina","45","2020","2020","Kidney and Renal Pelvis","29020","70-74 years","70-74","White","2106-3",148,207112,71.5,60.4,83.9,5.9
,"South Carolina","45","2020","2020","Kidney and Renal Pelvis","29020","75-79 years","75-79","Black or African American","2054-5",25,32012,78.1,50.5,115.3,15.6
,"South Carolina","45","2020","2020","Kidney and Renal Pelvis","29020","75-79 years","75-79","White","2106-3",110,136513,80.6,66.2,97.1,7.7
,"South Carolina","45","2020","2020","Kidney and Renal Pelvis","29020","80-84 years","80-84","White","2106-3",57,79228,71.9,54.5,93.2,9.5
,"South Carolina","45","2020","2020","Kidney and Renal Pelvis","29020","85+ years","85+","White","2106-3",27,67293,40.1,26.4,58.4,7.7
,"South Carolina","45","2020","2020","Liver","21071","55-59 years","55-59","Black or African American","2054-5",17,89818,18.9,11.0,30.3,4.6
,"South Carolina","45","2020","2020","Liver","21071","55-59 years","55-59","White","2106-3",38,250795,15.2,10.7,20.8,2.5
,"South Carolina","45","2020","2020","Liver","21071","60-64 years ","60-64","Black or African American","2054-5",32,85175,37.6,25.7,53.0,6.6
,"South Carolina","45","2020","2020","Liver","21071","60-64 years ","60-64","White","2106-3",65,247664,26.2,20.3,33.5,3.3
,"South Carolina","45","2020","2020","Liver","21071","65-69 years","65-69","Black or African American","2054-5",28,72336,38.7,25.7,55.9,7.3
,"South Carolina","45","2020","2020","Liver","21071","65-69 years","65-69","White","2106-3",71,232870,30.5,23.8,38.5,3.6
,"South Carolina","45","2020","2020","Liver","21071","70-74 years","70-74","White","2106-3",51,207112,24.6,18.3,32.4,3.4
,"South Carolina","45","2020","2020","Liver","21071","75-79 years","75-79","White","2106-3",43,136513,31.5,22.8,42.4,4.8
,"South Carolina","45","2020","2020","Liver","21071","80-84 years","80-84","White","2106-3",31,79228,39.1,26.6,55.5,7.0
,"South Carolina","45","2020","2020","Liver","21071","85+ years","85+","White","2106-3",18,67293,26.7,15.9,42.3,6.3
,"South Carolina","45","2020","2020","Lung and Bronchus","22030","40-44 years","40-44","White","2106-3",23,211493,10.9,6.9,16.3,2.3
,"South Carolina","45","2020","2020","Lung and Bronchus","22030","45-49 years","45-49","White","2106-3",44,220024,20.0,14.5,26.8,3.0
,"South Carolina","45","2020","2020","Lung and Bronchus","22030","50-54 years","50-54","Black or African American","2054-5",26,83580,31.1,20.3,45.6,6.1
,"South Carolina","45","2020","2020","Lung and Bronchus","22030","50-54 years","50-54","White","2106-3",108,229648,47.0,38.6,56.8,4.5
,"South Carolina","45","2020","2020","Lung and Bronchus","22030","55-59 years","55-59","Black or African American","2054-5",85,89818,94.6,75.6,117.0,10.3
,"South Carolina","45","2020","2020","Lung and Bronchus","22030","55-59 years","55-59","White","2106-3",265,250795,105.7,93.3,119.2,6.5
,"South Carolina","45","2020","2020","Lung and Bronchus","22030","60-64 years ","60-64","Black or African American","2054-5",151,85175,177.3,150.1,207.9,14.4
,"South Carolina","45","2020","2020","Lung and Bronchus","22030","60-64 years ","60-64","White","2106-3",466,247664,188.2,171.5,206.0,8.7
,"South Carolina","45","2020","2020","Lung and Bronchus","22030","65-69 years","65-69","Black or African American","2054-5",162,72336,224.0,190.8,261.2,17.6
,"South Carolina","45","2020","2020","Lung and Bronchus","22030","65-69 years","65-69","White","2106-3",550,232870,236.2,216.9,256.8,10.1
,"South Carolina","45","2020","2020","Lung and Bronchus","22030","70-74 years","70-74","Black or African American","2054-5",135,53769,251.1,210.5,297.2,21.6
,"South Carolina","45","2020","2020","Lung and Bronchus","22030","70-74 years","70-74","White","2106-3",598,207112,288.7,266.1,312.8,11.8
,"South Carolina","45","2020","2020","Lung and Bronchus","22030","75-79 years","75-79","Black or African American","2054-5",103,32012,321.8,262.6,390.2,31.7
,"South Carolina","45","2020","2020","Lung and Bronchus","22030","75-79 years","75-79","White","2106-3",540,136513,395.6,362.9,430.4,17.0
,"South Carolina","45","2020","2020","Lung and Bronchus","22030","80-84 years","80-84","Black or African American","2054-5",69,18455,373.9,290.9,473.2,45.0
,"South Carolina","45","2020","2020","Lung and Bronchus","22030","80-84 years","80-84","White","2106-3",266,79228,335.7,296.6,378.6,20.6
,"South Carolina","45","2020","2020","Lung and Bronchus","22030","85+ years","85+","Black or African American","2054-5",40,15905,251.5,179.7,342.5,39.8
,"South Carolina","45","2020","2020","Lung and Bronchus","22030","85+ years","85+","White","2106-3",225,67293,334.4,292.1,381.0,22.3
,"South Carolina","45","2020","2020","Prostate","28010","45-49 years","45-49","Black or African American","2054-5",27,36699,73.6,48.5,107.0,14.2
,"South Carolina","45","2020","2020","Prostate","28010","45-49 years","45-49","White","2106-3",26,110733,23.5,15.3,34.4,4.6
,"South Carolina","45","2020","2020","Prostate","28010","50-54 years","50-54","Black or African American","2054-5",81,37985,213.2,169.3,265.0,23.7
,"South Carolina","45","2020","2020","Prostate","28010","50-54 years","50-54","White","2106-3",102,114861,88.8,72.4,107.8,8.8
,"South Carolina","45","2020","2020","Prostate","28010","55-59 years","55-59","Black or African American","2054-5",165,40668,405.7,346.2,472.6,31.6
,"South Carolina","45","2020","2020","Prostate","28010","55-59 years","55-59","White","2106-3",244,122751,198.8,174.6,225.3,12.7
,"South Carolina","45","2020","2020","Prostate","28010","60-64 years ","60-64","Black or African American","2054-5",241,38329,628.8,551.9,713.4,40.5
,"South Carolina","45","2020","2020","Prostate","28010","60-64 years ","60-64","White","2106-3",397,119129,333.3,301.3,367.7,16.7
,"South Carolina","45","2020","2020","Prostate","28010","65-69 years","65-69","Black or African American","2054-5",297,31413,945.5,841.0,1059.3,54.9
,"South Carolina","45","2020","2020","Prostate","28010","65-69 years","65-69","White","2106-3",560,109592,511.0,469.5,555.1,21.6
,"South Carolina","45","2020","2020","Prostate","28010","65-69 years","65-69","Other Races and Unknown combined","2131-1",21,Not Applicable,Not Applicable,Not Applicable,Not Applicable,Not Applicable
,"South Carolina","45","2020","2020","Prostate","28010","70-74 years","70-74","Black or African American","2054-5",203,23008,882.3,765.1,1012.4,61.9
,"South Carolina","45","2020","2020","Prostate","28010","70-74 years","70-74","White","2106-3",577,98534,585.6,538.8,635.4,24.4
,"South Carolina","45","2020","2020","Prostate","28010","70-74 years","70-74","Other Races and Unknown combined","2131-1",20,Not Applicable,Not Applicable,Not Applicable,Not Applicable,Not Applicable
,"South Carolina","45","2020","2020","Prostate","28010","75-79 years","75-79","Black or African American","2054-5",88,13082,672.7,539.5,828.8,71.7
,"South Carolina","45","2020","2020","Prostate","28010","75-79 years","75-79","White","2106-3",327,63848,512.2,458.1,570.8,28.3
,"South Carolina","45","2020","2020","Prostate","28010","80-84 years","80-84","Black or African American","2054-5",38,6937,547.8,387.6,751.9,88.9
,"South Carolina","45","2020","2020","Prostate","28010","80-84 years","80-84","White","2106-3",156,35108,444.3,377.4,519.8,35.6
,"South Carolina","45","2020","2020","Prostate","28010","85+ years","85+","Black or African American","2054-5",24,4743,506.0,324.2,752.9,103.3
,"South Carolina","45","2020","2020","Prostate","28010","85+ years","85+","White","2106-3",83,24722,335.7,267.4,416.2,36.9
,"South Carolina","45","2020","2020","Urinary Bladder, invasive and in situ","29010","50-54 years","50-54","White","2106-3",29,229648,12.6,8.5,18.1,2.3
,"South Carolina","45","2020","2020","Urinary Bladder, invasive and in situ","29010","55-59 years","55-59","White","2106-3",53,250795,21.1,15.8,27.6,2.9
,"South Carolina","45","2020","2020","Urinary Bladder, invasive and in situ","29010","60-64 years ","60-64","Black or African American","2054-5",18,85175,21.1,12.5,33.4,5.0
,"South Carolina","45","2020","2020","Urinary Bladder, invasive and in situ","29010","60-64 years ","60-64","White","2106-3",109,247664,44.0,36.1,53.1,4.2
,"South Carolina","45","2020","2020","Urinary Bladder, invasive and in situ","29010","65-69 years","65-69","Black or African American","2054-5",30,72336,41.5,28.0,59.2,7.6
,"South Carolina","45","2020","2020","Urinary Bladder, invasive and in situ","29010","65-69 years","65-69","White","2106-3",152,232870,65.3,55.3,76.5,5.3
,"South Carolina","45","2020","2020","Urinary Bladder, invasive and in situ","29010","70-74 years","70-74","Black or African American","2054-5",29,53769,53.9,36.1,77.5,10.0
,"South Carolina","45","2020","2020","Urinary Bladder, invasive and in situ","29010","70-74 years","70-74","White","2106-3",195,207112,94.2,81.4,108.3,6.7
,"South Carolina","45","2020","2020","Urinary Bladder, invasive and in situ","29010","75-79 years","75-79","Black or African American","2054-5",26,32012,81.2,53.1,119.0,15.9
,"South Carolina","45","2020","2020","Urinary Bladder, invasive and in situ","29010","75-79 years","75-79","White","2106-3",175,136513,128.2,109.9,148.7,9.7
,"South Carolina","45","2020","2020","Urinary Bladder, invasive and in situ","29010","80-84 years","80-84","Black or African American","2054-5",21,18455,113.8,70.4,173.9,24.8
,"South Carolina","45","2020","2020","Urinary Bladder, invasive and in situ","29010","80-84 years","80-84","White","2106-3",139,79228,175.4,147.5,207.2,14.9
,"South Carolina","45","2020","2020","Urinary Bladder, invasive and in situ","29010","85+ years","85+","White","2106-3",119,67293,176.8,146.5,211.6,16.2
,"South Dakota","46","2020","2020","Breast","26000","40-44 years","40-44","White","2106-3",25,44837,55.8,36.1,82.3,11.2
,"South Dakota","46","2020","2020","Breast","26000","45-49 years","45-49","White","2106-3",39,40767,95.7,68.0,130.8,15.3
,"South Dakota","46","2020","2020","Breast","26000","50-54 years","50-54","White","2106-3",49,42816,114.4,84.7,151.3,16.3
,"South Dakota","46","2020","2020","Breast","26000","55-59 years","55-59","White","2106-3",64,52733,121.4,93.5,155.0,15.2
,"South Dakota","46","2020","2020","Breast","26000","60-64 years ","60-64","White","2106-3",77,55862,137.8,108.8,172.3,15.7
,"South Dakota","46","2020","2020","Breast","26000","65-69 years","65-69","White","2106-3",88,50972,172.6,138.5,212.7,18.4
,"South Dakota","46","2020","2020","Breast","26000","70-74 years","70-74","White","2106-3",79,37434,211.0,167.1,263.0,23.7
,"South Dakota","46","2020","2020","Breast","26000","75-79 years","75-79","White","2106-3",58,23221,249.8,189.7,322.9,32.8
,"South Dakota","46","2020","2020","Breast","26000","80-84 years","80-84","White","2106-3",43,15751,273.0,197.6,367.7,41.6
,"South Dakota","46","2020","2020","Breast","26000","85+ years","85+","White","2106-3",26,18967,137.1,89.5,200.9,26.9
,"South Dakota","46","2020","2020","Kidney and Renal Pelvis","29020","60-64 years ","60-64","White","2106-3",18,55862,32.2,19.1,50.9,7.6
,"South Dakota","46","2020","2020","Kidney and Renal Pelvis","29020","65-69 years","65-69","White","2106-3",33,50972,64.7,44.6,90.9,11.3
,"South Dakota","46","2020","2020","Kidney and Renal Pelvis","29020","70-74 years","70-74","White","2106-3",30,37434,80.1,54.1,114.4,14.6
,"South Dakota","46","2020","2020","Kidney and Renal Pelvis","29020","75-79 years","75-79","White","2106-3",17,23221,73.2,42.6,117.2,17.8
,"South Dakota","46","2020","2020","Liver","21071","65-69 years","65-69","White","2106-3",18,50972,35.3,20.9,55.8,8.3
,"South Dakota","46","2020","2020","Lung and Bronchus","22030","55-59 years","55-59","White","2106-3",48,52733,91.0,67.1,120.7,13.1
,"South Dakota","46","2020","2020","Lung and Bronchus","22030","60-64 years ","60-64","White","2106-3",63,55862,112.8,86.7,144.3,14.2
,"South Dakota","46","2020","2020","Lung and Bronchus","22030","65-69 years","65-69","White","2106-3",101,50972,198.1,161.4,240.8,19.7
,"South Dakota","46","2020","2020","Lung and Bronchus","22030","70-74 years","70-74","White","2106-3",111,37434,296.5,243.9,357.1,28.1
,"South Dakota","46","2020","2020","Lung and Bronchus","22030","75-79 years","75-79","White","2106-3",85,23221,366.0,292.4,452.6,39.7
,"South Dakota","46","2020","2020","Lung and Bronchus","22030","80-84 years","80-84","White","2106-3",53,15751,336.5,252.1,440.1,46.2
,"South Dakota","46","2020","2020","Lung and Bronchus","22030","85+ years","85+","White","2106-3",55,18967,290.0,218.5,377.4,39.1
,"South Dakota","46","2020","2020","Prostate","28010","50-54 years","50-54","White","2106-3",22,22090,99.6,62.4,150.8,21.2
,"South Dakota","46","2020","2020","Prostate","28010","55-59 years","55-59","White","2106-3",63,26652,236.4,181.6,302.4,29.8
,"South Dakota","46","2020","2020","Prostate","28010","60-64 years ","60-64","White","2106-3",118,28178,418.8,346.6,501.5,38.6
,"South Dakota","46","2020","2020","Prostate","28010","65-69 years","65-69","White","2106-3",162,25867,626.3,533.6,730.5,49.2
,"South Dakota","46","2020","2020","Prostate","28010","70-74 years","70-74","White","2106-3",136,19046,714.1,599.1,844.7,61.2
,"South Dakota","46","2020","2020","Prostate","28010","75-79 years","75-79","White","2106-3",91,11067,822.3,662.0,1009.6,86.2
,"South Dakota","46","2020","2020","Prostate","28010","80-84 years","80-84","White","2106-3",52,6871,756.8,565.2,992.4,104.9
,"South Dakota","46","2020","2020","Prostate","28010","85+ years","85+","White","2106-3",37,6465,572.3,403.0,788.9,94.1
,"South Dakota","46","2020","2020","Urinary Bladder, invasive and in situ","29010","55-59 years","55-59","White","2106-3",18,52733,34.1,20.2,53.9,8.0
,"South Dakota","46","2020","2020","Urinary Bladder, invasive and in situ","29010","60-64 years ","60-64","White","2106-3",20,55862,35.8,21.9,55.3,8.0
,"South Dakota","46","2020","2020","Urinary Bladder, invasive and in situ","29010","65-69 years","65-69","White","2106-3",38,50972,74.6,52.8,102.3,12.1
,"South Dakota","46","2020","2020","Urinary Bladder, invasive and in situ","29010","70-74 years","70-74","White","2106-3",38,37434,101.5,71.8,139.3,16.5
,"South Dakota","46","2020","2020","Urinary Bladder, invasive and in situ","29010","75-79 years","75-79","White","2106-3",31,23221,133.5,90.7,189.5,24.0
,"South Dakota","46","2020","2020","Urinary Bladder, invasive and in situ","29010","80-84 years","80-84","White","2106-3",37,15751,234.9,165.4,323.8,38.6
,"South Dakota","46","2020","2020","Urinary Bladder, invasive and in situ","29010","85+ years","85+","White","2106-3",45,18967,237.3,173.1,317.5,35.4
,"Tennessee","47","2020","2020","Breast","26000","30-34 years","30-34","White","2106-3",43,360880,11.9,8.6,16.0,1.8
,"Tennessee","47","2020","2020","Breast","26000","35-39 years","35-39","Black or African American","2054-5",23,79094,29.1,18.4,43.6,6.1
,"Tennessee","47","2020","2020","Breast","26000","35-39 years","35-39","White","2106-3",122,349228,34.9,29.0,41.7,3.2
,"Tennessee","47","2020","2020","Breast","26000","40-44 years","40-44","Black or African American","2054-5",53,74117,71.5,53.6,93.5,9.8
,"Tennessee","47","2020","2020","Breast","26000","40-44 years","40-44","White","2106-3",189,337983,55.9,48.2,64.5,4.1
,"Tennessee","47","2020","2020","Breast","26000","45-49 years","45-49","Black or African American","2054-5",60,71645,83.7,63.9,107.8,10.8
,"Tennessee","47","2020","2020","Breast","26000","45-49 years","45-49","White","2106-3",285,349420,81.6,72.4,91.6,4.8
,"Tennessee","47","2020","2020","Breast","26000","50-54 years","50-54","Black or African American","2054-5",80,70227,113.9,90.3,141.8,12.7
,"Tennessee","47","2020","2020","Breast","26000","50-54 years","50-54","White","2106-3",362,359072,100.8,90.7,111.8,5.3
,"Tennessee","47","2020","2020","Breast","26000","55-59 years","55-59","Black or African American","2054-5",115,72566,158.5,130.8,190.2,14.8
,"Tennessee","47","2020","2020","Breast","26000","55-59 years","55-59","White","2106-3",506,382945,132.1,120.9,144.2,5.9
,"Tennessee","47","2020","2020","Breast","26000","60-64 years ","60-64","Black or African American","2054-5",107,67513,158.5,129.9,191.5,15.3
,"Tennessee","47","2020","2020","Breast","26000","60-64 years ","60-64","White","2106-3",634,365741,173.3,160.1,187.4,6.9
,"Tennessee","47","2020","2020","Breast","26000","65-69 years","65-69","Black or African American","2054-5",121,53719,225.2,186.9,269.1,20.5
,"Tennessee","47","2020","2020","Breast","26000","65-69 years","65-69","White","2106-3",711,322804,220.3,204.4,237.1,8.3
,"Tennessee","47","2020","2020","Breast","26000","70-74 years","70-74","Black or African American","2054-5",100,36437,274.4,223.3,333.8,27.4
,"Tennessee","47","2020","2020","Breast","26000","70-74 years","70-74","White","2106-3",678,274616,246.9,228.7,266.2,9.5
,"Tennessee","47","2020","2020","Breast","26000","75-79 years","75-79","Black or African American","2054-5",44,20518,214.4,155.8,287.9,32.3
,"Tennessee","47","2020","2020","Breast","26000","75-79 years","75-79","White","2106-3",472,183871,256.7,234.1,280.9,11.8
,"Tennessee","47","2020","2020","Breast","26000","80-84 years","80-84","Black or African American","2054-5",21,12459,168.6,104.3,257.7,36.8
,"Tennessee","47","2020","2020","Breast","26000","80-84 years","80-84","White","2106-3",265,112645,235.3,207.8,265.3,14.5
,"Tennessee","47","2020","2020","Breast","26000","85+ years","85+","Black or African American","2054-5",28,11182,250.4,166.4,361.9,47.3
,"Tennessee","47","2020","2020","Breast","26000","85+ years","85+","White","2106-3",192,98542,194.8,168.3,224.4,14.1
,"Tennessee","47","2020","2020","Kidney and Renal Pelvis","29020","35-39 years","35-39","White","2106-3",35,349228,10.0,7.0,13.9,1.7
,"Tennessee","47","2020","2020","Kidney and Renal Pelvis","29020","40-44 years","40-44","White","2106-3",44,337983,13.0,9.5,17.5,2.0
,"Tennessee","47","2020","2020","Kidney and Renal Pelvis","29020","45-49 years","45-49","Black or African American","2054-5",21,71645,29.3,18.1,44.8,6.4
,"Tennessee","47","2020","2020","Kidney and Renal Pelvis","29020","45-49 years","45-49","White","2106-3",77,349420,22.0,17.4,27.5,2.5
,"Tennessee","47","2020","2020","Kidney and Renal Pelvis","29020","50-54 years","50-54","Black or African American","2054-5",24,70227,34.2,21.9,50.8,7.0
,"Tennessee","47","2020","2020","Kidney and Renal Pelvis","29020","50-54 years","50-54","White","2106-3",104,359072,29.0,23.7,35.1,2.8
,"Tennessee","47","2020","2020","Kidney and Renal Pelvis","29020","55-59 years","55-59","Black or African American","2054-5",30,72566,41.3,27.9,59.0,7.5
,"Tennessee","47","2020","2020","Kidney and Renal Pelvis","29020","55-59 years","55-59","White","2106-3",139,382945,36.3,30.5,42.9,3.1
,"Tennessee","47","2020","2020","Kidney and Renal Pelvis","29020","60-64 years ","60-64","Black or African American","2054-5",43,67513,63.7,46.1,85.8,9.7
,"Tennessee","47","2020","2020","Kidney and Renal Pelvis","29020","60-64 years ","60-64","White","2106-3",205,365741,56.1,48.6,64.3,3.9
,"Tennessee","47","2020","2020","Kidney and Renal Pelvis","29020","65-69 years","65-69","Black or African American","2054-5",55,53719,102.4,77.1,133.3,13.8
,"Tennessee","47","2020","2020","Kidney and Renal Pelvis","29020","65-69 years","65-69","White","2106-3",234,322804,72.5,63.5,82.4,4.7
,"Tennessee","47","2020","2020","Kidney and Renal Pelvis","29020","70-74 years","70-74","Black or African American","2054-5",40,36437,109.8,78.4,149.5,17.4
,"Tennessee","47","2020","2020","Kidney and Renal Pelvis","29020","70-74 years","70-74","White","2106-3",212,274616,77.2,67.2,88.3,5.3
,"Tennessee","47","2020","2020","Kidney and Renal Pelvis","29020","75-79 years","75-79","Black or African American","2054-5",17,20518,82.9,48.3,132.7,20.1
,"Tennessee","47","2020","2020","Kidney and Renal Pelvis","29020","75-79 years","75-79","White","2106-3",159,183871,86.5,73.6,101.0,6.9
,"Tennessee","47","2020","2020","Kidney and Renal Pelvis","29020","80-84 years","80-84","White","2106-3",73,112645,64.8,50.8,81.5,7.6
,"Tennessee","47","2020","2020","Kidney and Renal Pelvis","29020","85+ years","85+","White","2106-3",56,98542,56.8,42.9,73.8,7.6
,"Tennessee","47","2020","2020","Liver","21071","50-54 years","50-54","White","2106-3",29,359072,8.1,5.4,11.6,1.5
,"Tennessee","47","2020","2020","Liver","21071","55-59 years","55-59","White","2106-3",66,382945,17.2,13.3,21.9,2.1
,"Tennessee","47","2020","2020","Liver","21071","60-64 years ","60-64","Black or African American","2054-5",30,67513,44.4,30.0,63.4,8.1
,"Tennessee","47","2020","2020","Liver","21071","60-64 years ","60-64","White","2106-3",109,365741,29.8,24.5,36.0,2.9
,"Tennessee","47","2020","2020","Liver","21071","65-69 years","65-69","Black or African American","2054-5",27,53719,50.3,33.1,73.1,9.7
,"Tennessee","47","2020","2020","Liver","21071","65-69 years","65-69","White","2106-3",113,322804,35.0,28.8,42.1,3.3
,"Tennessee","47","2020","2020","Liver","21071","70-74 years","70-74","Black or African American","2054-5",16,36437,43.9,25.1,71.3,11.0
,"Tennessee","47","2020","2020","Liver","21071","70-74 years","70-74","White","2106-3",81,274616,29.5,23.4,36.7,3.3
,"Tennessee","47","2020","2020","Liver","21071","75-79 years","75-79","White","2106-3",42,183871,22.8,16.5,30.9,3.5
,"Tennessee","47","2020","2020","Liver","21071","80-84 years","80-84","White","2106-3",31,112645,27.5,18.7,39.1,4.9
,"Tennessee","47","2020","2020","Liver","21071","85+ years","85+","White","2106-3",20,98542,20.3,12.4,31.3,4.5
,"Tennessee","47","2020","2020","Lung and Bronchus","22030","40-44 years","40-44","White","2106-3",23,337983,6.8,4.3,10.2,1.4
,"Tennessee","47","2020","2020","Lung and Bronchus","22030","45-49 years","45-49","White","2106-3",86,349420,24.6,19.7,30.4,2.7
,"Tennessee","47","2020","2020","Lung and Bronchus","22030","50-54 years","50-54","Black or African American","2054-5",30,70227,42.7,28.8,61.0,7.8
,"Tennessee","47","2020","2020","Lung and Bronchus","22030","50-54 years","50-54","White","2106-3",184,359072,51.2,44.1,59.2,3.8
,"Tennessee","47","2020","2020","Lung and Bronchus","22030","55-59 years","55-59","Black or African American","2054-5",77,72566,106.1,83.7,132.6,12.1
,"Tennessee","47","2020","2020","Lung and Bronchus","22030","55-59 years","55-59","White","2106-3",500,382945,130.6,119.4,142.5,5.8
,"Tennessee","47","2020","2020","Lung and Bronchus","22030","60-64 years ","60-64","Black or African American","2054-5",116,67513,171.8,142.0,206.1,16.0
,"Tennessee","47","2020","2020","Lung and Bronchus","22030","60-64 years ","60-64","White","2106-3",728,365741,199.0,184.8,214.0,7.4
,"Tennessee","47","2020","2020","Lung and Bronchus","22030","65-69 years","65-69","Black or African American","2054-5",139,53719,258.8,217.5,305.5,21.9
,"Tennessee","47","2020","2020","Lung and Bronchus","22030","65-69 years","65-69","White","2106-3",862,322804,267.0,249.5,285.5,9.1
,"Tennessee","47","2020","2020","Lung and Bronchus","22030","70-74 years","70-74","Black or African American","2054-5",106,36437,290.9,238.2,351.9,28.3
,"Tennessee","47","2020","2020","Lung and Bronchus","22030","70-74 years","70-74","White","2106-3",951,274616,346.3,324.6,369.0,11.2
,"Tennessee","47","2020","2020","Lung and Bronchus","22030","75-79 years","75-79","Black or African American","2054-5",83,20518,404.5,322.2,501.5,44.4
,"Tennessee","47","2020","2020","Lung and Bronchus","22030","75-79 years","75-79","White","2106-3",836,183871,454.7,424.4,486.6,15.7
,"Tennessee","47","2020","2020","Lung and Bronchus","22030","80-84 years","80-84","Black or African American","2054-5",41,12459,329.1,236.2,446.4,51.4
,"Tennessee","47","2020","2020","Lung and Bronchus","22030","80-84 years","80-84","White","2106-3",472,112645,419.0,382.1,458.6,19.3
,"Tennessee","47","2020","2020","Lung and Bronchus","22030","85+ years","85+","Black or African American","2054-5",21,11182,187.8,116.3,287.1,41.0
,"Tennessee","47","2020","2020","Lung and Bronchus","22030","85+ years","85+","White","2106-3",297,98542,301.4,268.1,337.7,17.5
,"Tennessee","47","2020","2020","Prostate","28010","45-49 years","45-49","Black or African American","2054-5",28,33302,84.1,55.9,121.5,15.9
,"Tennessee","47","2020","2020","Prostate","28010","45-49 years","45-49","White","2106-3",41,175886,23.3,16.7,31.6,3.6
,"Tennessee","47","2020","2020","Prostate","28010","50-54 years","50-54","Black or African American","2054-5",84,32623,257.5,205.4,318.8,28.1
,"Tennessee","47","2020","2020","Prostate","28010","50-54 years","50-54","White","2106-3",171,180428,94.8,81.1,110.1,7.2
,"Tennessee","47","2020","2020","Prostate","28010","55-59 years","55-59","Black or African American","2054-5",168,33550,500.7,427.9,582.5,38.6
,"Tennessee","47","2020","2020","Prostate","28010","55-59 years","55-59","White","2106-3",393,188442,208.6,188.4,230.2,10.5
,"Tennessee","47","2020","2020","Prostate","28010","60-64 years ","60-64","Black or African American","2054-5",191,30318,630.0,543.8,725.9,45.6
,"Tennessee","47","2020","2020","Prostate","28010","60-64 years ","60-64","White","2106-3",597,177671,336.0,309.6,364.1,13.8
,"Tennessee","47","2020","2020","Prostate","28010","65-69 years","65-69","Black or African American","2054-5",244,23317,1046.4,919.3,1186.3,67.0
,"Tennessee","47","2020","2020","Prostate","28010","65-69 years","65-69","White","2106-3",864,153954,561.2,524.4,599.9,19.1
,"Tennessee","47","2020","2020","Prostate","28010","70-74 years","70-74","Black or African American","2054-5",123,15505,793.3,659.3,946.5,71.5
,"Tennessee","47","2020","2020","Prostate","28010","70-74 years","70-74","White","2106-3",809,129531,624.6,582.3,669.1,22.0
,"Tennessee","47","2020","2020","Prostate","28010","75-79 years","75-79","Black or African American","2054-5",49,8037,609.7,451.0,806.0,87.1
,"Tennessee","47","2020","2020","Prostate","28010","75-79 years","75-79","White","2106-3",464,84380,549.9,501.0,602.3,25.5
,"Tennessee","47","2020","2020","Prostate","28010","80-84 years","80-84","Black or African American","2054-5",27,4456,605.9,399.3,881.6,116.6
,"Tennessee","47","2020","2020","Prostate","28010","80-84 years","80-84","White","2106-3",222,48262,460.0,401.5,524.6,30.9
,"Tennessee","47","2020","2020","Prostate","28010","85+ years","85+","White","2106-3",133,34718,383.1,320.8,454.0,33.2
,"Tennessee","47","2020","2020","Urinary Bladder, invasive and in situ","29010","45-49 years","45-49","White","2106-3",25,349420,7.2,4.6,10.6,1.4
,"Tennessee","47","2020","2020","Urinary Bladder, invasive and in situ","29010","50-54 years","50-54","White","2106-3",62,359072,17.3,13.2,22.1,2.2
,"Tennessee","47","2020","2020","Urinary Bladder, invasive and in situ","29010","55-59 years","55-59","White","2106-3",83,382945,21.7,17.3,26.9,2.4
,"Tennessee","47","2020","2020","Urinary Bladder, invasive and in situ","29010","60-64 years ","60-64","Black or African American","2054-5",17,67513,25.2,14.7,40.3,6.1
,"Tennessee","47","2020","2020","Urinary Bladder, invasive and in situ","29010","60-64 years ","60-64","White","2106-3",153,365741,41.8,35.5,49.0,3.4
,"Tennessee","47","2020","2020","Urinary Bladder, invasive and in situ","29010","65-69 years","65-69","Black or African American","2054-5",25,53719,46.5,30.1,68.7,9.3
,"Tennessee","47","2020","2020","Urinary Bladder, invasive and in situ","29010","65-69 years","65-69","White","2106-3",206,322804,63.8,55.4,73.2,4.4
,"Tennessee","47","2020","2020","Urinary Bladder, invasive and in situ","29010","70-74 years","70-74","White","2106-3",261,274616,95.0,83.9,107.3,5.9
,"Tennessee","47","2020","2020","Urinary Bladder, invasive and in situ","29010","75-79 years","75-79","White","2106-3",238,183871,129.4,113.5,147.0,8.4
,"Tennessee","47","2020","2020","Urinary Bladder, invasive and in situ","29010","80-84 years","80-84","Black or African American","2054-5",23,12459,184.6,117.0,277.0,38.5
,"Tennessee","47","2020","2020","Urinary Bladder, invasive and in situ","29010","80-84 years","80-84","White","2106-3",203,112645,180.2,156.3,206.8,12.6
,"Tennessee","47","2020","2020","Urinary Bladder, invasive and in situ","29010","85+ years","85+","White","2106-3",163,98542,165.4,141.0,192.8,13.0
,"Texas","48","2020","2020","Breast","26000","25-29 years","25-29","Black or African American","2054-5",31,329658,9.4,6.4,13.3,1.7
,"Texas","48","2020","2020","Breast","26000","25-29 years","25-29","White","2106-3",68,1621379,4.2,3.3,5.3,0.5
,"Texas","48","2020","2020","Breast","26000","30-34 years","30-34","Asian or Pacific Islander","A-PI",17,150008,11.3,6.6,18.1,2.7
,"Texas","48","2020","2020","Breast","26000","30-34 years","30-34","Black or African American","2054-5",57,318147,17.9,13.6,23.2,2.4
,"Texas","48","2020","2020","Breast","26000","30-34 years","30-34","White","2106-3",211,1629297,13.0,11.3,14.8,0.9
,"Texas","48","2020","2020","Breast","26000","35-39 years","35-39","Asian or Pacific Islander","A-PI",29,156194,18.6,12.4,26.7,3.4
,"Texas","48","2020","2020","Breast","26000","35-39 years","35-39","Black or African American","2054-5",104,296227,35.1,28.7,42.5,3.4
,"Texas","48","2020","2020","Breast","26000","35-39 years","35-39","White","2106-3",467,1625585,28.7,26.2,31.5,1.3
,"Texas","48","2020","2020","Breast","26000","40-44 years","40-44","Asian or Pacific Islander","A-PI",95,143158,66.4,53.7,81.1,6.8
,"Texas","48","2020","2020","Breast","26000","40-44 years","40-44","Black or African American","2054-5",191,270842,70.5,60.9,81.3,5.1
,"Texas","48","2020","2020","Breast","26000","40-44 years","40-44","White","2106-3",812,1499694,54.1,50.5,58.0,1.9
,"Texas","48","2020","2020","Breast","26000","45-49 years","45-49","Asian or Pacific Islander","A-PI",127,133709,95.0,79.2,113.0,8.4
,"Texas","48","2020","2020","Breast","26000","45-49 years","45-49","Black or African American","2054-5",214,251482,85.1,74.1,97.3,5.8
,"Texas","48","2020","2020","Breast","26000","45-49 years","45-49","White","2106-3",1273,1451870,87.7,82.9,92.6,2.5
,"Texas","48","2020","2020","Breast","26000","45-49 years","45-49","Other Races and Unknown combined","2131-1",19,Not Applicable,Not Applicable,Not Applicable,Not Applicable,Not Applicable
,"Texas","48","2020","2020","Breast","26000","50-54 years","50-54","Asian or Pacific Islander","A-PI",119,107527,110.7,91.7,132.4,10.1
,"Texas","48","2020","2020","Breast","26000","50-54 years","50-54","Black or African American","2054-5",261,231147,112.9,99.6,127.5,7.0
,"Texas","48","2020","2020","Breast","26000","50-54 years","50-54","White","2106-3",1389,1381761,100.5,95.3,106.0,2.7
,"Texas","48","2020","2020","Breast","26000","50-54 years","50-54","Other Races and Unknown combined","2131-1",18,Not Applicable,Not Applicable,Not Applicable,Not Applicable,Not Applicable
,"Texas","48","2020","2020","Breast","26000","55-59 years","55-59","Asian or Pacific Islander","A-PI",87,88150,98.7,79.1,121.7,10.6
,"Texas","48","2020","2020","Breast","26000","55-59 years","55-59","Black or African American","2054-5",339,226526,149.7,134.1,166.5,8.1
,"Texas","48","2020","2020","Breast","26000","55-59 years","55-59","White","2106-3",1752,1397064,125.4,119.6,131.4,3.0
,"Texas","48","2020","2020","Breast","26000","60-64 years ","60-64","Asian or Pacific Islander","A-PI",70,75081,93.2,72.7,117.8,11.1
,"Texas","48","2020","2020","Breast","26000","60-64 years ","60-64","Black or African American","2054-5",340,200341,169.7,152.1,188.7,9.2
,"Texas","48","2020","2020","Breast","26000","60-64 years ","60-64","White","2106-3",1943,1296712,149.8,143.3,156.7,3.4
,"Texas","48","2020","2020","Breast","26000","65-69 years","65-69","Asian or Pacific Islander","A-PI",95,62441,152.1,123.1,186.0,15.6
,"Texas","48","2020","2020","Breast","26000","65-69 years","65-69","Black or African American","2054-5",335,150162,223.1,199.8,248.3,12.2
,"Texas","48","2020","2020","Breast","26000","65-69 years","65-69","White","2106-3",2223,1080418,205.8,197.3,214.5,4.4
,"Texas","48","2020","2020","Breast","26000","65-69 years","65-69","Other Races and Unknown combined","2131-1",19,Not Applicable,Not Applicable,Not Applicable,Not Applicable,Not Applicable
,"Texas","48","2020","2020","Breast","26000","70-74 years","70-74","Asian or Pacific Islander","A-PI",45,47824,94.1,68.6,125.9,14.0
,"Texas","48","2020","2020","Breast","26000","70-74 years","70-74","Black or African American","2054-5",226,102837,219.8,192.0,250.4,14.6
,"Texas","48","2020","2020","Breast","26000","70-74 years","70-74","White","2106-3",2001,862382,232.0,222.0,242.4,5.2
,"Texas","48","2020","2020","Breast","26000","75-79 years","75-79","Asian or Pacific Islander","A-PI",36,28888,124.6,87.3,172.5,20.8
,"Texas","48","2020","2020","Breast","26000","75-79 years","75-79","Black or African American","2054-5",133,59125,224.9,188.3,266.6,19.5
,"Texas","48","2020","2020","Breast","26000","75-79 years","75-79","White","2106-3",1313,568403,231.0,218.7,243.8,6.4
,"Texas","48","2020","2020","Breast","26000","80-84 years","80-84","Asian or Pacific Islander","A-PI",21,16683,125.9,77.9,192.4,27.5
,"Texas","48","2020","2020","Breast","26000","80-84 years","80-84","Black or African American","2054-5",84,34596,242.8,193.7,300.6,26.5
,"Texas","48","2020","2020","Breast","26000","80-84 years","80-84","White","2106-3",814,356196,228.5,213.1,244.8,8.0
,"Texas","48","2020","2020","Breast","26000","85+ years","85+","Black or African American","2054-5",73,30641,238.2,186.7,299.6,27.9
,"Texas","48","2020","2020","Breast","26000","85+ years","85+","White","2106-3",690,330378,208.9,193.6,225.0,8.0
,"Texas","48","2020","2020","Kidney and Renal Pelvis","29020","1-4 years","1-4","White","2106-3",22,1214840,1.8,1.1,2.7,0.4
,"Texas","48","2020","2020","Kidney and Renal Pelvis","29020","25-29 years","25-29","White","2106-3",21,1621379,1.3,0.8,2.0,0.3
,"Texas","48","2020","2020","Kidney and Renal Pelvis","29020","30-34 years","30-34","White","2106-3",63,1629297,3.9,3.0,4.9,0.5
,"Texas","48","2020","2020","Kidney and Renal Pelvis","29020","35-39 years","35-39","Black or African American","2054-5",17,296227,5.7,3.3,9.2,1.4
,"Texas","48","2020","2020","Kidney and Renal Pelvis","29020","35-39 years","35-39","White","2106-3",126,1625585,7.8,6.5,9.2,0.7
,"Texas","48","2020","2020","Kidney and Renal Pelvis","29020","40-44 years","40-44","Black or African American","2054-5",33,270842,12.2,8.4,17.1,2.1
,"Texas","48","2020","2020","Kidney and Renal Pelvis","29020","40-44 years","40-44","White","2106-3",195,1499694,13.0,11.2,15.0,0.9
,"Texas","48","2020","2020","Kidney and Renal Pelvis","29020","45-49 years","45-49","Black or African American","2054-5",57,251482,22.7,17.2,29.4,3.0
,"Texas","48","2020","2020","Kidney and Renal Pelvis","29020","45-49 years","45-49","White","2106-3",339,1451870,23.3,20.9,26.0,1.3
,"Texas","48","2020","2020","Kidney and Renal Pelvis","29020","50-54 years","50-54","Black or African American","2054-5",65,231147,28.1,21.7,35.8,3.5
,"Texas","48","2020","2020","Kidney and Renal Pelvis","29020","50-54 years","50-54","White","2106-3",462,1381761,33.4,30.5,36.6,1.6
,"Texas","48","2020","2020","Kidney and Renal Pelvis","29020","55-59 years","55-59","Black or African American","2054-5",106,226526,46.8,38.3,56.6,4.5
,"Texas","48","2020","2020","Kidney and Renal Pelvis","29020","55-59 years","55-59","White","2106-3",623,1397064,44.6,41.2,48.2,1.8
,"Texas","48","2020","2020","Kidney and Renal Pelvis","29020","60-64 years ","60-64","Asian or Pacific Islander","A-PI",16,75081,21.3,12.2,34.6,5.3
,"Texas","48","2020","2020","Kidney and Renal Pelvis","29020","60-64 years ","60-64","Black or African American","2054-5",94,200341,46.9,37.9,57.4,4.8
,"Texas","48","2020","2020","Kidney and Renal Pelvis","29020","60-64 years ","60-64","White","2106-3",673,1296712,51.9,48.1,56.0,2.0
,"Texas","48","2020","2020","Kidney and Renal Pelvis","29020","65-69 years","65-69","Black or African American","2054-5",114,150162,75.9,62.6,91.2,7.1
,"Texas","48","2020","2020","Kidney and Renal Pelvis","29020","65-69 years","65-69","White","2106-3",769,1080418,71.2,66.2,76.4,2.6
,"Texas","48","2020","2020","Kidney and Renal Pelvis","29020","70-74 years","70-74","Black or African American","2054-5",102,102837,99.2,80.9,120.4,9.8
,"Texas","48","2020","2020","Kidney and Renal Pelvis","29020","70-74 years","70-74","White","2106-3",721,862382,83.6,77.6,89.9,3.1
,"Texas","48","2020","2020","Kidney and Renal Pelvis","29020","75-79 years","75-79","Asian or Pacific Islander","A-PI",17,28888,58.8,34.3,94.2,14.3
,"Texas","48","2020","2020","Kidney and Renal Pelvis","29020","75-79 years","75-79","Black or African American","2054-5",61,59125,103.2,78.9,132.5,13.2
,"Texas","48","2020","2020","Kidney and Renal Pelvis","29020","75-79 years","75-79","White","2106-3",560,568403,98.5,90.5,107.0,4.2
,"Texas","48","2020","2020","Kidney and Renal Pelvis","29020","80-84 years","80-84","Black or African American","2054-5",34,34596,98.3,68.1,137.3,16.9
,"Texas","48","2020","2020","Kidney and Renal Pelvis","29020","80-84 years","80-84","White","2106-3",341,356196,95.7,85.8,106.5,5.2
,"Texas","48","2020","2020","Kidney and Renal Pelvis","29020","85+ years","85+","Black or African American","2054-5",24,30641,78.3,50.2,116.5,16.0
,"Texas","48","2020","2020","Kidney and Renal Pelvis","29020","85+ years","85+","White","2106-3",265,330378,80.2,70.8,90.5,4.9
,"Texas","48","2020","2020","Liver","21071","40-44 years","40-44","White","2106-3",25,1499694,1.7,1.1,2.5,0.3
,"Texas","48","2020","2020","Liver","21071","45-49 years","45-49","White","2106-3",56,1451870,3.9,2.9,5.0,0.5
,"Texas","48","2020","2020","Liver","21071","50-54 years","50-54","Black or African American","2054-5",19,231147,8.2,4.9,12.8,1.9
,"Texas","48","2020","2020","Liver","21071","50-54 years","50-54","White","2106-3",173,1381761,12.5,10.7,14.5,1.0
,"Texas","48","2020","2020","Liver","21071","55-59 years","55-59","Black or African American","2054-5",47,226526,20.7,15.2,27.6,3.0
,"Texas","48","2020","2020","Liver","21071","55-59 years","55-59","White","2106-3",328,1397064,23.5,21.0,26.2,1.3
,"Texas","48","2020","2020","Liver","21071","60-64 years ","60-64","Asian or Pacific Islander","A-PI",24,75081,32.0,20.5,47.6,6.5
,"Texas","48","2020","2020","Liver","21071","60-64 years ","60-64","Black or African American","2054-5",127,200341,63.4,52.8,75.4,5.6
,"Texas","48","2020","2020","Liver","21071","60-64 years ","60-64","White","2106-3",557,1296712,43.0,39.5,46.7,1.8
,"Texas","48","2020","2020","Liver","21071","65-69 years","65-69","Asian or Pacific Islander","A-PI",28,62441,44.8,29.8,64.8,8.5
,"Texas","48","2020","2020","Liver","21071","65-69 years","65-69","Black or African American","2054-5",108,150162,71.9,59.0,86.8,6.9
,"Texas","48","2020","2020","Liver","21071","65-69 years","65-69","White","2106-3",566,1080418,52.4,48.2,56.9,2.2
,"Texas","48","2020","2020","Liver","21071","70-74 years","70-74","Asian or Pacific Islander","A-PI",23,47824,48.1,30.5,72.2,10.0
,"Texas","48","2020","2020","Liver","21071","70-74 years","70-74","Black or African American","2054-5",61,102837,59.3,45.4,76.2,7.6
,"Texas","48","2020","2020","Liver","21071","70-74 years","70-74","White","2106-3",384,862382,44.5,40.2,49.2,2.3
,"Texas","48","2020","2020","Liver","21071","75-79 years","75-79","White","2106-3",269,568403,47.3,41.8,53.3,2.9
,"Texas","48","2020","2020","Liver","21071","80-84 years","80-84","White","2106-3",171,356196,48.0,41.1,55.8,3.7
,"Texas","48","2020","2020","Liver","21071","85+ years","85+","White","2106-3",111,330378,33.6,27.6,40.5,3.2
,"Texas","48","2020","2020","Lung and Bronchus","22030","30-34 years","30-34","White","2106-3",19,1629297,1.2,0.7,1.8,0.3
,"Texas","48","2020","2020","Lung and Bronchus","22030","35-39 years","35-39","White","2106-3",31,1625585,1.9,1.3,2.7,0.3
,"Texas","48","2020","2020","Lung and Bronchus","22030","40-44 years","40-44","Black or African American","2054-5",16,270842,5.9,3.4,9.6,1.5
,"Texas","48","2020","2020","Lung and Bronchus","22030","40-44 years","40-44","White","2106-3",58,1499694,3.9,2.9,5.0,0.5
,"Texas","48","2020","2020","Lung and Bronchus","22030","45-49 years","45-49","Black or African American","2054-5",31,251482,12.3,8.4,17.5,2.2
,"Texas","48","2020","2020","Lung and Bronchus","22030","45-49 years","45-49","White","2106-3",124,1451870,8.5,7.1,10.2,0.8
,"Texas","48","2020","2020","Lung and Bronchus","22030","50-54 years","50-54","Black or African American","2054-5",54,231147,23.4,17.6,30.5,3.2
,"Texas","48","2020","2020","Lung and Bronchus","22030","50-54 years","50-54","White","2106-3",317,1381761,22.9,20.5,25.6,1.3
,"Texas","48","2020","2020","Lung and Bronchus","22030","55-59 years","55-59","Asian or Pacific Islander","A-PI",23,88150,26.1,16.5,39.2,5.4
,"Texas","48","2020","2020","Lung and Bronchus","22030","55-59 years","55-59","Black or African American","2054-5",159,226526,70.2,59.7,82.0,5.6
,"Texas","48","2020","2020","Lung and Bronchus","22030","55-59 years","55-59","White","2106-3",846,1397064,60.6,56.5,64.8,2.1
,"Texas","48","2020","2020","Lung and Bronchus","22030","60-64 years ","60-64","Asian or Pacific Islander","A-PI",48,75081,63.9,47.1,84.8,9.2
,"Texas","48","2020","2020","Lung and Bronchus","22030","60-64 years ","60-64","Black or African American","2054-5",278,200341,138.8,122.9,156.1,8.3
,"Texas","48","2020","2020","Lung and Bronchus","22030","60-64 years ","60-64","White","2106-3",1564,1296712,120.6,114.7,126.7,3.0
,"Texas","48","2020","2020","Lung and Bronchus","22030","65-69 years","65-69","Asian or Pacific Islander","A-PI",55,62441,88.1,66.4,114.7,11.9
,"Texas","48","2020","2020","Lung and Bronchus","22030","65-69 years","65-69","Black or African American","2054-5",359,150162,239.1,215.0,265.1,12.6
,"Texas","48","2020","2020","Lung and Bronchus","22030","65-69 years","65-69","White","2106-3",1859,1080418,172.1,164.3,180.1,4.0
,"Texas","48","2020","2020","Lung and Bronchus","22030","70-74 years","70-74","Asian or Pacific Islander","A-PI",68,47824,142.2,110.4,180.3,17.2
,"Texas","48","2020","2020","Lung and Bronchus","22030","70-74 years","70-74","Black or African American","2054-5",278,102837,270.3,239.5,304.0,16.2
,"Texas","48","2020","2020","Lung and Bronchus","22030","70-74 years","70-74","White","2106-3",2033,862382,235.7,225.6,246.2,5.2
,"Texas","48","2020","2020","Lung and Bronchus","22030","75-79 years","75-79","Asian or Pacific Islander","A-PI",50,28888,173.1,128.5,228.2,24.5
,"Texas","48","2020","2020","Lung and Bronchus","22030","75-79 years","75-79","Black or African American","2054-5",246,59125,416.1,365.7,471.4,26.5
,"Texas","48","2020","2020","Lung and Bronchus","22030","75-79 years","75-79","White","2106-3",1878,568403,330.4,315.6,345.7,7.6
,"Texas","48","2020","2020","Lung and Bronchus","22030","80-84 years","80-84","Asian or Pacific Islander","A-PI",45,16683,269.7,196.7,360.9,40.2
,"Texas","48","2020","2020","Lung and Bronchus","22030","80-84 years","80-84","Black or African American","2054-5",119,34596,344.0,285.0,411.6,31.5
,"Texas","48","2020","2020","Lung and Bronchus","22030","80-84 years","80-84","White","2106-3",1236,356196,347.0,327.9,366.9,9.9
,"Texas","48","2020","2020","Lung and Bronchus","22030","85+ years","85+","Asian or Pacific Islander","A-PI",23,12884,178.5,113.2,267.9,37.2
,"Texas","48","2020","2020","Lung and Bronchus","22030","85+ years","85+","Black or African American","2054-5",89,30641,290.5,233.3,357.4,30.8
,"Texas","48","2020","2020","Lung and Bronchus","22030","85+ years","85+","White","2106-3",980,330378,296.6,278.3,315.8,9.5
,"Texas","48","2020","2020","Prostate","28010","40-44 years","40-44","White","2106-3",30,764955,3.9,2.6,5.6,0.7
,"Texas","48","2020","2020","Prostate","28010","45-49 years","45-49","Black or African American","2054-5",80,121118,66.1,52.4,82.2,7.4
,"Texas","48","2020","2020","Prostate","28010","45-49 years","45-49","White","2106-3",127,734108,17.3,14.4,20.6,1.5
,"Texas","48","2020","2020","Prostate","28010","50-54 years","50-54","Black or African American","2054-5",188,111425,168.7,145.5,194.6,12.3
,"Texas","48","2020","2020","Prostate","28010","50-54 years","50-54","White","2106-3",487,698869,69.7,63.6,76.2,3.2
,"Texas","48","2020","2020","Prostate","28010","50-54 years","50-54","Other Races and Unknown combined","2131-1",19,Not Applicable,Not Applicable,Not Applicable,Not Applicable,Not Applicable
,"Texas","48","2020","2020","Prostate","28010","55-59 years","55-59","Asian or Pacific Islander","A-PI",32,43247,74.0,50.6,104.5,13.1
,"Texas","48","2020","2020","Prostate","28010","55-59 years","55-59","Black or African American","2054-5",431,106946,403.0,365.9,442.9,19.4
,"Texas","48","2020","2020","Prostate","28010","55-59 years","55-59","White","2106-3",1171,698176,167.7,158.3,177.6,4.9
,"Texas","48","2020","2020","Prostate","28010","55-59 years","55-59","Other Races and Unknown combined","2131-1",36,Not Applicable,Not Applicable,Not Applicable,Not Applicable,Not Applicable
,"Texas","48","2020","2020","Prostate","28010","60-64 years ","60-64","Asian or Pacific Islander","A-PI",46,35027,131.3,96.1,175.2,19.4
,"Texas","48","2020","2020","Prostate","28010","60-64 years ","60-64","Black or African American","2054-5",531,93731,566.5,519.3,616.8,24.6
,"Texas","48","2020","2020","Prostate","28010","60-64 years ","60-64","White","2106-3",1941,639480,303.5,290.2,317.3,6.9
,"Texas","48","2020","2020","Prostate","28010","60-64 years ","60-64","Other Races and Unknown combined","2131-1",52,Not Applicable,Not Applicable,Not Applicable,Not Applicable,Not Applicable
,"Texas","48","2020","2020","Prostate","28010","65-69 years","65-69","Asian or Pacific Islander","A-PI",74,27976,264.5,207.7,332.1,30.7
,"Texas","48","2020","2020","Prostate","28010","65-69 years","65-69","Black or African American","2054-5",587,66618,881.1,811.3,955.4,36.4
,"Texas","48","2020","2020","Prostate","28010","65-69 years","65-69","White","2106-3",2718,518282,524.4,504.9,544.5,10.1
,"Texas","48","2020","2020","Prostate","28010","65-69 years","65-69","Other Races and Unknown combined","2131-1",69,Not Applicable,Not Applicable,Not Applicable,Not Applicable,Not Applicable
,"Texas","48","2020","2020","Prostate","28010","70-74 years","70-74","Asian or Pacific Islander","A-PI",70,21584,324.3,252.8,409.8,38.8
,"Texas","48","2020","2020","Prostate","28010","70-74 years","70-74","Black or African American","2054-5",384,44104,870.7,785.8,962.3,44.4
,"Texas","48","2020","2020","Prostate","28010","70-74 years","70-74","White","2106-3",2344,406577,576.5,553.4,600.3,11.9
,"Texas","48","2020","2020","Prostate","28010","70-74 years","70-74","Other Races and Unknown combined","2131-1",50,Not Applicable,Not Applicable,Not Applicable,Not Applicable,Not Applicable
,"Texas","48","2020","2020","Prostate","28010","75-79 years","75-79","Asian or Pacific Islander","A-PI",65,13360,486.5,375.5,620.1,60.3
,"Texas","48","2020","2020","Prostate","28010","75-79 years","75-79","Black or African American","2054-5",157,23727,661.7,562.2,773.7,52.8
,"Texas","48","2020","2020","Prostate","28010","75-79 years","75-79","White","2106-3",1467,258549,567.4,538.7,597.2,14.8
,"Texas","48","2020","2020","Prostate","28010","75-79 years","75-79","Other Races and Unknown combined","2131-1",27,Not Applicable,Not Applicable,Not Applicable,Not Applicable,Not Applicable
,"Texas","48","2020","2020","Prostate","28010","80-84 years","80-84","Asian or Pacific Islander","A-PI",21,7693,273.0,169.0,417.3,59.6
,"Texas","48","2020","2020","Prostate","28010","80-84 years","80-84","Black or African American","2054-5",92,12996,707.9,570.7,868.2,73.8
,"Texas","48","2020","2020","Prostate","28010","80-84 years","80-84","White","2106-3",713,152870,466.4,432.8,501.9,17.5
,"Texas","48","2020","2020","Prostate","28010","85+ years","85+","Black or African American","2054-5",55,9522,577.6,435.1,751.8,77.9
,"Texas","48","2020","2020","Prostate","28010","85+ years","85+","White","2106-3",594,121206,490.1,451.5,531.1,20.1
,"Texas","48","2020","2020","Urinary Bladder, invasive and in situ","29010","40-44 years","40-44","White","2106-3",31,1499694,2.1,1.4,2.9,0.4
,"Texas","48","2020","2020","Urinary Bladder, invasive and in situ","29010","45-49 years","45-49","White","2106-3",58,1451870,4.0,3.0,5.2,0.5
,"Texas","48","2020","2020","Urinary Bladder, invasive and in situ","29010","50-54 years","50-54","Black or African American","2054-5",17,231147,7.4,4.3,11.8,1.8
,"Texas","48","2020","2020","Urinary Bladder, invasive and in situ","29010","50-54 years","50-54","White","2106-3",125,1381761,9.0,7.5,10.8,0.8
,"Texas","48","2020","2020","Urinary Bladder, invasive and in situ","29010","55-59 years","55-59","Black or African American","2054-5",30,226526,13.2,8.9,18.9,2.4
,"Texas","48","2020","2020","Urinary Bladder, invasive and in situ","29010","55-59 years","55-59","White","2106-3",255,1397064,18.3,16.1,20.6,1.1
,"Texas","48","2020","2020","Urinary Bladder, invasive and in situ","29010","60-64 years ","60-64","Black or African American","2054-5",47,200341,23.5,17.2,31.2,3.4
,"Texas","48","2020","2020","Urinary Bladder, invasive and in situ","29010","60-64 years ","60-64","White","2106-3",405,1296712,31.2,28.3,34.4,1.6
,"Texas","48","2020","2020","Urinary Bladder, invasive and in situ","29010","65-69 years","65-69","Asian or Pacific Islander","A-PI",19,62441,30.4,18.3,47.5,7.0
,"Texas","48","2020","2020","Urinary Bladder, invasive and in situ","29010","65-69 years","65-69","Black or African American","2054-5",59,150162,39.3,29.9,50.7,5.1
,"Texas","48","2020","2020","Urinary Bladder, invasive and in situ","29010","65-69 years","65-69","White","2106-3",608,1080418,56.3,51.9,60.9,2.3
,"Texas","48","2020","2020","Urinary Bladder, invasive and in situ","29010","70-74 years","70-74","Asian or Pacific Islander","A-PI",17,47824,35.5,20.7,56.9,8.6
,"Texas","48","2020","2020","Urinary Bladder, invasive and in situ","29010","70-74 years","70-74","Black or African American","2054-5",62,102837,60.3,46.2,77.3,7.7
,"Texas","48","2020","2020","Urinary Bladder, invasive and in situ","29010","70-74 years","70-74","White","2106-3",730,862382,84.6,78.6,91.0,3.1
,"Texas","48","2020","2020","Urinary Bladder, invasive and in situ","29010","75-79 years","75-79","Black or African American","2054-5",50,59125,84.6,62.8,111.5,12.0
,"Texas","48","2020","2020","Urinary Bladder, invasive and in situ","29010","75-79 years","75-79","White","2106-3",681,568403,119.8,111.0,129.2,4.6
,"Texas","48","2020","2020","Urinary Bladder, invasive and in situ","29010","80-84 years","80-84","Black or African American","2054-5",30,34596,86.7,58.5,123.8,15.8
,"Texas","48","2020","2020","Urinary Bladder, invasive and in situ","29010","80-84 years","80-84","White","2106-3",510,356196,143.2,131.0,156.2,6.3
,"Texas","48","2020","2020","Urinary Bladder, invasive and in situ","29010","85+ years","85+","Black or African American","2054-5",25,30641,81.6,52.8,120.4,16.3
,"Texas","48","2020","2020","Urinary Bladder, invasive and in situ","29010","85+ years","85+","White","2106-3",519,330378,157.1,143.9,171.2,6.9
,"Utah","49","2020","2020","Breast","26000","30-34 years","30-34","White","2106-3",37,203409,18.2,12.8,25.1,3.0
,"Utah","49","2020","2020","Breast","26000","35-39 years","35-39","White","2106-3",55,213465,25.8,19.4,33.5,3.5
,"Utah","49","2020","2020","Breast","26000","40-44 years","40-44","White","2106-3",115,208599,55.1,45.5,66.2,5.1
,"Utah","49","2020","2020","Breast","26000","45-49 years","45-49","White","2106-3",160,170735,93.7,79.8,109.4,7.4
,"Utah","49","2020","2020","Breast","26000","50-54 years","50-54","White","2106-3",167,147598,113.1,96.6,131.7,8.8
,"Utah","49","2020","2020","Breast","26000","55-59 years","55-59","White","2106-3",162,146262,110.8,94.4,129.2,8.7
,"Utah","49","2020","2020","Breast","26000","60-64 years ","60-64","White","2106-3",197,142571,138.2,119.6,158.9,9.8
,"Utah","49","2020","2020","Breast","26000","65-69 years","65-69","White","2106-3",267,123072,216.9,191.7,244.6,13.3
,"Utah","49","2020","2020","Breast","26000","70-74 years","70-74","White","2106-3",206,95554,215.6,187.1,247.1,15.0
,"Utah","49","2020","2020","Breast","26000","75-79 years","75-79","White","2106-3",139,63519,218.8,184.0,258.4,18.6
,"Utah","49","2020","2020","Breast","26000","80-84 years","80-84","White","2106-3",84,39618,212.0,169.1,262.5,23.1
,"Utah","49","2020","2020","Breast","26000","85+ years","85+","White","2106-3",72,34503,208.7,163.3,262.8,24.6
,"Utah","49","2020","2020","Kidney and Renal Pelvis","29020","40-44 years","40-44","White","2106-3",20,208599,9.6,5.9,14.8,2.1
,"Utah","49","2020","2020","Kidney and Renal Pelvis","29020","45-49 years","45-49","White","2106-3",30,170735,17.6,11.9,25.1,3.2
,"Utah","49","2020","2020","Kidney and Renal Pelvis","29020","50-54 years","50-54","White","2106-3",40,147598,27.1,19.4,36.9,4.3
,"Utah","49","2020","2020","Kidney and Renal Pelvis","29020","55-59 years","55-59","White","2106-3",36,146262,24.6,17.2,34.1,4.1
,"Utah","49","2020","2020","Kidney and Renal Pelvis","29020","60-64 years ","60-64","White","2106-3",63,142571,44.2,34.0,56.5,5.6
,"Utah","49","2020","2020","Kidney and Renal Pelvis","29020","65-69 years","65-69","White","2106-3",59,123072,47.9,36.5,61.8,6.2
,"Utah","49","2020","2020","Kidney and Renal Pelvis","29020","70-74 years","70-74","White","2106-3",51,95554,53.4,39.7,70.2,7.5
,"Utah","49","2020","2020","Kidney and Renal Pelvis","29020","75-79 years","75-79","White","2106-3",43,63519,67.7,49.0,91.2,10.3
,"Utah","49","2020","2020","Kidney and Renal Pelvis","29020","80-84 years","80-84","White","2106-3",19,39618,48.0,28.9,74.9,11.0
,"Utah","49","2020","2020","Kidney and Renal Pelvis","29020","85+ years","85+","White","2106-3",17,34503,49.3,28.7,78.9,11.9
,"Utah","49","2020","2020","Liver","21071","60-64 years ","60-64","White","2106-3",29,142571,20.3,13.6,29.2,3.8
,"Utah","49","2020","2020","Liver","21071","65-69 years","65-69","White","2106-3",28,123072,22.8,15.1,32.9,4.3
,"Utah","49","2020","2020","Liver","21071","70-74 years","70-74","White","2106-3",18,95554,18.8,11.2,29.8,4.4
,"Utah","49","2020","2020","Lung and Bronchus","22030","50-54 years","50-54","White","2106-3",20,147598,13.6,8.3,20.9,3.0
,"Utah","49","2020","2020","Lung and Bronchus","22030","55-59 years","55-59","White","2106-3",54,146262,36.9,27.7,48.2,5.0
,"Utah","49","2020","2020","Lung and Bronchus","22030","60-64 years ","60-64","White","2106-3",83,142571,58.2,46.4,72.2,6.4
,"Utah","49","2020","2020","Lung and Bronchus","22030","65-69 years","65-69","White","2106-3",90,123072,73.1,58.8,89.9,7.7
,"Utah","49","2020","2020","Lung and Bronchus","22030","70-74 years","70-74","White","2106-3",104,95554,108.8,88.9,131.9,10.7
,"Utah","49","2020","2020","Lung and Bronchus","22030","75-79 years","75-79","White","2106-3",92,63519,144.8,116.8,177.6,15.1
,"Utah","49","2020","2020","Lung and Bronchus","22030","80-84 years","80-84","White","2106-3",57,39618,143.9,109.0,186.4,19.1
,"Utah","49","2020","2020","Lung and Bronchus","22030","85+ years","85+","White","2106-3",50,34503,144.9,107.6,191.1,20.5
,"Utah","49","2020","2020","Prostate","28010","45-49 years","45-49","White","2106-3",21,88001,23.9,14.8,36.5,5.2
,"Utah","49","2020","2020","Prostate","28010","50-54 years","50-54","White","2106-3",61,75756,80.5,61.6,103.4,10.3
,"Utah","49","2020","2020","Prostate","28010","55-59 years","55-59","White","2106-3",154,73368,209.9,178.1,245.8,16.9
,"Utah","49","2020","2020","Prostate","28010","60-64 years ","60-64","White","2106-3",281,70504,398.6,353.3,448.0,23.8
,"Utah","49","2020","2020","Prostate","28010","65-69 years","65-69","White","2106-3",412,60262,683.7,619.3,753.0,33.7
,"Utah","49","2020","2020","Prostate","28010","65-69 years","65-69","Other Races and Unknown combined","2131-1",16,Not Applicable,Not Applicable,Not Applicable,Not Applicable,Not Applicable
,"Utah","49","2020","2020","Prostate","28010","70-74 years","70-74","White","2106-3",348,46025,756.1,678.7,839.9,40.5
,"Utah","49","2020","2020","Prostate","28010","75-79 years","75-79","White","2106-3",187,29620,631.3,544.1,728.6,46.2
,"Utah","49","2020","2020","Prostate","28010","80-84 years","80-84","White","2106-3",84,18063,465.0,370.9,575.7,50.7
,"Utah","49","2020","2020","Prostate","28010","85+ years","85+","White","2106-3",60,14252,421.0,321.3,541.9,54.4
,"Utah","49","2020","2020","Urinary Bladder, invasive and in situ","29010","55-59 years","55-59","White","2106-3",21,146262,14.4,8.9,21.9,3.1
,"Utah","49","2020","2020","Urinary Bladder, invasive and in situ","29010","60-64 years ","60-64","White","2106-3",44,142571,30.9,22.4,41.4,4.7
,"Utah","49","2020","2020","Urinary Bladder, invasive and in situ","29010","65-69 years","65-69","White","2106-3",69,123072,56.1,43.6,71.0,6.7
,"Utah","49","2020","2020","Urinary Bladder, invasive and in situ","29010","70-74 years","70-74","White","2106-3",76,95554,79.5,62.7,99.6,9.1
,"Utah","49","2020","2020","Urinary Bladder, invasive and in situ","29010","75-79 years","75-79","White","2106-3",79,63519,124.4,98.5,155.0,14.0
,"Utah","49","2020","2020","Urinary Bladder, invasive and in situ","29010","80-84 years","80-84","White","2106-3",58,39618,146.4,111.2,189.3,19.2
,"Utah","49","2020","2020","Urinary Bladder, invasive and in situ","29010","85+ years","85+","White","2106-3",57,34503,165.2,125.1,214.0,21.9
,"Vermont","50","2020","2020","Breast","26000","40-44 years","40-44","White","2106-3",18,34957,51.5,30.5,81.4,12.1
,"Vermont","50","2020","2020","Breast","26000","45-49 years","45-49","White","2106-3",40,35729,112.0,80.0,152.4,17.7
,"Vermont","50","2020","2020","Breast","26000","50-54 years","50-54","White","2106-3",60,40321,148.8,113.6,191.5,19.2
,"Vermont","50","2020","2020","Breast","26000","55-59 years","55-59","White","2106-3",69,46992,146.8,114.2,185.8,17.7
,"Vermont","50","2020","2020","Breast","26000","60-64 years ","60-64","White","2106-3",70,48406,144.6,112.7,182.7,17.3
,"Vermont","50","2020","2020","Breast","26000","65-69 years","65-69","White","2106-3",87,43457,200.2,160.4,246.9,21.5
,"Vermont","50","2020","2020","Breast","26000","70-74 years","70-74","White","2106-3",84,34941,240.4,191.8,297.6,26.2
,"Vermont","50","2020","2020","Breast","26000","75-79 years","75-79","White","2106-3",52,22467,231.5,172.9,303.5,32.1
,"Vermont","50","2020","2020","Breast","26000","80-84 years","80-84","White","2106-3",24,13330,180.0,115.4,267.9,36.8
,"Vermont","50","2020","2020","Breast","26000","85+ years","85+","White","2106-3",19,13257,143.3,86.3,223.8,32.9
,"Vermont","50","2020","2020","Kidney and Renal Pelvis","29020","60-64 years ","60-64","White","2106-3",16,48406,33.1,18.9,53.7,8.3
,"Vermont","50","2020","2020","Kidney and Renal Pelvis","29020","65-69 years","65-69","White","2106-3",23,43457,52.9,33.6,79.4,11.0
,"Vermont","50","2020","2020","Kidney and Renal Pelvis","29020","75-79 years","75-79","White","2106-3",17,22467,75.7,44.1,121.1,18.4
,"Vermont","50","2020","2020","Lung and Bronchus","22030","50-54 years","50-54","White","2106-3",17,40321,42.2,24.6,67.5,10.2
,"Vermont","50","2020","2020","Lung and Bronchus","22030","55-59 years","55-59","White","2106-3",32,46992,68.1,46.6,96.1,12.0
,"Vermont","50","2020","2020","Lung and Bronchus","22030","60-64 years ","60-64","White","2106-3",75,48406,154.9,121.9,194.2,17.9
,"Vermont","50","2020","2020","Lung and Bronchus","22030","65-69 years","65-69","White","2106-3",85,43457,195.6,156.2,241.9,21.2
,"Vermont","50","2020","2020","Lung and Bronchus","22030","70-74 years","70-74","White","2106-3",95,34941,271.9,220.0,332.4,27.9
,"Vermont","50","2020","2020","Lung and Bronchus","22030","75-79 years","75-79","White","2106-3",73,22467,324.9,254.7,408.5,38.0
,"Vermont","50","2020","2020","Lung and Bronchus","22030","80-84 years","80-84","White","2106-3",30,13330,225.1,151.8,321.3,41.1
,"Vermont","50","2020","2020","Lung and Bronchus","22030","85+ years","85+","White","2106-3",34,13257,256.5,177.6,358.4,44.0
,"Vermont","50","2020","2020","Prostate","28010","55-59 years","55-59","White","2106-3",47,23083,203.6,149.6,270.8,29.7
,"Vermont","50","2020","2020","Prostate","28010","60-64 years ","60-64","White","2106-3",87,23856,364.7,292.1,449.8,39.1
,"Vermont","50","2020","2020","Prostate","28010","65-69 years","65-69","White","2106-3",100,21299,469.5,382.0,571.0,47.0
,"Vermont","50","2020","2020","Prostate","28010","70-74 years","70-74","White","2106-3",110,17071,644.4,529.6,776.6,61.4
,"Vermont","50","2020","2020","Prostate","28010","75-79 years","75-79","White","2106-3",62,10611,584.3,448.0,749.0,74.2
,"Vermont","50","2020","2020","Prostate","28010","80-84 years","80-84","White","2106-3",39,5907,660.2,469.5,902.6,105.7
,"Vermont","50","2020","2020","Prostate","28010","85+ years","85+","White","2106-3",27,4698,574.7,378.7,836.2,110.6
,"Vermont","50","2020","2020","Urinary Bladder, invasive and in situ","29010","60-64 years ","60-64","White","2106-3",21,48406,43.4,26.9,66.3,9.5
,"Vermont","50","2020","2020","Urinary Bladder, invasive and in situ","29010","65-69 years","65-69","White","2106-3",27,43457,62.1,40.9,90.4,12.0
,"Vermont","50","2020","2020","Urinary Bladder, invasive and in situ","29010","70-74 years","70-74","White","2106-3",45,34941,128.8,93.9,172.3,19.2
,"Vermont","50","2020","2020","Urinary Bladder, invasive and in situ","29010","75-79 years","75-79","White","2106-3",38,22467,169.1,119.7,232.2,27.4
,"Vermont","50","2020","2020","Urinary Bladder, invasive and in situ","29010","80-84 years","80-84","White","2106-3",21,13330,157.5,97.5,240.8,34.4
,"Vermont","50","2020","2020","Urinary Bladder, invasive and in situ","29010","85+ years","85+","White","2106-3",23,13257,173.5,110.0,260.3,36.2
,"Virginia","51","2020","2020","Breast","26000","25-29 years","25-29","White","2106-3",21,395532,5.3,3.3,8.1,1.2
,"Virginia","51","2020","2020","Breast","26000","30-34 years","30-34","Black or African American","2054-5",20,132185,15.1,9.2,23.4,3.4
,"Virginia","51","2020","2020","Breast","26000","30-34 years","30-34","White","2106-3",48,405312,11.8,8.7,15.7,1.7
,"Virginia","51","2020","2020","Breast","26000","35-39 years","35-39","Black or African American","2054-5",42,123374,34.0,24.5,46.0,5.3
,"Virginia","51","2020","2020","Breast","26000","35-39 years","35-39","White","2106-3",119,410026,29.0,24.0,34.7,2.7
,"Virginia","51","2020","2020","Breast","26000","40-44 years","40-44","Asian or Pacific Islander","A-PI",33,55089,59.9,41.2,84.1,10.4
,"Virginia","51","2020","2020","Breast","26000","40-44 years","40-44","Black or African American","2054-5",86,112898,76.2,60.9,94.1,8.2
,"Virginia","51","2020","2020","Breast","26000","40-44 years","40-44","White","2106-3",231,380264,60.7,53.2,69.1,4.0
,"Virginia","51","2020","2020","Breast","26000","40-44 years","40-44","Other Races and Unknown combined","2131-1",18,Not Applicable,Not Applicable,Not Applicable,Not Applicable,Not Applicable
,"Virginia","51","2020","2020","Breast","26000","45-49 years","45-49","Asian or Pacific Islander","A-PI",53,53396,99.3,74.4,129.8,13.6
,"Virginia","51","2020","2020","Breast","26000","45-49 years","45-49","Black or African American","2054-5",95,106746,89.0,72.0,108.8,9.1
,"Virginia","51","2020","2020","Breast","26000","45-49 years","45-49","White","2106-3",346,380365,91.0,81.6,101.1,4.9
,"Virginia","51","2020","2020","Breast","26000","45-49 years","45-49","Other Races and Unknown combined","2131-1",26,Not Applicable,Not Applicable,Not Applicable,Not Applicable,Not Applicable
,"Virginia","51","2020","2020","Breast","26000","50-54 years","50-54","Asian or Pacific Islander","A-PI",48,43747,109.7,80.9,145.5,15.8
,"Virginia","51","2020","2020","Breast","26000","50-54 years","50-54","Black or African American","2054-5",138,111608,123.6,103.9,146.1,10.5
,"Virginia","51","2020","2020","Breast","26000","50-54 years","50-54","White","2106-3",447,398693,112.1,102.0,123.0,5.3
,"Virginia","51","2020","2020","Breast","26000","50-54 years","50-54","Other Races and Unknown combined","2131-1",17,Not Applicable,Not Applicable,Not Applicable,Not Applicable,Not Applicable
,"Virginia","51","2020","2020","Breast","26000","55-59 years","55-59","Asian or Pacific Islander","A-PI",41,36778,111.5,80.0,151.2,17.4
,"Virginia","51","2020","2020","Breast","26000","55-59 years","55-59","Black or African American","2054-5",192,119292,160.9,139.0,185.4,11.6
,"Virginia","51","2020","2020","Breast","26000","55-59 years","55-59","White","2106-3",530,430051,123.2,113.0,134.2,5.4
,"Virginia","51","2020","2020","Breast","26000","55-59 years","55-59","Other Races and Unknown combined","2131-1",29,Not Applicable,Not Applicable,Not Applicable,Not Applicable,Not Applicable
,"Virginia","51","2020","2020","Breast","26000","60-64 years ","60-64","Asian or Pacific Islander","A-PI",37,31411,117.8,82.9,162.4,19.4
,"Virginia","51","2020","2020","Breast","26000","60-64 years ","60-64","Black or African American","2054-5",198,107509,184.2,159.4,211.7,13.1
,"Virginia","51","2020","2020","Breast","26000","60-64 years ","60-64","White","2106-3",617,399650,154.4,142.4,167.1,6.2
,"Virginia","51","2020","2020","Breast","26000","60-64 years ","60-64","Other Races and Unknown combined","2131-1",28,Not Applicable,Not Applicable,Not Applicable,Not Applicable,Not Applicable
,"Virginia","51","2020","2020","Breast","26000","65-69 years","65-69","Asian or Pacific Islander","A-PI",32,25659,124.7,85.3,176.1,22.0
,"Virginia","51","2020","2020","Breast","26000","65-69 years","65-69","Black or African American","2054-5",193,84040,229.7,198.4,264.4,16.5
,"Virginia","51","2020","2020","Breast","26000","65-69 years","65-69","White","2106-3",723,341621,211.6,196.5,227.6,7.9
,"Virginia","51","2020","2020","Breast","26000","65-69 years","65-69","Other Races and Unknown combined","2131-1",22,Not Applicable,Not Applicable,Not Applicable,Not Applicable,Not Applicable
,"Virginia","51","2020","2020","Breast","26000","70-74 years","70-74","Asian or Pacific Islander","A-PI",30,19960,150.3,101.4,214.6,27.4
,"Virginia","51","2020","2020","Breast","26000","70-74 years","70-74","Black or African American","2054-5",160,60360,265.1,225.6,309.5,21.0
,"Virginia","51","2020","2020","Breast","26000","70-74 years","70-74","White","2106-3",712,291149,244.5,226.9,263.2,9.2
,"Virginia","51","2020","2020","Breast","26000","70-74 years","70-74","Other Races and Unknown combined","2131-1",17,Not Applicable,Not Applicable,Not Applicable,Not Applicable,Not Applicable
,"Virginia","51","2020","2020","Breast","26000","75-79 years","75-79","Asian or Pacific Islander","A-PI",20,12864,155.5,95.0,240.1,34.8
,"Virginia","51","2020","2020","Breast","26000","75-79 years","75-79","Black or African American","2054-5",104,37184,279.7,228.5,338.9,27.4
,"Virginia","51","2020","2020","Breast","26000","75-79 years","75-79","White","2106-3",476,196793,241.9,220.6,264.6,11.1
,"Virginia","51","2020","2020","Breast","26000","80-84 years","80-84","Black or African American","2054-5",60,23124,259.5,198.0,334.0,33.5
,"Virginia","51","2020","2020","Breast","26000","80-84 years","80-84","White","2106-3",291,121227,240.0,213.3,269.3,14.1
,"Virginia","51","2020","2020","Breast","26000","85+ years","85+","Black or African American","2054-5",36,20890,172.3,120.7,238.6,28.7
,"Virginia","51","2020","2020","Breast","26000","85+ years","85+","White","2106-3",221,115856,190.8,166.4,217.6,12.8
,"Virginia","51","2020","2020","Kidney and Renal Pelvis","29020","35-39 years","35-39","White","2106-3",25,410026,6.1,3.9,9.0,1.2
,"Virginia","51","2020","2020","Kidney and Renal Pelvis","29020","40-44 years","40-44","Black or African American","2054-5",17,112898,15.1,8.8,24.1,3.7
,"Virginia","51","2020","2020","Kidney and Renal Pelvis","29020","40-44 years","40-44","White","2106-3",35,380264,9.2,6.4,12.8,1.6
,"Virginia","51","2020","2020","Kidney and Renal Pelvis","29020","45-49 years","45-49","Black or African American","2054-5",21,106746,19.7,12.2,30.1,4.3
,"Virginia","51","2020","2020","Kidney and Renal Pelvis","29020","45-49 years","45-49","White","2106-3",51,380365,13.4,10.0,17.6,1.9
,"Virginia","51","2020","2020","Kidney and Renal Pelvis","29020","50-54 years","50-54","Black or African American","2054-5",33,111608,29.6,20.4,41.5,5.1
,"Virginia","51","2020","2020","Kidney and Renal Pelvis","29020","50-54 years","50-54","White","2106-3",93,398693,23.3,18.8,28.6,2.4
,"Virginia","51","2020","2020","Kidney and Renal Pelvis","29020","55-59 years","55-59","Black or African American","2054-5",54,119292,45.3,34.0,59.1,6.2
,"Virginia","51","2020","2020","Kidney and Renal Pelvis","29020","55-59 years","55-59","White","2106-3",139,430051,32.3,27.2,38.2,2.7
,"Virginia","51","2020","2020","Kidney and Renal Pelvis","29020","60-64 years ","60-64","Black or African American","2054-5",52,107509,48.4,36.1,63.4,6.7
,"Virginia","51","2020","2020","Kidney and Renal Pelvis","29020","60-64 years ","60-64","White","2106-3",162,399650,40.5,34.5,47.3,3.2
,"Virginia","51","2020","2020","Kidney and Renal Pelvis","29020","65-69 years","65-69","Black or African American","2054-5",65,84040,77.3,59.7,98.6,9.6
,"Virginia","51","2020","2020","Kidney and Renal Pelvis","29020","65-69 years","65-69","White","2106-3",183,341621,53.6,46.1,61.9,4.0
,"Virginia","51","2020","2020","Kidney and Renal Pelvis","29020","70-74 years","70-74","Black or African American","2054-5",49,60360,81.2,60.1,107.3,11.6
,"Virginia","51","2020","2020","Kidney and Renal Pelvis","29020","70-74 years","70-74","White","2106-3",195,291149,67.0,57.9,77.1,4.8
,"Virginia","51","2020","2020","Kidney and Renal Pelvis","29020","75-79 years","75-79","Black or African American","2054-5",21,37184,56.5,35.0,86.3,12.3
,"Virginia","51","2020","2020","Kidney and Renal Pelvis","29020","75-79 years","75-79","White","2106-3",136,196793,69.1,58.0,81.7,5.9
,"Virginia","51","2020","2020","Kidney and Renal Pelvis","29020","80-84 years","80-84","White","2106-3",66,121227,54.4,42.1,69.3,6.7
,"Virginia","51","2020","2020","Kidney and Renal Pelvis","29020","85+ years","85+","White","2106-3",58,115856,50.1,38.0,64.7,6.6
,"Virginia","51","2020","2020","Liver","21071","55-59 years","55-59","White","2106-3",42,430051,9.8,7.0,13.2,1.5
,"Virginia","51","2020","2020","Liver","21071","60-64 years ","60-64","Black or African American","2054-5",32,107509,29.8,20.4,42.0,5.3
,"Virginia","51","2020","2020","Liver","21071","60-64 years ","60-64","White","2106-3",64,399650,16.0,12.3,20.4,2.0
,"Virginia","51","2020","2020","Liver","21071","65-69 years","65-69","Black or African American","2054-5",38,84040,45.2,32.0,62.1,7.3
,"Virginia","51","2020","2020","Liver","21071","65-69 years","65-69","White","2106-3",103,341621,30.2,24.6,36.6,3.0
,"Virginia","51","2020","2020","Liver","21071","70-74 years","70-74","Black or African American","2054-5",19,60360,31.5,19.0,49.2,7.2
,"Virginia","51","2020","2020","Liver","21071","70-74 years","70-74","White","2106-3",63,291149,21.6,16.6,27.7,2.7
,"Virginia","51","2020","2020","Liver","21071","75-79 years","75-79","White","2106-3",48,196793,24.4,18.0,32.3,3.5
,"Virginia","51","2020","2020","Liver","21071","80-84 years","80-84","White","2106-3",29,121227,23.9,16.0,34.4,4.4
,"Virginia","51","2020","2020","Liver","21071","85+ years","85+","White","2106-3",23,115856,19.9,12.6,29.8,4.1
,"Virginia","51","2020","2020","Lung and Bronchus","22030","40-44 years","40-44","White","2106-3",20,380264,5.3,3.2,8.1,1.2
,"Virginia","51","2020","2020","Lung and Bronchus","22030","45-49 years","45-49","Black or African American","2054-5",21,106746,19.7,12.2,30.1,4.3
,"Virginia","51","2020","2020","Lung and Bronchus","22030","45-49 years","45-49","White","2106-3",67,380365,17.6,13.7,22.4,2.2
,"Virginia","51","2020","2020","Lung and Bronchus","22030","50-54 years","50-54","Black or African American","2054-5",36,111608,32.3,22.6,44.7,5.4
,"Virginia","51","2020","2020","Lung and Bronchus","22030","50-54 years","50-54","White","2106-3",138,398693,34.6,29.1,40.9,2.9
,"Virginia","51","2020","2020","Lung and Bronchus","22030","55-59 years","55-59","Black or African American","2054-5",106,119292,88.9,72.7,107.5,8.6
,"Virginia","51","2020","2020","Lung and Bronchus","22030","55-59 years","55-59","White","2106-3",336,430051,78.1,70.0,86.9,4.3
,"Virginia","51","2020","2020","Lung and Bronchus","22030","60-64 years ","60-64","Black or African American","2054-5",189,107509,175.8,151.6,202.7,12.8
,"Virginia","51","2020","2020","Lung and Bronchus","22030","60-64 years ","60-64","White","2106-3",652,399650,163.1,150.9,176.2,6.4
,"Virginia","51","2020","2020","Lung and Bronchus","22030","65-69 years","65-69","Asian or Pacific Islander","A-PI",24,25659,93.5,59.9,139.2,19.1
,"Virginia","51","2020","2020","Lung and Bronchus","22030","65-69 years","65-69","Black or African American","2054-5",200,84040,238.0,206.1,273.3,16.8
,"Virginia","51","2020","2020","Lung and Bronchus","22030","65-69 years","65-69","White","2106-3",681,341621,199.3,184.7,214.9,7.6
,"Virginia","51","2020","2020","Lung and Bronchus","22030","70-74 years","70-74","Asian or Pacific Islander","A-PI",25,19960,125.3,81.1,184.9,25.1
,"Virginia","51","2020","2020","Lung and Bronchus","22030","70-74 years","70-74","Black or African American","2054-5",158,60360,261.8,222.5,305.9,20.8
,"Virginia","51","2020","2020","Lung and Bronchus","22030","70-74 years","70-74","White","2106-3",795,291149,273.1,254.4,292.7,9.7
,"Virginia","51","2020","2020","Lung and Bronchus","22030","75-79 years","75-79","Asian or Pacific Islander","A-PI",21,12864,163.2,101.1,249.5,35.6
,"Virginia","51","2020","2020","Lung and Bronchus","22030","75-79 years","75-79","Black or African American","2054-5",126,37184,338.9,282.3,403.5,30.2
,"Virginia","51","2020","2020","Lung and Bronchus","22030","75-79 years","75-79","White","2106-3",704,196793,357.7,331.8,385.2,13.5
,"Virginia","51","2020","2020","Lung and Bronchus","22030","80-84 years","80-84","Black or African American","2054-5",64,23124,276.8,213.1,353.4,34.6
,"Virginia","51","2020","2020","Lung and Bronchus","22030","80-84 years","80-84","White","2106-3",425,121227,350.6,318.0,385.6,17.0
,"Virginia","51","2020","2020","Lung and Bronchus","22030","85+ years","85+","Asian or Pacific Islander","A-PI",17,6149,276.5,161.1,442.6,67.1
,"Virginia","51","2020","2020","Lung and Bronchus","22030","85+ years","85+","Black or African American","2054-5",55,20890,263.3,198.3,342.7,35.5
,"Virginia","51","2020","2020","Lung and Bronchus","22030","85+ years","85+","White","2106-3",318,115856,274.5,245.1,306.4,15.4
,"Virginia","51","2020","2020","Prostate","28010","45-49 years","45-49","Black or African American","2054-5",34,51145,66.5,46.0,92.9,11.4
,"Virginia","51","2020","2020","Prostate","28010","45-49 years","45-49","White","2106-3",37,193325,19.1,13.5,26.4,3.1
,"Virginia","51","2020","2020","Prostate","28010","50-54 years","50-54","Black or African American","2054-5",146,52753,276.8,233.7,325.5,22.9
,"Virginia","51","2020","2020","Prostate","28010","50-54 years","50-54","White","2106-3",146,200918,72.7,61.4,85.5,6.0
,"Virginia","51","2020","2020","Prostate","28010","55-59 years","55-59","Black or African American","2054-5",235,55939,420.1,368.1,477.4,27.4
,"Virginia","51","2020","2020","Prostate","28010","55-59 years","55-59","White","2106-3",406,215118,188.7,170.8,208.0,9.4
,"Virginia","51","2020","2020","Prostate","28010","55-59 years","55-59","Other Races and Unknown combined","2131-1",17,Not Applicable,Not Applicable,Not Applicable,Not Applicable,Not Applicable
,"Virginia","51","2020","2020","Prostate","28010","60-64 years ","60-64","Asian or Pacific Islander","A-PI",22,14076,156.3,97.9,236.6,33.3
,"Virginia","51","2020","2020","Prostate","28010","60-64 years ","60-64","Black or African American","2054-5",325,49674,654.3,585.1,729.4,36.3
,"Virginia","51","2020","2020","Prostate","28010","60-64 years ","60-64","White","2106-3",596,196742,302.9,279.1,328.3,12.4
,"Virginia","51","2020","2020","Prostate","28010","60-64 years ","60-64","Other Races and Unknown combined","2131-1",38,Not Applicable,Not Applicable,Not Applicable,Not Applicable,Not Applicable
,"Virginia","51","2020","2020","Prostate","28010","65-69 years","65-69","Asian or Pacific Islander","A-PI",23,11102,207.2,131.3,310.9,43.2
,"Virginia","51","2020","2020","Prostate","28010","65-69 years","65-69","Black or African American","2054-5",311,37573,827.7,738.3,925.0,46.9
,"Virginia","51","2020","2020","Prostate","28010","65-69 years","65-69","White","2106-3",851,164809,516.4,482.2,552.2,17.7
,"Virginia","51","2020","2020","Prostate","28010","65-69 years","65-69","Other Races and Unknown combined","2131-1",30,Not Applicable,Not Applicable,Not Applicable,Not Applicable,Not Applicable
,"Virginia","51","2020","2020","Prostate","28010","70-74 years","70-74","Asian or Pacific Islander","A-PI",24,8679,276.5,177.2,411.5,56.4
,"Virginia","51","2020","2020","Prostate","28010","70-74 years","70-74","Black or African American","2054-5",242,26248,922.0,809.5,1045.8,59.3
,"Virginia","51","2020","2020","Prostate","28010","70-74 years","70-74","White","2106-3",778,137269,566.8,527.6,608.0,20.3
,"Virginia","51","2020","2020","Prostate","28010","70-74 years","70-74","Other Races and Unknown combined","2131-1",33,Not Applicable,Not Applicable,Not Applicable,Not Applicable,Not Applicable
,"Virginia","51","2020","2020","Prostate","28010","75-79 years","75-79","Asian or Pacific Islander","A-PI",20,5568,359.2,219.4,554.7,80.3
,"Virginia","51","2020","2020","Prostate","28010","75-79 years","75-79","Black or African American","2054-5",107,15103,708.5,580.6,856.1,68.5
,"Virginia","51","2020","2020","Prostate","28010","75-79 years","75-79","White","2106-3",378,90018,419.9,378.6,464.5,21.6
,"Virginia","51","2020","2020","Prostate","28010","80-84 years","80-84","Black or African American","2054-5",30,8655,346.6,233.9,494.8,63.3
,"Virginia","51","2020","2020","Prostate","28010","80-84 years","80-84","White","2106-3",199,52588,378.4,327.7,434.8,26.8
,"Virginia","51","2020","2020","Prostate","28010","85+ years","85+","Black or African American","2054-5",28,6253,447.8,297.5,647.2,84.6
,"Virginia","51","2020","2020","Prostate","28010","85+ years","85+","White","2106-3",151,41851,360.8,305.6,423.2,29.4
,"Virginia","51","2020","2020","Urinary Bladder, invasive and in situ","29010","45-49 years","45-49","White","2106-3",18,380365,4.7,2.8,7.5,1.1
,"Virginia","51","2020","2020","Urinary Bladder, invasive and in situ","29010","50-54 years","50-54","White","2106-3",44,398693,11.0,8.0,14.8,1.7
,"Virginia","51","2020","2020","Urinary Bladder, invasive and in situ","29010","55-59 years","55-59","Black or African American","2054-5",17,119292,14.3,8.3,22.8,3.5
,"Virginia","51","2020","2020","Urinary Bladder, invasive and in situ","29010","55-59 years","55-59","White","2106-3",94,430051,21.9,17.7,26.7,2.3
,"Virginia","51","2020","2020","Urinary Bladder, invasive and in situ","29010","60-64 years ","60-64","Black or African American","2054-5",27,107509,25.1,16.6,36.5,4.8
,"Virginia","51","2020","2020","Urinary Bladder, invasive and in situ","29010","60-64 years ","60-64","White","2106-3",152,399650,38.0,32.2,44.6,3.1
,"Virginia","51","2020","2020","Urinary Bladder, invasive and in situ","29010","65-69 years","65-69","Black or African American","2054-5",31,84040,36.9,25.1,52.4,6.6
,"Virginia","51","2020","2020","Urinary Bladder, invasive and in situ","29010","65-69 years","65-69","White","2106-3",217,341621,63.5,55.3,72.6,4.3
,"Virginia","51","2020","2020","Urinary Bladder, invasive and in situ","29010","70-74 years","70-74","Black or African American","2054-5",33,60360,54.7,37.6,76.8,9.5
,"Virginia","51","2020","2020","Urinary Bladder, invasive and in situ","29010","70-74 years","70-74","White","2106-3",274,291149,94.1,83.3,105.9,5.7
,"Virginia","51","2020","2020","Urinary Bladder, invasive and in situ","29010","75-79 years","75-79","Black or African American","2054-5",26,37184,69.9,45.7,102.5,13.7
,"Virginia","51","2020","2020","Urinary Bladder, invasive and in situ","29010","75-79 years","75-79","White","2106-3",259,196793,131.6,116.1,148.7,8.2
,"Virginia","51","2020","2020","Urinary Bladder, invasive and in situ","29010","80-84 years","80-84","White","2106-3",195,121227,160.9,139.1,185.1,11.5
,"Virginia","51","2020","2020","Urinary Bladder, invasive and in situ","29010","85+ years","85+","Black or African American","2054-5",18,20890,86.2,51.1,136.2,20.3
,"Virginia","51","2020","2020","Urinary Bladder, invasive and in situ","29010","85+ years","85+","White","2106-3",222,115856,191.6,167.2,218.6,12.9
,"Washington","53","2020","2020","Breast","26000","25-29 years","25-29","White","2106-3",23,439646,5.2,3.3,7.8,1.1
,"Washington","53","2020","2020","Breast","26000","30-34 years","30-34","White","2106-3",60,456116,13.2,10.0,16.9,1.7
,"Washington","53","2020","2020","Breast","26000","35-39 years","35-39","Asian or Pacific Islander","A-PI",32,81260,39.4,26.9,55.6,7.0
,"Washington","53","2020","2020","Breast","26000","35-39 years","35-39","White","2106-3",142,443259,32.0,27.0,37.8,2.7
,"Washington","53","2020","2020","Breast","26000","40-44 years","40-44","Asian or Pacific Islander","A-PI",45,66097,68.1,49.7,91.1,10.1
,"Washington","53","2020","2020","Breast","26000","40-44 years","40-44","Black or African American","2054-5",16,28194,56.7,32.4,92.2,14.2
,"Washington","53","2020","2020","Breast","26000","40-44 years","40-44","White","2106-3",234,396679,59.0,51.7,67.1,3.9
,"Washington","53","2020","2020","Breast","26000","45-49 years","45-49","Asian or Pacific Islander","A-PI",76,60041,126.6,99.7,158.4,14.5
,"Washington","53","2020","2020","Breast","26000","45-49 years","45-49","Black or African American","2054-5",18,23878,75.4,44.7,119.1,17.8
,"Washington","53","2020","2020","Breast","26000","45-49 years","45-49","White","2106-3",380,373379,101.8,91.8,112.5,5.2
,"Washington","53","2020","2020","Breast","26000","50-54 years","50-54","Asian or Pacific Islander","A-PI",65,51664,125.8,97.1,160.4,15.6
,"Washington","53","2020","2020","Breast","26000","50-54 years","50-54","Black or African American","2054-5",21,21874,96.0,59.4,146.8,20.9
,"Washington","53","2020","2020","Breast","26000","50-54 years","50-54","White","2106-3",426,385475,110.5,100.3,121.5,5.4
,"Washington","53","2020","2020","Breast","26000","55-59 years","55-59","American Indian or Alaska Native","1002-5",16,9034,177.1,101.2,287.6,44.3
,"Washington","53","2020","2020","Breast","26000","55-59 years","55-59","Asian or Pacific Islander","A-PI",51,45710,111.6,83.1,146.7,15.6
,"Washington","53","2020","2020","Breast","26000","55-59 years","55-59","Black or African American","2054-5",23,20453,112.5,71.3,168.7,23.4
,"Washington","53","2020","2020","Breast","26000","55-59 years","55-59","White","2106-3",519,412665,125.8,115.2,137.1,5.5
,"Washington","53","2020","2020","Breast","26000","60-64 years ","60-64","American Indian or Alaska Native","1002-5",22,8109,271.3,170.0,410.8,57.8
,"Washington","53","2020","2020","Breast","26000","60-64 years ","60-64","Asian or Pacific Islander","A-PI",52,40572,128.2,95.7,168.1,17.8
,"Washington","53","2020","2020","Breast","26000","60-64 years ","60-64","White","2106-3",674,410371,164.2,152.1,177.1,6.3
,"Washington","53","2020","2020","Breast","26000","65-69 years","65-69","Asian or Pacific Islander","A-PI",54,33499,161.2,121.1,210.3,21.9
,"Washington","53","2020","2020","Breast","26000","65-69 years","65-69","White","2106-3",809,368338,219.6,204.8,235.3,7.7
,"Washington","53","2020","2020","Breast","26000","70-74 years","70-74","Asian or Pacific Islander","A-PI",46,25191,182.6,133.7,243.6,26.9
,"Washington","53","2020","2020","Breast","26000","70-74 years","70-74","Black or African American","2054-5",16,8155,196.2,112.1,318.6,49.0
,"Washington","53","2020","2020","Breast","26000","70-74 years","70-74","White","2106-3",801,297373,269.4,251.0,288.7,9.5
,"Washington","53","2020","2020","Breast","26000","75-79 years","75-79","Asian or Pacific Islander","A-PI",28,15110,185.3,123.1,267.8,35.0
,"Washington","53","2020","2020","Breast","26000","75-79 years","75-79","White","2106-3",532,191111,278.4,255.2,303.1,12.1
,"Washington","53","2020","2020","Breast","26000","80-84 years","80-84","Asian or Pacific Islander","A-PI",17,9826,173.0,100.8,277.0,42.0
,"Washington","53","2020","2020","Breast","26000","80-84 years","80-84","White","2106-3",320,112823,283.6,253.4,316.5,15.9
,"Washington","53","2020","2020","Breast","26000","85+ years","85+","White","2106-3",258,111163,232.1,204.6,262.2,14.4
,"Washington","53","2020","2020","Kidney and Renal Pelvis","29020","35-39 years","35-39","White","2106-3",19,443259,4.3,2.6,6.7,1.0
,"Washington","53","2020","2020","Kidney and Renal Pelvis","29020","40-44 years","40-44","White","2106-3",36,396679,9.1,6.4,12.6,1.5
,"Washington","53","2020","2020","Kidney and Renal Pelvis","29020","45-49 years","45-49","White","2106-3",63,373379,16.9,13.0,21.6,2.1
,"Washington","53","2020","2020","Kidney and Renal Pelvis","29020","50-54 years","50-54","White","2106-3",76,385475,19.7,15.5,24.7,2.3
,"Washington","53","2020","2020","Kidney and Renal Pelvis","29020","55-59 years","55-59","White","2106-3",111,412665,26.9,22.1,32.4,2.6
,"Washington","53","2020","2020","Kidney and Renal Pelvis","29020","60-64 years ","60-64","White","2106-3",178,410371,43.4,37.2,50.2,3.3
,"Washington","53","2020","2020","Kidney and Renal Pelvis","29020","65-69 years","65-69","White","2106-3",215,368338,58.4,50.8,66.7,4.0
,"Washington","53","2020","2020","Kidney and Renal Pelvis","29020","70-74 years","70-74","White","2106-3",182,297373,61.2,52.6,70.8,4.5
,"Washington","53","2020","2020","Kidney and Renal Pelvis","29020","75-79 years","75-79","White","2106-3",127,191111,66.5,55.4,79.1,5.9
,"Washington","53","2020","2020","Kidney and Renal Pelvis","29020","80-84 years","80-84","White","2106-3",71,112823,62.9,49.1,79.4,7.5
,"Washington","53","2020","2020","Kidney and Renal Pelvis","29020","85+ years","85+","White","2106-3",72,111163,64.8,50.7,81.6,7.6
,"Washington","53","2020","2020","Liver","21071","50-54 years","50-54","White","2106-3",16,385475,4.2,2.4,6.7,1.0
,"Washington","53","2020","2020","Liver","21071","55-59 years","55-59","White","2106-3",48,412665,11.6,8.6,15.4,1.7
,"Washington","53","2020","2020","Liver","21071","60-64 years ","60-64","White","2106-3",87,410371,21.2,17.0,26.2,2.3
,"Washington","53","2020","2020","Liver","21071","65-69 years","65-69","White","2106-3",125,368338,33.9,28.2,40.4,3.0
,"Washington","53","2020","2020","Liver","21071","70-74 years","70-74","White","2106-3",92,297373,30.9,24.9,37.9,3.2
,"Washington","53","2020","2020","Liver","21071","75-79 years","75-79","White","2106-3",57,191111,29.8,22.6,38.6,4.0
,"Washington","53","2020","2020","Liver","21071","80-84 years","80-84","White","2106-3",41,112823,36.3,26.1,49.3,5.7
,"Washington","53","2020","2020","Liver","21071","85+ years","85+","White","2106-3",32,111163,28.8,19.7,40.6,5.1
,"Washington","53","2020","2020","Lung and Bronchus","22030","45-49 years","45-49","White","2106-3",26,373379,7.0,4.5,10.2,1.4
,"Washington","53","2020","2020","Lung and Bronchus","22030","50-54 years","50-54","White","2106-3",91,385475,23.6,19.0,29.0,2.5
,"Washington","53","2020","2020","Lung and Bronchus","22030","55-59 years","55-59","Asian or Pacific Islander","A-PI",22,45710,48.1,30.2,72.9,10.3
,"Washington","53","2020","2020","Lung and Bronchus","22030","55-59 years","55-59","White","2106-3",271,412665,65.7,58.1,74.0,4.0
,"Washington","53","2020","2020","Lung and Bronchus","22030","60-64 years ","60-64","Asian or Pacific Islander","A-PI",25,40572,61.6,39.9,91.0,12.3
,"Washington","53","2020","2020","Lung and Bronchus","22030","60-64 years ","60-64","Black or African American","2054-5",17,17842,95.3,55.5,152.6,23.1
,"Washington","53","2020","2020","Lung and Bronchus","22030","60-64 years ","60-64","White","2106-3",498,410371,121.4,110.9,132.5,5.4
,"Washington","53","2020","2020","Lung and Bronchus","22030","65-69 years","65-69","Asian or Pacific Islander","A-PI",43,33499,128.4,92.9,172.9,19.6
,"Washington","53","2020","2020","Lung and Bronchus","22030","65-69 years","65-69","Black or African American","2054-5",37,12565,294.5,207.3,405.9,48.4
,"Washington","53","2020","2020","Lung and Bronchus","22030","65-69 years","65-69","White","2106-3",674,368338,183.0,169.4,197.3,7.0
,"Washington","53","2020","2020","Lung and Bronchus","22030","70-74 years","70-74","American Indian or Alaska Native","1002-5",18,4354,413.4,245.0,653.4,97.4
,"Washington","53","2020","2020","Lung and Bronchus","22030","70-74 years","70-74","Asian or Pacific Islander","A-PI",35,25191,138.9,96.8,193.2,23.5
,"Washington","53","2020","2020","Lung and Bronchus","22030","70-74 years","70-74","Black or African American","2054-5",20,8155,245.2,149.8,378.8,54.8
,"Washington","53","2020","2020","Lung and Bronchus","22030","70-74 years","70-74","White","2106-3",718,297373,241.4,224.1,259.8,9.0
,"Washington","53","2020","2020","Lung and Bronchus","22030","75-79 years","75-79","Asian or Pacific Islander","A-PI",38,15110,251.5,178.0,345.2,40.8
,"Washington","53","2020","2020","Lung and Bronchus","22030","75-79 years","75-79","Black or African American","2054-5",23,4428,519.4,329.3,779.4,108.3
,"Washington","53","2020","2020","Lung and Bronchus","22030","75-79 years","75-79","White","2106-3",668,191111,349.5,323.5,377.1,13.5
,"Washington","53","2020","2020","Lung and Bronchus","22030","80-84 years","80-84","Asian or Pacific Islander","A-PI",29,9826,295.1,197.7,423.9,54.8
,"Washington","53","2020","2020","Lung and Bronchus","22030","80-84 years","80-84","White","2106-3",425,112823,376.7,341.7,414.3,18.3
,"Washington","53","2020","2020","Lung and Bronchus","22030","85+ years","85+","Asian or Pacific Islander","A-PI",24,9654,248.6,159.3,369.9,50.7
,"Washington","53","2020","2020","Lung and Bronchus","22030","85+ years","85+","White","2106-3",358,111163,322.0,289.5,357.2,17.0
,"Washington","53","2020","2020","Prostate","28010","45-49 years","45-49","White","2106-3",24,192054,12.5,8.0,18.6,2.6
,"Washington","53","2020","2020","Prostate","28010","50-54 years","50-54","Black or African American","2054-5",24,12423,193.2,123.8,287.5,39.4
,"Washington","53","2020","2020","Prostate","28010","50-54 years","50-54","White","2106-3",138,197621,69.8,58.7,82.5,5.9
,"Washington","53","2020","2020","Prostate","28010","55-59 years","55-59","Asian or Pacific Islander","A-PI",19,20463,92.9,55.9,145.0,21.3
,"Washington","53","2020","2020","Prostate","28010","55-59 years","55-59","Black or African American","2054-5",43,11351,378.8,274.2,510.3,57.8
,"Washington","53","2020","2020","Prostate","28010","55-59 years","55-59","White","2106-3",333,207845,160.2,143.5,178.4,8.8
,"Washington","53","2020","2020","Prostate","28010","60-64 years ","60-64","Asian or Pacific Islander","A-PI",31,17929,172.9,117.5,245.4,31.1
,"Washington","53","2020","2020","Prostate","28010","60-64 years ","60-64","Black or African American","2054-5",81,9800,826.5,656.4,1027.3,91.8
,"Washington","53","2020","2020","Prostate","28010","60-64 years ","60-64","White","2106-3",699,203516,343.5,318.5,369.9,13.0
,"Washington","53","2020","2020","Prostate","28010","60-64 years ","60-64","Other Races and Unknown combined","2131-1",25,Not Applicable,Not Applicable,Not Applicable,Not Applicable,Not Applicable
,"Washington","53","2020","2020","Prostate","28010","65-69 years","65-69","Asian or Pacific Islander","A-PI",44,14139,311.2,226.1,417.8,46.9
,"Washington","53","2020","2020","Prostate","28010","65-69 years","65-69","Black or African American","2054-5",61,6627,920.5,704.1,1182.4,117.9
,"Washington","53","2020","2020","Prostate","28010","65-69 years","65-69","White","2106-3",967,178293,542.4,508.7,577.7,17.4
,"Washington","53","2020","2020","Prostate","28010","65-69 years","65-69","Other Races and Unknown combined","2131-1",32,Not Applicable,Not Applicable,Not Applicable,Not Applicable,Not Applicable
,"Washington","53","2020","2020","Prostate","28010","70-74 years","70-74","Asian or Pacific Islander","A-PI",50,10629,470.4,349.1,620.2,66.5
,"Washington","53","2020","2020","Prostate","28010","70-74 years","70-74","Black or African American","2054-5",30,3988,752.3,507.5,1073.9,137.3
,"Washington","53","2020","2020","Prostate","28010","70-74 years","70-74","White","2106-3",800,142328,562.1,523.8,602.4,19.9
,"Washington","53","2020","2020","Prostate","28010","70-74 years","70-74","Other Races and Unknown combined","2131-1",29,Not Applicable,Not Applicable,Not Applicable,Not Applicable,Not Applicable
,"Washington","53","2020","2020","Prostate","28010","75-79 years","75-79","Asian or Pacific Islander","A-PI",21,6391,328.6,203.4,502.3,71.7
,"Washington","53","2020","2020","Prostate","28010","75-79 years","75-79","White","2106-3",511,89717,569.6,521.2,621.2,25.2
,"Washington","53","2020","2020","Prostate","28010","75-79 years","75-79","Other Races and Unknown combined","2131-1",19,Not Applicable,Not Applicable,Not Applicable,Not Applicable,Not Applicable
,"Washington","53","2020","2020","Prostate","28010","80-84 years","80-84","White","2106-3",255,50418,505.8,445.6,571.8,31.7
,"Washington","53","2020","2020","Prostate","28010","85+ years","85+","White","2106-3",187,41302,452.8,390.2,522.5,33.1
,"Washington","53","2020","2020","Urinary Bladder, invasive and in situ","29010","45-49 years","45-49","White","2106-3",29,373379,7.8,5.2,11.2,1.4
,"Washington","53","2020","2020","Urinary Bladder, invasive and in situ","29010","50-54 years","50-54","White","2106-3",30,385475,7.8,5.3,11.1,1.4
,"Washington","53","2020","2020","Urinary Bladder, invasive and in situ","29010","55-59 years","55-59","White","2106-3",95,412665,23.0,18.6,28.1,2.4
,"Washington","53","2020","2020","Urinary Bladder, invasive and in situ","29010","60-64 years ","60-64","White","2106-3",171,410371,41.7,35.7,48.4,3.2
,"Washington","53","2020","2020","Urinary Bladder, invasive and in situ","29010","65-69 years","65-69","White","2106-3",241,368338,65.4,57.4,74.2,4.2
,"Washington","53","2020","2020","Urinary Bladder, invasive and in situ","29010","70-74 years","70-74","White","2106-3",308,297373,103.6,92.3,115.8,5.9
,"Washington","53","2020","2020","Urinary Bladder, invasive and in situ","29010","75-79 years","75-79","White","2106-3",301,191111,157.5,140.2,176.3,9.1
,"Washington","53","2020","2020","Urinary Bladder, invasive and in situ","29010","80-84 years","80-84","White","2106-3",235,112823,208.3,182.5,236.7,13.6
,"Washington","53","2020","2020","Urinary Bladder, invasive and in situ","29010","85+ years","85+","White","2106-3",210,111163,188.9,164.2,216.3,13.0
,"West Virginia","54","2020","2020","Breast","26000","35-39 years","35-39","White","2106-3",23,98704,23.3,14.8,35.0,4.9
,"West Virginia","54","2020","2020","Breast","26000","40-44 years","40-44","White","2106-3",54,103848,52.0,39.1,67.8,7.1
,"West Virginia","54","2020","2020","Breast","26000","45-49 years","45-49","White","2106-3",87,107414,81.0,64.9,99.9,8.7
,"West Virginia","54","2020","2020","Breast","26000","50-54 years","50-54","White","2106-3",93,110193,84.4,68.1,103.4,8.8
,"West Virginia","54","2020","2020","Breast","26000","55-59 years","55-59","White","2106-3",164,118690,138.2,117.8,161.0,10.8
,"West Virginia","54","2020","2020","Breast","26000","60-64 years ","60-64","White","2106-3",205,122948,166.7,144.7,191.2,11.6
,"West Virginia","54","2020","2020","Breast","26000","65-69 years","65-69","White","2106-3",246,114939,214.0,188.1,242.5,13.6
,"West Virginia","54","2020","2020","Breast","26000","70-74 years","70-74","White","2106-3",225,98112,229.3,200.3,261.3,15.3
,"West Virginia","54","2020","2020","Breast","26000","75-79 years","75-79","White","2106-3",148,62402,237.2,200.5,278.6,19.5
,"West Virginia","54","2020","2020","Breast","26000","80-84 years","80-84","White","2106-3",83,40633,204.3,162.7,253.2,22.4
,"West Virginia","54","2020","2020","Breast","26000","85+ years","85+","White","2106-3",73,35653,204.8,160.5,257.4,24.0
,"West Virginia","54","2020","2020","Kidney and Renal Pelvis","29020","40-44 years","40-44","White","2106-3",21,103848,20.2,12.5,30.9,4.4
,"West Virginia","54","2020","2020","Kidney and Renal Pelvis","29020","45-49 years","45-49","White","2106-3",27,107414,25.1,16.6,36.6,4.8
,"West Virginia","54","2020","2020","Kidney and Renal Pelvis","29020","50-54 years","50-54","White","2106-3",41,110193,37.2,26.7,50.5,5.8
,"West Virginia","54","2020","2020","Kidney and Renal Pelvis","29020","55-59 years","55-59","White","2106-3",49,118690,41.3,30.5,54.6,5.9
,"West Virginia","54","2020","2020","Kidney and Renal Pelvis","29020","60-64 years ","60-64","White","2106-3",79,122948,64.3,50.9,80.1,7.2
,"West Virginia","54","2020","2020","Kidney and Renal Pelvis","29020","65-69 years","65-69","White","2106-3",70,114939,60.9,47.5,76.9,7.3
,"West Virginia","54","2020","2020","Kidney and Renal Pelvis","29020","70-74 years","70-74","White","2106-3",76,98112,77.5,61.0,97.0,8.9
,"West Virginia","54","2020","2020","Kidney and Renal Pelvis","29020","75-79 years","75-79","White","2106-3",53,62402,84.9,63.6,111.1,11.7
,"West Virginia","54","2020","2020","Kidney and Renal Pelvis","29020","80-84 years","80-84","White","2106-3",27,40633,66.4,43.8,96.7,12.8
,"West Virginia","54","2020","2020","Kidney and Renal Pelvis","29020","85+ years","85+","White","2106-3",22,35653,61.7,38.7,93.4,13.2
,"West Virginia","54","2020","2020","Liver","21071","55-59 years","55-59","White","2106-3",20,118690,16.9,10.3,26.0,3.8
,"West Virginia","54","2020","2020","Liver","21071","60-64 years ","60-64","White","2106-3",28,122948,22.8,15.1,32.9,4.3
,"West Virginia","54","2020","2020","Liver","21071","65-69 years","65-69","White","2106-3",41,114939,35.7,25.6,48.4,5.6
,"West Virginia","54","2020","2020","Liver","21071","70-74 years","70-74","White","2106-3",30,98112,30.6,20.6,43.7,5.6
,"West Virginia","54","2020","2020","Liver","21071","75-79 years","75-79","White","2106-3",19,62402,30.4,18.3,47.5,7.0
,"West Virginia","54","2020","2020","Lung and Bronchus","22030","45-49 years","45-49","White","2106-3",28,107414,26.1,17.3,37.7,4.9
,"West Virginia","54","2020","2020","Lung and Bronchus","22030","50-54 years","50-54","White","2106-3",81,110193,73.5,58.4,91.4,8.2
,"West Virginia","54","2020","2020","Lung and Bronchus","22030","55-59 years","55-59","White","2106-3",177,118690,149.1,128.0,172.8,11.2
,"West Virginia","54","2020","2020","Lung and Bronchus","22030","60-64 years ","60-64","White","2106-3",283,122948,230.2,204.1,258.6,13.7
,"West Virginia","54","2020","2020","Lung and Bronchus","22030","65-69 years","65-69","White","2106-3",341,114939,296.7,266.0,329.9,16.1
,"West Virginia","54","2020","2020","Lung and Bronchus","22030","70-74 years","70-74","White","2106-3",394,98112,401.6,362.9,443.3,20.2
,"West Virginia","54","2020","2020","Lung and Bronchus","22030","75-79 years","75-79","White","2106-3",264,62402,423.1,373.6,477.3,26.0
,"West Virginia","54","2020","2020","Lung and Bronchus","22030","80-84 years","80-84","White","2106-3",169,40633,415.9,355.6,483.6,32.0
,"West Virginia","54","2020","2020","Lung and Bronchus","22030","85+ years","85+","White","2106-3",111,35653,311.3,256.1,374.9,29.6
,"West Virginia","54","2020","2020","Prostate","28010","45-49 years","45-49","White","2106-3",16,54582,29.3,16.8,47.6,7.3
,"West Virginia","54","2020","2020","Prostate","28010","50-54 years","50-54","White","2106-3",43,55745,77.1,55.8,103.9,11.8
,"West Virginia","54","2020","2020","Prostate","28010","55-59 years","55-59","White","2106-3",101,58607,172.3,140.4,209.4,17.1
,"West Virginia","54","2020","2020","Prostate","28010","60-64 years ","60-64","White","2106-3",182,60170,302.5,260.1,349.8,22.4
,"West Virginia","54","2020","2020","Prostate","28010","65-69 years","65-69","White","2106-3",267,55453,481.5,425.5,542.8,29.5
,"West Virginia","54","2020","2020","Prostate","28010","70-74 years","70-74","White","2106-3",228,47097,484.1,423.3,551.2,32.1
,"West Virginia","54","2020","2020","Prostate","28010","75-79 years","75-79","White","2106-3",149,29069,512.6,433.6,601.8,42.0
,"West Virginia","54","2020","2020","Prostate","28010","80-84 years","80-84","White","2106-3",79,17637,447.9,354.6,558.2,50.4
,"West Virginia","54","2020","2020","Prostate","28010","85+ years","85+","White","2106-3",55,12788,430.1,324.0,559.8,58.0
,"West Virginia","54","2020","2020","Urinary Bladder, invasive and in situ","29010","50-54 years","50-54","White","2106-3",23,110193,20.9,13.2,31.3,4.4
,"West Virginia","54","2020","2020","Urinary Bladder, invasive and in situ","29010","55-59 years","55-59","White","2106-3",39,118690,32.9,23.4,44.9,5.3
,"West Virginia","54","2020","2020","Urinary Bladder, invasive and in situ","29010","60-64 years ","60-64","White","2106-3",66,122948,53.7,41.5,68.3,6.6
,"West Virginia","54","2020","2020","Urinary Bladder, invasive and in situ","29010","65-69 years","65-69","White","2106-3",87,114939,75.7,60.6,93.4,8.1
,"West Virginia","54","2020","2020","Urinary Bladder, invasive and in situ","29010","70-74 years","70-74","White","2106-3",99,98112,100.9,82.0,122.8,10.1
,"West Virginia","54","2020","2020","Urinary Bladder, invasive and in situ","29010","75-79 years","75-79","White","2106-3",83,62402,133.0,105.9,164.9,14.6
,"West Virginia","54","2020","2020","Urinary Bladder, invasive and in situ","29010","80-84 years","80-84","White","2106-3",64,40633,157.5,121.3,201.1,19.7
,"West Virginia","54","2020","2020","Urinary Bladder, invasive and in situ","29010","85+ years","85+","White","2106-3",59,35653,165.5,126.0,213.5,21.5
,"Wisconsin","55","2020","2020","Breast","26000","30-34 years","30-34","White","2106-3",53,305797,17.3,13.0,22.7,2.4
,"Wisconsin","55","2020","2020","Breast","26000","35-39 years","35-39","White","2106-3",113,330365,34.2,28.2,41.1,3.2
,"Wisconsin","55","2020","2020","Breast","26000","40-44 years","40-44","Black or African American","2054-5",19,24737,76.8,46.2,119.9,17.6
,"Wisconsin","55","2020","2020","Breast","26000","40-44 years","40-44","White","2106-3",205,313158,65.5,56.8,75.1,4.6
,"Wisconsin","55","2020","2020","Breast","26000","45-49 years","45-49","Black or African American","2054-5",28,22723,123.2,81.9,178.1,23.3
,"Wisconsin","55","2020","2020","Breast","26000","45-49 years","45-49","White","2106-3",301,303592,99.1,88.3,111.0,5.7
,"Wisconsin","55","2020","2020","Breast","26000","50-54 years","50-54","Black or African American","2054-5",22,21292,103.3,64.8,156.4,22.0
,"Wisconsin","55","2020","2020","Breast","26000","50-54 years","50-54","White","2106-3",408,338162,120.7,109.2,132.9,6.0
,"Wisconsin","55","2020","2020","Breast","26000","55-59 years","55-59","Black or African American","2054-5",40,20424,195.8,139.9,266.7,31.0
,"Wisconsin","55","2020","2020","Breast","26000","55-59 years","55-59","White","2106-3",492,391445,125.7,114.8,137.3,5.7
,"Wisconsin","55","2020","2020","Breast","26000","60-64 years ","60-64","Black or African American","2054-5",37,17786,208.0,146.5,286.7,34.2
,"Wisconsin","55","2020","2020","Breast","26000","60-64 years ","60-64","White","2106-3",590,384561,153.4,141.3,166.3,6.3
,"Wisconsin","55","2020","2020","Breast","26000","65-69 years","65-69","Black or African American","2054-5",30,13230,226.8,153.0,323.7,41.4
,"Wisconsin","55","2020","2020","Breast","26000","65-69 years","65-69","White","2106-3",662,332022,199.4,184.5,215.2,7.7
,"Wisconsin","55","2020","2020","Breast","26000","70-74 years","70-74","Black or African American","2054-5",20,9000,222.2,135.7,343.2,49.7
,"Wisconsin","55","2020","2020","Breast","26000","70-74 years","70-74","White","2106-3",602,257202,234.1,215.7,253.5,9.5
,"Wisconsin","55","2020","2020","Breast","26000","75-79 years","75-79","Black or African American","2054-5",18,5166,348.4,206.5,550.7,82.1
,"Wisconsin","55","2020","2020","Breast","26000","75-79 years","75-79","White","2106-3",451,168098,268.3,244.1,294.2,12.6
,"Wisconsin","55","2020","2020","Breast","26000","80-84 years","80-84","White","2106-3",274,109918,249.3,220.6,280.6,15.1
,"Wisconsin","55","2020","2020","Breast","26000","85+ years","85+","White","2106-3",234,113251,206.6,181.0,234.9,13.5
,"Wisconsin","55","2020","2020","Kidney and Renal Pelvis","29020","35-39 years","35-39","White","2106-3",19,330365,5.8,3.5,9.0,1.3
,"Wisconsin","55","2020","2020","Kidney and Renal Pelvis","29020","40-44 years","40-44","White","2106-3",32,313158,10.2,7.0,14.4,1.8
,"Wisconsin","55","2020","2020","Kidney and Renal Pelvis","29020","45-49 years","45-49","White","2106-3",56,303592,18.4,13.9,24.0,2.5
,"Wisconsin","55","2020","2020","Kidney and Renal Pelvis","29020","50-54 years","50-54","White","2106-3",76,338162,22.5,17.7,28.1,2.6
,"Wisconsin","55","2020","2020","Kidney and Renal Pelvis","29020","55-59 years","55-59","White","2106-3",135,391445,34.5,28.9,40.8,3.0
,"Wisconsin","55","2020","2020","Kidney and Renal Pelvis","29020","60-64 years ","60-64","White","2106-3",205,384561,53.3,46.3,61.1,3.7
,"Wisconsin","55","2020","2020","Kidney and Renal Pelvis","29020","65-69 years","65-69","White","2106-3",194,332022,58.4,50.5,67.3,4.2
,"Wisconsin","55","2020","2020","Kidney and Renal Pelvis","29020","70-74 years","70-74","White","2106-3",195,257202,75.8,65.5,87.2,5.4
,"Wisconsin","55","2020","2020","Kidney and Renal Pelvis","29020","75-79 years","75-79","White","2106-3",160,168098,95.2,81.0,111.1,7.5
,"Wisconsin","55","2020","2020","Kidney and Renal Pelvis","29020","80-84 years","80-84","White","2106-3",93,109918,84.6,68.3,103.7,8.8
,"Wisconsin","55","2020","2020","Kidney and Renal Pelvis","29020","85+ years","85+","White","2106-3",96,113251,84.8,68.7,103.5,8.7
,"Wisconsin","55","2020","2020","Liver","21071","55-59 years","55-59","White","2106-3",30,391445,7.7,5.2,10.9,1.4
,"Wisconsin","55","2020","2020","Liver","21071","60-64 years ","60-64","White","2106-3",74,384561,19.2,15.1,24.2,2.2
,"Wisconsin","55","2020","2020","Liver","21071","65-69 years","65-69","White","2106-3",91,332022,27.4,22.1,33.7,2.9
,"Wisconsin","55","2020","2020","Liver","21071","70-74 years","70-74","White","2106-3",64,257202,24.9,19.2,31.8,3.1
,"Wisconsin","55","2020","2020","Liver","21071","75-79 years","75-79","White","2106-3",34,168098,20.2,14.0,28.3,3.5
,"Wisconsin","55","2020","2020","Liver","21071","80-84 years","80-84","White","2106-3",26,109918,23.7,15.5,34.7,4.6
,"Wisconsin","55","2020","2020","Liver","21071","85+ years","85+","White","2106-3",24,113251,21.2,13.6,31.5,4.3
,"Wisconsin","55","2020","2020","Lung and Bronchus","22030","45-49 years","45-49","White","2106-3",46,303592,15.2,11.1,20.2,2.2
,"Wisconsin","55","2020","2020","Lung and Bronchus","22030","50-54 years","50-54","White","2106-3",122,338162,36.1,30.0,43.1,3.3
,"Wisconsin","55","2020","2020","Lung and Bronchus","22030","55-59 years","55-59","Black or African American","2054-5",38,20424,186.1,131.7,255.4,30.2
,"Wisconsin","55","2020","2020","Lung and Bronchus","22030","55-59 years","55-59","White","2106-3",318,391445,81.2,72.6,90.7,4.6
,"Wisconsin","55","2020","2020","Lung and Bronchus","22030","60-64 years ","60-64","Black or African American","2054-5",42,17786,236.1,170.2,319.2,36.4
,"Wisconsin","55","2020","2020","Lung and Bronchus","22030","60-64 years ","60-64","White","2106-3",544,384561,141.5,129.8,153.9,6.1
,"Wisconsin","55","2020","2020","Lung and Bronchus","22030","65-69 years","65-69","Black or African American","2054-5",41,13230,309.9,222.4,420.4,48.4
,"Wisconsin","55","2020","2020","Lung and Bronchus","22030","65-69 years","65-69","White","2106-3",657,332022,197.9,183.0,213.6,7.7
,"Wisconsin","55","2020","2020","Lung and Bronchus","22030","70-74 years","70-74","Black or African American","2054-5",35,9000,388.9,270.9,540.9,65.7
,"Wisconsin","55","2020","2020","Lung and Bronchus","22030","70-74 years","70-74","White","2106-3",723,257202,281.1,261.0,302.4,10.5
,"Wisconsin","55","2020","2020","Lung and Bronchus","22030","75-79 years","75-79","Black or African American","2054-5",19,5166,367.8,221.4,574.3,84.4
,"Wisconsin","55","2020","2020","Lung and Bronchus","22030","75-79 years","75-79","White","2106-3",642,168098,381.9,352.9,412.6,15.1
,"Wisconsin","55","2020","2020","Lung and Bronchus","22030","80-84 years","80-84","Black or African American","2054-5",19,3376,562.8,338.8,878.9,129.1
,"Wisconsin","55","2020","2020","Lung and Bronchus","22030","80-84 years","80-84","White","2106-3",463,109918,421.2,383.7,461.4,19.6
,"Wisconsin","55","2020","2020","Lung and Bronchus","22030","85+ years","85+","White","2106-3",338,113251,298.5,267.5,332.0,16.2
,"Wisconsin","55","2020","2020","Prostate","28010","45-49 years","45-49","White","2106-3",29,155395,18.7,12.5,26.8,3.5
,"Wisconsin","55","2020","2020","Prostate","28010","50-54 years","50-54","Black or African American","2054-5",24,10477,229.1,146.8,340.8,46.8
,"Wisconsin","55","2020","2020","Prostate","28010","50-54 years","50-54","White","2106-3",167,172271,96.9,82.8,112.8,7.5
,"Wisconsin","55","2020","2020","Prostate","28010","55-59 years","55-59","Black or African American","2054-5",44,9605,458.1,332.9,615.0,69.1
,"Wisconsin","55","2020","2020","Prostate","28010","55-59 years","55-59","White","2106-3",435,196699,221.2,200.9,242.9,10.6
,"Wisconsin","55","2020","2020","Prostate","28010","60-64 years ","60-64","Black or African American","2054-5",59,8280,712.6,542.4,919.2,92.8
,"Wisconsin","55","2020","2020","Prostate","28010","60-64 years ","60-64","White","2106-3",772,192951,400.1,372.4,429.3,14.4
,"Wisconsin","55","2020","2020","Prostate","28010","65-69 years","65-69","Black or African American","2054-5",69,5893,1170.9,911.0,1481.8,141.0
,"Wisconsin","55","2020","2020","Prostate","28010","65-69 years","65-69","White","2106-3",1049,165058,635.5,597.7,675.2,19.6
,"Wisconsin","55","2020","2020","Prostate","28010","70-74 years","70-74","Black or African American","2054-5",38,3934,965.9,683.6,1325.8,156.7
,"Wisconsin","55","2020","2020","Prostate","28010","70-74 years","70-74","White","2106-3",772,125467,615.3,572.7,660.3,22.1
,"Wisconsin","55","2020","2020","Prostate","28010","75-79 years","75-79","White","2106-3",480,78348,612.7,559.1,670.0,28.0
,"Wisconsin","55","2020","2020","Prostate","28010","80-84 years","80-84","White","2106-3",254,48004,529.1,466.0,598.4,33.2
,"Wisconsin","55","2020","2020","Prostate","28010","85+ years","85+","White","2106-3",189,39926,473.4,408.3,545.9,34.4
,"Wisconsin","55","2020","2020","Urinary Bladder, invasive and in situ","29010","45-49 years","45-49","White","2106-3",25,303592,8.2,5.3,12.2,1.6
,"Wisconsin","55","2020","2020","Urinary Bladder, invasive and in situ","29010","50-54 years","50-54","White","2106-3",34,338162,10.1,7.0,14.0,1.7
,"Wisconsin","55","2020","2020","Urinary Bladder, invasive and in situ","29010","55-59 years","55-59","White","2106-3",89,391445,22.7,18.3,28.0,2.4
,"Wisconsin","55","2020","2020","Urinary Bladder, invasive and in situ","29010","60-64 years ","60-64","White","2106-3",164,384561,42.6,36.4,49.7,3.3
,"Wisconsin","55","2020","2020","Urinary Bladder, invasive and in situ","29010","65-69 years","65-69","White","2106-3",221,332022,66.6,58.1,75.9,4.5
,"Wisconsin","55","2020","2020","Urinary Bladder, invasive and in situ","29010","70-74 years","70-74","White","2106-3",258,257202,100.3,88.4,113.3,6.2
,"Wisconsin","55","2020","2020","Urinary Bladder, invasive and in situ","29010","75-79 years","75-79","White","2106-3",251,168098,149.3,131.4,169.0,9.4
,"Wisconsin","55","2020","2020","Urinary Bladder, invasive and in situ","29010","80-84 years","80-84","White","2106-3",193,109918,175.6,151.7,202.2,12.6
,"Wisconsin","55","2020","2020","Urinary Bladder, invasive and in situ","29010","85+ years","85+","White","2106-3",244,113251,215.5,189.3,244.2,13.8
,"Wyoming","56","2020","2020","Breast","26000","40-44 years","40-44","White","2106-3",24,33924,70.7,45.3,105.3,14.4
,"Wyoming","56","2020","2020","Breast","26000","45-49 years","45-49","White","2106-3",30,30604,98.0,66.1,139.9,17.9
,"Wyoming","56","2020","2020","Breast","26000","50-54 years","50-54","White","2106-3",31,30056,103.1,70.1,146.4,18.5
,"Wyoming","56","2020","2020","Breast","26000","55-59 years","55-59","White","2106-3",39,35385,110.2,78.4,150.7,17.6
,"Wyoming","56","2020","2020","Breast","26000","60-64 years ","60-64","White","2106-3",46,38960,118.1,86.4,157.5,17.4
,"Wyoming","56","2020","2020","Breast","26000","65-69 years","65-69","White","2106-3",65,34644,187.6,144.8,239.1,23.3
,"Wyoming","56","2020","2020","Breast","26000","70-74 years","70-74","White","2106-3",50,26419,189.3,140.5,249.5,26.8
,"Wyoming","56","2020","2020","Breast","26000","75-79 years","75-79","White","2106-3",49,16622,294.8,218.1,389.7,42.1
,"Wyoming","56","2020","2020","Breast","26000","80-84 years","80-84","White","2106-3",31,10221,303.3,206.1,430.5,54.5
,"Wyoming","56","2020","2020","Breast","26000","85+ years","85+","White","2106-3",19,9755,194.8,117.3,304.2,44.7
,"Wyoming","56","2020","2020","Kidney and Renal Pelvis","29020","60-64 years ","60-64","White","2106-3",16,38960,41.1,23.5,66.7,10.3
,"Wyoming","56","2020","2020","Kidney and Renal Pelvis","29020","65-69 years","65-69","White","2106-3",20,34644,57.7,35.3,89.2,12.9
,"Wyoming","56","2020","2020","Kidney and Renal Pelvis","29020","75-79 years","75-79","White","2106-3",18,16622,108.3,64.2,171.1,25.5
,"Wyoming","56","2020","2020","Lung and Bronchus","22030","55-59 years","55-59","White","2106-3",24,35385,67.8,43.5,100.9,13.8
,"Wyoming","56","2020","2020","Lung and Bronchus","22030","60-64 years ","60-64","White","2106-3",47,38960,120.6,88.6,160.4,17.6
,"Wyoming","56","2020","2020","Lung and Bronchus","22030","65-69 years","65-69","White","2106-3",56,34644,161.6,122.1,209.9,21.6
,"Wyoming","56","2020","2020","Lung and Bronchus","22030","70-74 years","70-74","White","2106-3",58,26419,219.5,166.7,283.8,28.8
,"Wyoming","56","2020","2020","Lung and Bronchus","22030","75-79 years","75-79","White","2106-3",38,16622,228.6,161.8,313.8,37.1
,"Wyoming","56","2020","2020","Lung and Bronchus","22030","80-84 years","80-84","White","2106-3",29,10221,283.7,190.0,407.5,52.7
,"Wyoming","56","2020","2020","Lung and Bronchus","22030","85+ years","85+","White","2106-3",20,9755,205.0,125.2,316.6,45.8
,"Wyoming","56","2020","2020","Prostate","28010","55-59 years","55-59","White","2106-3",42,17846,235.3,169.6,318.1,36.3
,"Wyoming","56","2020","2020","Prostate","28010","60-64 years ","60-64","White","2106-3",72,19739,364.8,285.4,459.4,43.0
,"Wyoming","56","2020","2020","Prostate","28010","65-69 years","65-69","White","2106-3",102,17740,575.0,468.8,698.0,56.9
,"Wyoming","56","2020","2020","Prostate","28010","70-74 years","70-74","White","2106-3",101,13440,751.5,612.1,913.1,74.8
,"Wyoming","56","2020","2020","Prostate","28010","75-79 years","75-79","White","2106-3",47,8088,581.1,427.0,772.7,84.8
,"Wyoming","56","2020","2020","Prostate","28010","80-84 years","80-84","White","2106-3",16,4732,338.1,193.3,549.1,84.5
,"Wyoming","56","2020","2020","Urinary Bladder, invasive and in situ","29010","60-64 years ","60-64","White","2106-3",17,38960,43.6,25.4,69.9,10.6
,"Wyoming","56","2020","2020","Urinary Bladder, invasive and in situ","29010","65-69 years","65-69","White","2106-3",23,34644,66.4,42.1,99.6,13.8
,"Wyoming","56","2020","2020","Urinary Bladder, invasive and in situ","29010","70-74 years","70-74","White","2106-3",44,26419,166.5,121.0,223.6,25.1
,"Wyoming","56","2020","2020","Urinary Bladder, invasive and in situ","29010","75-79 years","75-79","White","2106-3",20,16622,120.3,73.5,185.8,26.9
,"Wyoming","56","2020","2020","Urinary Bladder, invasive and in situ","29010","80-84 years","80-84","White","2106-3",20,10221,195.7,119.5,302.2,43.8
"---"
"Dataset: United States and Puerto Rico Cancer Statistics, 1999-2022 Incidence"
"Query Parameters:"
"Leading Cancer Sites: Breast; Kidney and Renal Pelvis; Liver; Lung and Bronchus; Prostate; Urinary Bladder, invasive and in situ"
"Year: 2020"
"Group By: States; Year; Leading Cancer Sites; Age Groups; Race"
"Show Totals: Disabled"
"Show Zero Values: False"
"Show Suppressed: False"
"Calculate Rates Per: 100,000"
"Standard Population: 2000 U.S. Std. Million"
"---"
"Help: See http://wonder.cdc.gov/wonder/help/cancer-v2022.html for more information."
"---"
"Query Date: May 28, 2026 5:44:24 PM"
"---"
"Suggested Citation: United States Cancer Statistics - Incidence: 1999 - 2022, WONDER Online Database. United States Department"
"of Health and Human Services, Centers for Disease Control and Prevention and National Cancer Institute; 2024 submission; 2025"
"release. Accessed at http://wonder.cdc.gov/cancer-v2022.html on May 28, 2026 5:44:24 PM"
"---"
Messages:
"1. Totals are not available for these results due to suppression constraints. More Information:"
"http://wonder.cdc.gov/wonder/help/faq.html#Privacy."
"2. Rows with zero Count are hidden. Use Quick Options above to show zero rows."
"3. Rows with suppressed Count are hidden. Use Quick Options above to show suppressed rows."
"---"
Footnotes:
"1. Data for in situ breast cancers are listed separately and are not included in the ""All Invasive Cancer Sites Combined"" or"
"""Male and Female Breast"" cancer categories."
"---"
Caveats:
"1. Statistics are suppressed to protect personal privacy, for the following conditions: <ol><li> Data are suppressed if the"
"figures represent fewer than 16 cases for the specific category in the table cell. </li><li> Counts and rates are suppressed for"
"cells at the Metropolitan Statistical Area (MSA) level for the race categories ""American Indian or Alaska Native"" or ""Asian"
"or Pacific Islander"" when the specific category's population for rate calculations is less than 50,000 persons. </li><li> Data"
"are suppressed at the state and MSA level for certain race and ethnicity groups: <ul><li> American Indian or Alaska Native data"
"are suppressed at the state and MSA level for residents of Illinois, Kansas, New Jersey, and New York; </li><li> Hispanic Asian"
"or Pacific Islander and Hispanic Black or African American data are suppressed at the state and MSA level for all years and for"
"Non-Hispanic Asian or Pacific Islanders for 1999 for residents of Kansas. </li></ul> </li></ol> States decide whether to"
"suppress data for specific race and ethnicity categories. The suppression criteria may vary in previous releases of these data"
"More information: http://wonder.cdc.gov/wonder/help/cancer-v2022.html#Confidentiality."
"2. 'Not Applicable' is displayed for all data values when sex-specific cancers are combined with the wrong sex. More"
"information: http://wonder.cdc.gov/wonder/help/cancer-v2022.html#Genital Cancers List."
"3. 'Not Applicable' is displayed for Population when it is not available, and for Age Adjusted Rates, Crude Rates, 95%"
"Confidence Interval, and Standard Error when they cannot be calculated due to lack of denominator population."
"4. The ""Show Totals"" checkbox is disabled when data are grouped by Cancer Sites or by Childhood Cancer, because aggregate"
"values are displayed in the table. Also be aware that charts and maps containing both aggregate and detail data could be"
"misleading."
"5. Age-adjusted rates are not available when results are grouped by age."
"6. These states are missing data for the indicated year: Mississippi 1999-2002; South Dakota 1999-2000."
"7. Data are from selected statewide and metropolitan area cancer registries that meet data quality criteria. Incidence data"
"shown for the United States are diagnoses and populations from included registries only."
"8. Information on primary site, behavior, and histology was coded according to the International Classification of Diseases for"
"Oncology, Third Edition (ICD-O-3) and categorized according to the revised SEER recodes dated March 1, 2018, which define"
"standard groupings of primary cancer sites."
"9. For the 2005 year, the Census Bureau estimates that 203,937 persons were displaced from Alabama, Louisiana, Mississippi and"
"Texas due to Hurricanes Katrina and Rita. CDC WONDER does not include the displaced persons in the 2005 population counts for"
"these states, nor are these counts included in the summary populations for the affected division, regions or national"
"population. However, the USCS web site does include these displaced persons in the national population figures for 2005."